after i delete the user and put config in the qemu://sytem my vm now it works here is the log SecCoreStartupWithStack(0xFFFCC000, 0x820000)
Register PPI Notify: DCD0BE23-9586-40F4-B643-06522CED4EDE
Install PPI: 8C8CE578-8A3D-4F1C-9935-896185C32DD3
Install PPI: 5473C07A-3DCB-4DCA-BD6F-1E9689E7349A
The 0th FV[6938079B-B503-4E3D-9D24-B28337A25806] start address is 0x00000830000, size is 0x000D0000, handle is 0x830000
Register PPI Notify: 49EDB1C1-BF21-4761-BB12-EB0031AABB39
Register PPI Notify: EA7CA24B-DED5-4DAD-A389-BF827E8F9B38
Install PPI: B9E0ABFE-5979-4914-977F-6DEE78C278A6
Install PPI: DBE23AA9-A345-4B97-85B6-B226F1617389
Install PPI: 138F9CF4-F0E7-4721-8F49-F5FFECF42D40
Install PPI: 869C711D-649C-44FE-8B9E-2CBB2911C3E6
Register PPI Notify: 605EA650-C65C-42E1-BA80-91A52AB618C6
DiscoverPeimsAndOrderWithApriori(): Found 0x9 PEI FFS files in the 0th FV
Loading PEIM 9B3ADA4F-AE56-4C24-8DEA-F03B7558AE50
Loading PEIM at 0x0000083CAC0 EntryPoint=0x0000083FB5E PcdPeim.efi
Install PPI: 06E81C58-4AD7-44BC-8390-F10265F72480
Install PPI: 01F34D25-4DE2-23AD-3FF3-36353FF323F1
Install PPI: 4D8B155B-C059-4C8F-8926-06FD4331DB8A
Install PPI: A60C6B59-E459-425D-9C69-0BCC9CB27D81
Register PPI Notify: 605EA650-C65C-42E1-BA80-91A52AB618C6
Loading PEIM A3610442-E69F-4DF3-82CA-2360C4031A23
Loading PEIM at 0x00000841640 EntryPoint=0x00000842978 ReportStatusCodeRouterPei.efi
Install PPI: 0065D394-9951-4144-82A3-0AFC8579C251
Install PPI: 229832D3-7A30-4B36-B827-F40CB7D45436
Loading PEIM 9D225237-FA01-464C-A949-BAABC02D31D0
Loading PEIM at 0x000008436C0 EntryPoint=0x000008448B7 StatusCodeHandlerPei.efi
Loading PEIM FCB3A3D6-6274-411C-A548-BD0E717D533A
Loading PEIM at 0x000008455C0 EntryPoint=0x000008472F4 TdTcg2Pei.efi
Loading PEIM 222C386D-5ABC-4FB4-B124-FBB82488ACF4
Loading PEIM at 0x000008489C0 EntryPoint=0x000008550DC PlatformPei.efi
Platform PEIM Loaded
Select Item: 0x0
Select Item: 0x1
QemuFwCfgProbe: Supported 1, DMA 1
Select Item: 0x19
Select Item: 0x19
Select Item: 0x19
Select Item: 0x19
Select Item: 0x19
Select Item: 0x19
Select Item: 0x19
Select Item: 0x19
Select Item: 0x0
Cache FwCfg Name: QemuFwCfgSignature Item:0x0 Size: 0x4 
Select Item: 0x1
Cache FwCfg Name: QemuFwCfgInterfaceVersion Item:0x1 Size: 0x4 
Select Item: 0x19
Cache FwCfg Name: QemuFwCfgFileDri Item:0x19 Size: 0x404 
Select Item: 0x25
Cache FwCfg Name: etc/e820 Item:0x25 Size: 0x3C 
Select Item: 0x2B
Cache FwCfg Name: etc/system-states Item:0x2B Size: 0x6 
Select Item: 0xE
Cache FwCfg Name: BootMenu Item:0xE Size: 0x2 
Select Item: 0x21
Cache FwCfg Name: bootorder Item:0x21 Size: 0x48 
QemuFwCfgInitCache Pass!!!
CMOS:
00: 03 00 21 00 13 00 01 03 05 26 26 02 10 80 00 00
10: 00 00 00 00 06 80 02 FF FF 00 00 00 00 00 00 00
20: 00 00 00 00 00 00 00 00 00 00 00 00 00 00 00 00
30: FF FF 20 00 00 7F 00 20 30 00 00 00 00 12 00 00
40: 00 00 00 00 00 00 00 00 00 00 00 00 00 00 00 00
50: 00 00 00 00 00 00 00 00 00 00 00 00 80 01 00 0F
60: 00 00 00 00 00 00 00 00 00 00 00 00 00 00 00 00
70: 00 00 00 00 00 00 00 00 00 00 00 00 00 00 00 00
Select Item: 0x19
Select Item: 0x2B
S3 support was detected on QEMU
Install PPI: 7408D748-FC8C-4EE6-9288-C4BEC092A410
Select Item: 0x19
Select Item: 0x19
Select Item: 0x25
PlatformGetFirstNonAddressCB: FirstNonAddress=0x280000000
Select Item: 0x19
Select Item: 0x19
PlatformSetupPagingLevel: using 4-level paging (PcdUse5LevelPageTable disabled)
PlatformAddressWidthFromCpuid: Signature: 'AuthenticAMD', PhysBits: 48, GuestPhysBits: 0, QemuQuirk: On, la57: Off, Valid: Yes
PlatformAddressWidthFromCpuid: limit PhysBits to 46 (4-level paging)
PlatformDynamicMmioWindow: using dynamic mmio window
PlatformDynamicMmioWindow:   Addr Space 0x400000000000 (65536 GB)
PlatformDynamicMmioWindow:   MMIO Space 0x80000000000 (8192 GB)
Select Item: 0x19
Select Item: 0x25
PlatformDynamicMmioWindow:   Pci64 Base 0x380000000000
PlatformDynamicMmioWindow:   Pci64 Size 0x80000000000
AddressWidthInitialization: Pci64Base=0x380000000000 Pci64Size=0x80000000000
Select Item: 0x5
PlatformMaxCpuCountInitialization: BootCpuCount=16 MaxCpuCount=16
Select Item: 0x19
Select Item: 0x25
PlatformGetLowMemoryCB: LowMemory=0x80000000
GetPeiMemoryCap: page tables:    520 KB (1/1/128/0 pages for levels 5/4/3/2)
GetPeiMemoryCap: ap stacks:      512 KB (16 cpus)
GetPeiMemoryCap: memory cap:   66568 KB
PublishPeiMemory: PhysMemAddressWidth=46 PeiMemoryCap=66568 KB
PeiInstallPeiMemory MemoryBegin 0x7BDFE000, MemoryLength 0x4102000
Select Item: 0x19
Select Item: 0x25
PlatformQemuInitializeRam called
PlatformIgvmParamReserve: 0x812000 +0x1000
Select Item: 0x19
Select Item: 0x25
Select Item: 0x19
Select Item: 0x25
PlatformAddHobCB: Reserved [0xFEFFC000, 0xFF000000)
PlatformAddHobCB: HighMemory [0x100000000, 0x280000000)
SecCoreStartupWithStack(0xFFFCC000, 0x820000)
Register PPI Notify: DCD0BE23-9586-40F4-B643-06522CED4EDE
Install PPI: 8C8CE578-8A3D-4F1C-9935-896185C32DD3
Install PPI: 5473C07A-3DCB-4DCA-BD6F-1E9689E7349A
The 0th FV[6938079B-B503-4E3D-9D24-B28337A25806] start address is 0x00000830000, size is 0x000D0000, handle is 0x830000
Register PPI Notify: 49EDB1C1-BF21-4761-BB12-EB0031AABB39
Register PPI Notify: EA7CA24B-DED5-4DAD-A389-BF827E8F9B38
Install PPI: B9E0ABFE-5979-4914-977F-6DEE78C278A6
Install PPI: DBE23AA9-A345-4B97-85B6-B226F1617389
Install PPI: 138F9CF4-F0E7-4721-8F49-F5FFECF42D40
Install PPI: 869C711D-649C-44FE-8B9E-2CBB2911C3E6
Register PPI Notify: 605EA650-C65C-42E1-BA80-91A52AB618C6
DiscoverPeimsAndOrderWithApriori(): Found 0x9 PEI FFS files in the 0th FV
Loading PEIM 9B3ADA4F-AE56-4C24-8DEA-F03B7558AE50
Loading PEIM at 0x0000083CAC0 EntryPoint=0x0000083FB5E PcdPeim.efi
Install PPI: 06E81C58-4AD7-44BC-8390-F10265F72480
Install PPI: 01F34D25-4DE2-23AD-3FF3-36353FF323F1
Install PPI: 4D8B155B-C059-4C8F-8926-06FD4331DB8A
Install PPI: A60C6B59-E459-425D-9C69-0BCC9CB27D81
Register PPI Notify: 605EA650-C65C-42E1-BA80-91A52AB618C6
Loading PEIM A3610442-E69F-4DF3-82CA-2360C4031A23
Loading PEIM at 0x00000841640 EntryPoint=0x00000842978 ReportStatusCodeRouterPei.efi
Install PPI: 0065D394-9951-4144-82A3-0AFC8579C251
Install PPI: 229832D3-7A30-4B36-B827-F40CB7D45436
Loading PEIM 9D225237-FA01-464C-A949-BAABC02D31D0
Loading PEIM at 0x000008436C0 EntryPoint=0x000008448B7 StatusCodeHandlerPei.efi
Loading PEIM FCB3A3D6-6274-411C-A548-BD0E717D533A
Loading PEIM at 0x000008455C0 EntryPoint=0x000008472F4 TdTcg2Pei.efi
Loading PEIM 222C386D-5ABC-4FB4-B124-FBB82488ACF4
Loading PEIM at 0x000008489C0 EntryPoint=0x000008550DC PlatformPei.efi
Platform PEIM Loaded
Select Item: 0x0
Select Item: 0x1
QemuFwCfgProbe: Supported 1, DMA 1
Select Item: 0x19
Select Item: 0x19
Select Item: 0x19
Select Item: 0x19
Select Item: 0x19
Select Item: 0x19
Select Item: 0x19
Select Item: 0x19
Select Item: 0x0
Cache FwCfg Name: QemuFwCfgSignature Item:0x0 Size: 0x4 
Select Item: 0x1
Cache FwCfg Name: QemuFwCfgInterfaceVersion Item:0x1 Size: 0x4 
Select Item: 0x19
Cache FwCfg Name: QemuFwCfgFileDri Item:0x19 Size: 0x404 
Select Item: 0x25
Cache FwCfg Name: etc/e820 Item:0x25 Size: 0x3C 
Select Item: 0x2B
Cache FwCfg Name: etc/system-states Item:0x2B Size: 0x6 
Select Item: 0xE
Cache FwCfg Name: BootMenu Item:0xE Size: 0x2 
Select Item: 0x21
Cache FwCfg Name: bootorder Item:0x21 Size: 0x48 
QemuFwCfgInitCache Pass!!!
CMOS:
00: 03 00 21 00 13 00 01 03 05 26 26 02 00 80 00 00
10: 00 00 00 00 06 80 02 FF FF 00 00 00 00 00 00 00
20: 00 00 00 00 00 00 00 00 00 00 00 00 00 00 00 00
30: FF FF 20 00 00 7F 00 20 30 00 00 00 00 12 00 00
40: 00 00 00 00 00 00 00 00 00 00 00 00 00 00 00 00
50: 00 00 00 00 00 00 00 00 00 00 00 00 80 01 00 0F
60: 00 00 00 00 00 00 00 00 00 00 00 00 00 00 00 00
70: 00 00 00 00 00 00 00 00 00 00 00 00 00 00 00 00
Select Item: 0x19
Select Item: 0x2B
S3 support was detected on QEMU
Install PPI: 7408D748-FC8C-4EE6-9288-C4BEC092A410
Select Item: 0x19
Select Item: 0x19
Select Item: 0x25
PlatformGetFirstNonAddressCB: FirstNonAddress=0x280000000
Select Item: 0x19
Select Item: 0x19
PlatformSetupPagingLevel: using 4-level paging (PcdUse5LevelPageTable disabled)
PlatformAddressWidthFromCpuid: Signature: 'AuthenticAMD', PhysBits: 48, GuestPhysBits: 0, QemuQuirk: On, la57: Off, Valid: Yes
PlatformAddressWidthFromCpuid: limit PhysBits to 46 (4-level paging)
PlatformDynamicMmioWindow: using dynamic mmio window
PlatformDynamicMmioWindow:   Addr Space 0x400000000000 (65536 GB)
PlatformDynamicMmioWindow:   MMIO Space 0x80000000000 (8192 GB)
Select Item: 0x19
Select Item: 0x25
PlatformDynamicMmioWindow:   Pci64 Base 0x380000000000
PlatformDynamicMmioWindow:   Pci64 Size 0x80000000000
AddressWidthInitialization: Pci64Base=0x380000000000 Pci64Size=0x80000000000
Select Item: 0x5
PlatformMaxCpuCountInitialization: BootCpuCount=16 MaxCpuCount=16
Select Item: 0x19
Select Item: 0x25
PlatformGetLowMemoryCB: LowMemory=0x80000000
GetPeiMemoryCap: page tables:    520 KB (1/1/128/0 pages for levels 5/4/3/2)
GetPeiMemoryCap: ap stacks:      512 KB (16 cpus)
GetPeiMemoryCap: memory cap:   66568 KB
PublishPeiMemory: PhysMemAddressWidth=46 PeiMemoryCap=66568 KB
PeiInstallPeiMemory MemoryBegin 0x7BDFE000, MemoryLength 0x4102000
Select Item: 0x19
Select Item: 0x25
PlatformQemuInitializeRam called
PlatformIgvmParamReserve: 0x812000 +0x1000
Select Item: 0x19
Select Item: 0x25
Select Item: 0x19
Select Item: 0x25
PlatformAddHobCB: Reserved [0xFEFFC000, 0xFF000000)
PlatformAddHobCB: HighMemory [0x100000000, 0x280000000)
SecCoreStartupWithStack(0xFFFCC000, 0x820000)
Register PPI Notify: DCD0BE23-9586-40F4-B643-06522CED4EDE
Install PPI: 8C8CE578-8A3D-4F1C-9935-896185C32DD3
Install PPI: 5473C07A-3DCB-4DCA-BD6F-1E9689E7349A
The 0th FV[6938079B-B503-4E3D-9D24-B28337A25806] start address is 0x00000830000, size is 0x000D0000, handle is 0x830000
Register PPI Notify: 49EDB1C1-BF21-4761-BB12-EB0031AABB39
Register PPI Notify: EA7CA24B-DED5-4DAD-A389-BF827E8F9B38
Install PPI: B9E0ABFE-5979-4914-977F-6DEE78C278A6
Install PPI: DBE23AA9-A345-4B97-85B6-B226F1617389
Install PPI: 138F9CF4-F0E7-4721-8F49-F5FFECF42D40
Install PPI: 869C711D-649C-44FE-8B9E-2CBB2911C3E6
Register PPI Notify: 605EA650-C65C-42E1-BA80-91A52AB618C6
DiscoverPeimsAndOrderWithApriori(): Found 0x9 PEI FFS files in the 0th FV
Loading PEIM 9B3ADA4F-AE56-4C24-8DEA-F03B7558AE50
Loading PEIM at 0x0000083CAC0 EntryPoint=0x0000083FB5E PcdPeim.efi
Install PPI: 06E81C58-4AD7-44BC-8390-F10265F72480
Install PPI: 01F34D25-4DE2-23AD-3FF3-36353FF323F1
Install PPI: 4D8B155B-C059-4C8F-8926-06FD4331DB8A
Install PPI: A60C6B59-E459-425D-9C69-0BCC9CB27D81
Register PPI Notify: 605EA650-C65C-42E1-BA80-91A52AB618C6
Loading PEIM A3610442-E69F-4DF3-82CA-2360C4031A23
Loading PEIM at 0x00000841640 EntryPoint=0x00000842978 ReportStatusCodeRouterPei.efi
Install PPI: 0065D394-9951-4144-82A3-0AFC8579C251
Install PPI: 229832D3-7A30-4B36-B827-F40CB7D45436
Loading PEIM 9D225237-FA01-464C-A949-BAABC02D31D0
Loading PEIM at 0x000008436C0 EntryPoint=0x000008448B7 StatusCodeHandlerPei.efi
Loading PEIM FCB3A3D6-6274-411C-A548-BD0E717D533A
Loading PEIM at 0x000008455C0 EntryPoint=0x000008472F4 TdTcg2Pei.efi
Loading PEIM 222C386D-5ABC-4FB4-B124-FBB82488ACF4
Loading PEIM at 0x000008489C0 EntryPoint=0x000008550DC PlatformPei.efi
Platform PEIM Loaded
Select Item: 0x0
Select Item: 0x1
QemuFwCfgProbe: Supported 1, DMA 1
Select Item: 0x19
Select Item: 0x19
Select Item: 0x19
Select Item: 0x19
Select Item: 0x19
Select Item: 0x19
Select Item: 0x19
Select Item: 0x19
Select Item: 0x0
Cache FwCfg Name: QemuFwCfgSignature Item:0x0 Size: 0x4 
Select Item: 0x1
Cache FwCfg Name: QemuFwCfgInterfaceVersion Item:0x1 Size: 0x4 
Select Item: 0x19
Cache FwCfg Name: QemuFwCfgFileDri Item:0x19 Size: 0x404 
Select Item: 0x25
Cache FwCfg Name: etc/e820 Item:0x25 Size: 0x3C 
Select Item: 0x2B
Cache FwCfg Name: etc/system-states Item:0x2B Size: 0x6 
Select Item: 0xE
Cache FwCfg Name: BootMenu Item:0xE Size: 0x2 
Select Item: 0x21
Cache FwCfg Name: bootorder Item:0x21 Size: 0x48 
QemuFwCfgInitCache Pass!!!
CMOS:
00: 04 00 21 00 13 00 01 03 05 26 26 02 10 80 00 00
10: 00 00 00 00 06 80 02 FF FF 00 00 00 00 00 00 00
20: 00 00 00 00 00 00 00 00 00 00 00 00 00 00 00 00
30: FF FF 20 00 00 7F 00 20 30 00 00 00 00 12 00 00
40: 00 00 00 00 00 00 00 00 00 00 00 00 00 00 00 00
50: 00 00 00 00 00 00 00 00 00 00 00 00 80 01 00 0F
60: 00 00 00 00 00 00 00 00 00 00 00 00 00 00 00 00
70: 00 00 00 00 00 00 00 00 00 00 00 00 00 00 00 00
Select Item: 0x19
Select Item: 0x2B
S3 support was detected on QEMU
Install PPI: 7408D748-FC8C-4EE6-9288-C4BEC092A410
Select Item: 0x19
Select Item: 0x19
Select Item: 0x25
PlatformGetFirstNonAddressCB: FirstNonAddress=0x280000000
Select Item: 0x19
Select Item: 0x19
PlatformSetupPagingLevel: using 4-level paging (PcdUse5LevelPageTable disabled)
PlatformAddressWidthFromCpuid: Signature: 'AuthenticAMD', PhysBits: 48, GuestPhysBits: 0, QemuQuirk: On, la57: Off, Valid: Yes
PlatformAddressWidthFromCpuid: limit PhysBits to 46 (4-level paging)
PlatformDynamicMmioWindow: using dynamic mmio window
PlatformDynamicMmioWindow:   Addr Space 0x400000000000 (65536 GB)
PlatformDynamicMmioWindow:   MMIO Space 0x80000000000 (8192 GB)
Select Item: 0x19
Select Item: 0x25
PlatformDynamicMmioWindow:   Pci64 Base 0x380000000000
PlatformDynamicMmioWindow:   Pci64 Size 0x80000000000
AddressWidthInitialization: Pci64Base=0x380000000000 Pci64Size=0x80000000000
Select Item: 0x5
PlatformMaxCpuCountInitialization: BootCpuCount=16 MaxCpuCount=16
Select Item: 0x19
Select Item: 0x25
PlatformGetLowMemoryCB: LowMemory=0x80000000
GetPeiMemoryCap: page tables:    520 KB (1/1/128/0 pages for levels 5/4/3/2)
GetPeiMemoryCap: ap stacks:      512 KB (16 cpus)
GetPeiMemoryCap: memory cap:   66568 KB
PublishPeiMemory: PhysMemAddressWidth=46 PeiMemoryCap=66568 KB
PeiInstallPeiMemory MemoryBegin 0x7BDFE000, MemoryLength 0x4102000
Select Item: 0x19
Select Item: 0x25
PlatformQemuInitializeRam called
PlatformIgvmParamReserve: 0x812000 +0x1000
Select Item: 0x19
Select Item: 0x25
Select Item: 0x19
Select Item: 0x25
PlatformAddHobCB: Reserved [0xFEFFC000, 0xFF000000)
PlatformAddHobCB: HighMemory [0x100000000, 0x280000000)
SecCoreStartupWithStack(0xFFFCC000, 0x820000)
Register PPI Notify: DCD0BE23-9586-40F4-B643-06522CED4EDE
Install PPI: 8C8CE578-8A3D-4F1C-9935-896185C32DD3
Install PPI: 5473C07A-3DCB-4DCA-BD6F-1E9689E7349A
The 0th FV[6938079B-B503-4E3D-9D24-B28337A25806] start address is 0x00000830000, size is 0x000D0000, handle is 0x830000
Register PPI Notify: 49EDB1C1-BF21-4761-BB12-EB0031AABB39
Register PPI Notify: EA7CA24B-DED5-4DAD-A389-BF827E8F9B38
Install PPI: B9E0ABFE-5979-4914-977F-6DEE78C278A6
Install PPI: DBE23AA9-A345-4B97-85B6-B226F1617389
Install PPI: 138F9CF4-F0E7-4721-8F49-F5FFECF42D40
Install PPI: 869C711D-649C-44FE-8B9E-2CBB2911C3E6
Register PPI Notify: 605EA650-C65C-42E1-BA80-91A52AB618C6
DiscoverPeimsAndOrderWithApriori(): Found 0x9 PEI FFS files in the 0th FV
Loading PEIM 9B3ADA4F-AE56-4C24-8DEA-F03B7558AE50
Loading PEIM at 0x0000083CAC0 EntryPoint=0x0000083FB5E PcdPeim.efi
Install PPI: 06E81C58-4AD7-44BC-8390-F10265F72480
Install PPI: 01F34D25-4DE2-23AD-3FF3-36353FF323F1
Install PPI: 4D8B155B-C059-4C8F-8926-06FD4331DB8A
Install PPI: A60C6B59-E459-425D-9C69-0BCC9CB27D81
Register PPI Notify: 605EA650-C65C-42E1-BA80-91A52AB618C6
Loading PEIM A3610442-E69F-4DF3-82CA-2360C4031A23
Loading PEIM at 0x00000841640 EntryPoint=0x00000842978 ReportStatusCodeRouterPei.efi
Install PPI: 0065D394-9951-4144-82A3-0AFC8579C251
Install PPI: 229832D3-7A30-4B36-B827-F40CB7D45436
Loading PEIM 9D225237-FA01-464C-A949-BAABC02D31D0
Loading PEIM at 0x000008436C0 EntryPoint=0x000008448B7 StatusCodeHandlerPei.efi
Loading PEIM FCB3A3D6-6274-411C-A548-BD0E717D533A
Loading PEIM at 0x000008455C0 EntryPoint=0x000008472F4 TdTcg2Pei.efi
Loading PEIM 222C386D-5ABC-4FB4-B124-FBB82488ACF4
Loading PEIM at 0x000008489C0 EntryPoint=0x000008550DC PlatformPei.efi
Platform PEIM Loaded
Select Item: 0x0
Select Item: 0x1
QemuFwCfgProbe: Supported 1, DMA 1
Select Item: 0x19
Select Item: 0x19
Select Item: 0x19
Select Item: 0x19
Select Item: 0x19
Select Item: 0x19
Select Item: 0x19
Select Item: 0x19
Select Item: 0x0
Cache FwCfg Name: QemuFwCfgSignature Item:0x0 Size: 0x4 
Select Item: 0x1
Cache FwCfg Name: QemuFwCfgInterfaceVersion Item:0x1 Size: 0x4 
Select Item: 0x19
Cache FwCfg Name: QemuFwCfgFileDri Item:0x19 Size: 0x404 
Select Item: 0x25
Cache FwCfg Name: etc/e820 Item:0x25 Size: 0x3C 
Select Item: 0x2B
Cache FwCfg Name: etc/system-states Item:0x2B Size: 0x6 
Select Item: 0xE
Cache FwCfg Name: BootMenu Item:0xE Size: 0x2 
Select Item: 0x21
Cache FwCfg Name: bootorder Item:0x21 Size: 0x48 
QemuFwCfgInitCache Pass!!!
CMOS:
00: 05 00 21 00 13 00 01 03 05 26 26 02 10 80 00 00
10: 00 00 00 00 06 80 02 FF FF 00 00 00 00 00 00 00
20: 00 00 00 00 00 00 00 00 00 00 00 00 00 00 00 00
30: FF FF 20 00 00 7F 00 20 30 00 00 00 00 12 00 00
40: 00 00 00 00 00 00 00 00 00 00 00 00 00 00 00 00
50: 00 00 00 00 00 00 00 00 00 00 00 00 80 01 00 0F
60: 00 00 00 00 00 00 00 00 00 00 00 00 00 00 00 00
70: 00 00 00 00 00 00 00 00 00 00 00 00 00 00 00 00
Select Item: 0x19
Select Item: 0x2B
S3 support was detected on QEMU
Install PPI: 7408D748-FC8C-4EE6-9288-C4BEC092A410
Select Item: 0x19
Select Item: 0x19
Select Item: 0x25
PlatformGetFirstNonAddressCB: FirstNonAddress=0x280000000
Select Item: 0x19
Select Item: 0x19
PlatformSetupPagingLevel: using 4-level paging (PcdUse5LevelPageTable disabled)
PlatformAddressWidthFromCpuid: Signature: 'AuthenticAMD', PhysBits: 48, GuestPhysBits: 0, QemuQuirk: On, la57: Off, Valid: Yes
PlatformAddressWidthFromCpuid: limit PhysBits to 46 (4-level paging)
PlatformDynamicMmioWindow: using dynamic mmio window
PlatformDynamicMmioWindow:   Addr Space 0x400000000000 (65536 GB)
PlatformDynamicMmioWindow:   MMIO Space 0x80000000000 (8192 GB)
Select Item: 0x19
Select Item: 0x25
PlatformDynamicMmioWindow:   Pci64 Base 0x380000000000
PlatformDynamicMmioWindow:   Pci64 Size 0x80000000000
AddressWidthInitialization: Pci64Base=0x380000000000 Pci64Size=0x80000000000
Select Item: 0x5
PlatformMaxCpuCountInitialization: BootCpuCount=16 MaxCpuCount=16
Select Item: 0x19
Select Item: 0x25
PlatformGetLowMemoryCB: LowMemory=0x80000000
GetPeiMemoryCap: page tables:    520 KB (1/1/128/0 pages for levels 5/4/3/2)
GetPeiMemoryCap: ap stacks:      512 KB (16 cpus)
GetPeiMemoryCap: memory cap:   66568 KB
PublishPeiMemory: PhysMemAddressWidth=46 PeiMemoryCap=66568 KB
PeiInstallPeiMemory MemoryBegin 0x7BDFE000, MemoryLength 0x4102000
Select Item: 0x19
Select Item: 0x25
PlatformQemuInitializeRam called
PlatformIgvmParamReserve: 0x812000 +0x1000
Select Item: 0x19
Select Item: 0x25
Select Item: 0x19
Select Item: 0x25
PlatformAddHobCB: Reserved [0xFEFFC000, 0xFF000000)
PlatformAddHobCB: HighMemory [0x100000000, 0x280000000)
SecCoreStartupWithStack(0xFFFCC000, 0x820000)
Register PPI Notify: DCD0BE23-9586-40F4-B643-06522CED4EDE
Install PPI: 8C8CE578-8A3D-4F1C-9935-896185C32DD3
Install PPI: 5473C07A-3DCB-4DCA-BD6F-1E9689E7349A
The 0th FV[6938079B-B503-4E3D-9D24-B28337A25806] start address is 0x00000830000, size is 0x000D0000, handle is 0x830000
Register PPI Notify: 49EDB1C1-BF21-4761-BB12-EB0031AABB39
Register PPI Notify: EA7CA24B-DED5-4DAD-A389-BF827E8F9B38
Install PPI: B9E0ABFE-5979-4914-977F-6DEE78C278A6
Install PPI: DBE23AA9-A345-4B97-85B6-B226F1617389
Install PPI: 138F9CF4-F0E7-4721-8F49-F5FFECF42D40
Install PPI: 869C711D-649C-44FE-8B9E-2CBB2911C3E6
Register PPI Notify: 605EA650-C65C-42E1-BA80-91A52AB618C6
DiscoverPeimsAndOrderWithApriori(): Found 0x9 PEI FFS files in the 0th FV
Loading PEIM 9B3ADA4F-AE56-4C24-8DEA-F03B7558AE50
Loading PEIM at 0x0000083CAC0 EntryPoint=0x0000083FB5E PcdPeim.efi
Install PPI: 06E81C58-4AD7-44BC-8390-F10265F72480
Install PPI: 01F34D25-4DE2-23AD-3FF3-36353FF323F1
Install PPI: 4D8B155B-C059-4C8F-8926-06FD4331DB8A
Install PPI: A60C6B59-E459-425D-9C69-0BCC9CB27D81
Register PPI Notify: 605EA650-C65C-42E1-BA80-91A52AB618C6
Loading PEIM A3610442-E69F-4DF3-82CA-2360C4031A23
Loading PEIM at 0x00000841640 EntryPoint=0x00000842978 ReportStatusCodeRouterPei.efi
Install PPI: 0065D394-9951-4144-82A3-0AFC8579C251
Install PPI: 229832D3-7A30-4B36-B827-F40CB7D45436
Loading PEIM 9D225237-FA01-464C-A949-BAABC02D31D0
Loading PEIM at 0x000008436C0 EntryPoint=0x000008448B7 StatusCodeHandlerPei.efi
Loading PEIM FCB3A3D6-6274-411C-A548-BD0E717D533A
Loading PEIM at 0x000008455C0 EntryPoint=0x000008472F4 TdTcg2Pei.efi
Loading PEIM 222C386D-5ABC-4FB4-B124-FBB82488ACF4
Loading PEIM at 0x000008489C0 EntryPoint=0x000008550DC PlatformPei.efi
Platform PEIM Loaded
Select Item: 0x0
Select Item: 0x1
QemuFwCfgProbe: Supported 1, DMA 1
Select Item: 0x19
Select Item: 0x19
Select Item: 0x19
Select Item: 0x19
Select Item: 0x19
Select Item: 0x19
Select Item: 0x19
Select Item: 0x19
Select Item: 0x0
Cache FwCfg Name: QemuFwCfgSignature Item:0x0 Size: 0x4 
Select Item: 0x1
Cache FwCfg Name: QemuFwCfgInterfaceVersion Item:0x1 Size: 0x4 
Select Item: 0x19
Cache FwCfg Name: QemuFwCfgFileDri Item:0x19 Size: 0x404 
Select Item: 0x25
Cache FwCfg Name: etc/e820 Item:0x25 Size: 0x3C 
Select Item: 0x2B
Cache FwCfg Name: etc/system-states Item:0x2B Size: 0x6 
Select Item: 0xE
Cache FwCfg Name: BootMenu Item:0xE Size: 0x2 
Select Item: 0x21
Cache FwCfg Name: bootorder Item:0x21 Size: 0x48 
QemuFwCfgInitCache Pass!!!
CMOS:
00: 05 00 21 00 13 00 01 03 05 26 26 02 00 80 00 00
10: 00 00 00 00 06 80 02 FF FF 00 00 00 00 00 00 00
20: 00 00 00 00 00 00 00 00 00 00 00 00 00 00 00 00
30: FF FF 20 00 00 7F 00 20 30 00 00 00 00 12 00 00
40: 00 00 00 00 00 00 00 00 00 00 00 00 00 00 00 00
50: 00 00 00 00 00 00 00 00 00 00 00 00 80 01 00 0F
60: 00 00 00 00 00 00 00 00 00 00 00 00 00 00 00 00
70: 00 00 00 00 00 00 00 00 00 00 00 00 00 00 00 00
Select Item: 0x19
Select Item: 0x2B
S3 support was detected on QEMU
Install PPI: 7408D748-FC8C-4EE6-9288-C4BEC092A410
Select Item: 0x19
Select Item: 0x19
Select Item: 0x25
PlatformGetFirstNonAddressCB: FirstNonAddress=0x280000000
Select Item: 0x19
Select Item: 0x19
PlatformSetupPagingLevel: using 4-level paging (PcdUse5LevelPageTable disabled)
PlatformAddressWidthFromCpuid: Signature: 'AuthenticAMD', PhysBits: 48, GuestPhysBits: 0, QemuQuirk: On, la57: Off, Valid: Yes
PlatformAddressWidthFromCpuid: limit PhysBits to 46 (4-level paging)
PlatformDynamicMmioWindow: using dynamic mmio window
PlatformDynamicMmioWindow:   Addr Space 0x400000000000 (65536 GB)
PlatformDynamicMmioWindow:   MMIO Space 0x80000000000 (8192 GB)
Select Item: 0x19
Select Item: 0x25
PlatformDynamicMmioWindow:   Pci64 Base 0x380000000000
PlatformDynamicMmioWindow:   Pci64 Size 0x80000000000
AddressWidthInitialization: Pci64Base=0x380000000000 Pci64Size=0x80000000000
Select Item: 0x5
PlatformMaxCpuCountInitialization: BootCpuCount=16 MaxCpuCount=16
Select Item: 0x19
Select Item: 0x25
PlatformGetLowMemoryCB: LowMemory=0x80000000
GetPeiMemoryCap: page tables:    520 KB (1/1/128/0 pages for levels 5/4/3/2)
GetPeiMemoryCap: ap stacks:      512 KB (16 cpus)
GetPeiMemoryCap: memory cap:   66568 KB
PublishPeiMemory: PhysMemAddressWidth=46 PeiMemoryCap=66568 KB
PeiInstallPeiMemory MemoryBegin 0x7BDFE000, MemoryLength 0x4102000
Select Item: 0x19
Select Item: 0x25
PlatformQemuInitializeRam called
PlatformIgvmParamReserve: 0x812000 +0x1000
Select Item: 0x19
Select Item: 0x25
Select Item: 0x19
Select Item: 0x25
PlatformAddHobCB: Reserved [0xFEFFC000, 0xFF000000)
PlatformAddHobCB: HighMemory [0x100000000, 0x280000000)
SecCoreStartupWithStack(0xFFFCC000, 0x820000)
Register PPI Notify: DCD0BE23-9586-40F4-B643-06522CED4EDE
Install PPI: 8C8CE578-8A3D-4F1C-9935-896185C32DD3
Install PPI: 5473C07A-3DCB-4DCA-BD6F-1E9689E7349A
The 0th FV[6938079B-B503-4E3D-9D24-B28337A25806] start address is 0x00000830000, size is 0x000D0000, handle is 0x830000
Register PPI Notify: 49EDB1C1-BF21-4761-BB12-EB0031AABB39
Register PPI Notify: EA7CA24B-DED5-4DAD-A389-BF827E8F9B38
Install PPI: B9E0ABFE-5979-4914-977F-6DEE78C278A6
Install PPI: DBE23AA9-A345-4B97-85B6-B226F1617389
Install PPI: 138F9CF4-F0E7-4721-8F49-F5FFECF42D40
Install PPI: 869C711D-649C-44FE-8B9E-2CBB2911C3E6
Register PPI Notify: 605EA650-C65C-42E1-BA80-91A52AB618C6
DiscoverPeimsAndOrderWithApriori(): Found 0x9 PEI FFS files in the 0th FV
Loading PEIM 9B3ADA4F-AE56-4C24-8DEA-F03B7558AE50
Loading PEIM at 0x0000083CAC0 EntryPoint=0x0000083FB5E PcdPeim.efi
Install PPI: 06E81C58-4AD7-44BC-8390-F10265F72480
Install PPI: 01F34D25-4DE2-23AD-3FF3-36353FF323F1
Install PPI: 4D8B155B-C059-4C8F-8926-06FD4331DB8A
Install PPI: A60C6B59-E459-425D-9C69-0BCC9CB27D81
Register PPI Notify: 605EA650-C65C-42E1-BA80-91A52AB618C6
Loading PEIM A3610442-E69F-4DF3-82CA-2360C4031A23
Loading PEIM at 0x00000841640 EntryPoint=0x00000842978 ReportStatusCodeRouterPei.efi
Install PPI: 0065D394-9951-4144-82A3-0AFC8579C251
Install PPI: 229832D3-7A30-4B36-B827-F40CB7D45436
Loading PEIM 9D225237-FA01-464C-A949-BAABC02D31D0
Loading PEIM at 0x000008436C0 EntryPoint=0x000008448B7 StatusCodeHandlerPei.efi
Loading PEIM FCB3A3D6-6274-411C-A548-BD0E717D533A
Loading PEIM at 0x000008455C0 EntryPoint=0x000008472F4 TdTcg2Pei.efi
Loading PEIM 222C386D-5ABC-4FB4-B124-FBB82488ACF4
Loading PEIM at 0x000008489C0 EntryPoint=0x000008550DC PlatformPei.efi
Platform PEIM Loaded
Select Item: 0x0
Select Item: 0x1
QemuFwCfgProbe: Supported 1, DMA 1
Select Item: 0x19
Select Item: 0x19
Select Item: 0x19
Select Item: 0x19
Select Item: 0x19
Select Item: 0x19
Select Item: 0x19
Select Item: 0x19
Select Item: 0x0
Cache FwCfg Name: QemuFwCfgSignature Item:0x0 Size: 0x4 
Select Item: 0x1
Cache FwCfg Name: QemuFwCfgInterfaceVersion Item:0x1 Size: 0x4 
Select Item: 0x19
Cache FwCfg Name: QemuFwCfgFileDri Item:0x19 Size: 0x404 
Select Item: 0x25
Cache FwCfg Name: etc/e820 Item:0x25 Size: 0x3C 
Select Item: 0x2B
Cache FwCfg Name: etc/system-states Item:0x2B Size: 0x6 
Select Item: 0xE
Cache FwCfg Name: BootMenu Item:0xE Size: 0x2 
Select Item: 0x21
Cache FwCfg Name: bootorder Item:0x21 Size: 0x48 
QemuFwCfgInitCache Pass!!!
CMOS:
00: 06 00 21 00 13 00 01 03 05 26 26 02 10 80 00 00
10: 00 00 00 00 06 80 02 FF FF 00 00 00 00 00 00 00
20: 00 00 00 00 00 00 00 00 00 00 00 00 00 00 00 00
30: FF FF 20 00 00 7F 00 20 30 00 00 00 00 12 00 00
40: 00 00 00 00 00 00 00 00 00 00 00 00 00 00 00 00
50: 00 00 00 00 00 00 00 00 00 00 00 00 80 01 00 0F
60: 00 00 00 00 00 00 00 00 00 00 00 00 00 00 00 00
70: 00 00 00 00 00 00 00 00 00 00 00 00 00 00 00 00
Select Item: 0x19
Select Item: 0x2B
S3 support was detected on QEMU
Install PPI: 7408D748-FC8C-4EE6-9288-C4BEC092A410
Select Item: 0x19
Select Item: 0x19
Select Item: 0x25
PlatformGetFirstNonAddressCB: FirstNonAddress=0x280000000
Select Item: 0x19
Select Item: 0x19
PlatformSetupPagingLevel: using 4-level paging (PcdUse5LevelPageTable disabled)
PlatformAddressWidthFromCpuid: Signature: 'AuthenticAMD', PhysBits: 48, GuestPhysBits: 0, QemuQuirk: On, la57: Off, Valid: Yes
PlatformAddressWidthFromCpuid: limit PhysBits to 46 (4-level paging)
PlatformDynamicMmioWindow: using dynamic mmio window
PlatformDynamicMmioWindow:   Addr Space 0x400000000000 (65536 GB)
PlatformDynamicMmioWindow:   MMIO Space 0x80000000000 (8192 GB)
Select Item: 0x19
Select Item: 0x25
PlatformDynamicMmioWindow:   Pci64 Base 0x380000000000
PlatformDynamicMmioWindow:   Pci64 Size 0x80000000000
AddressWidthInitialization: Pci64Base=0x380000000000 Pci64Size=0x80000000000
Select Item: 0x5
PlatformMaxCpuCountInitialization: BootCpuCount=16 MaxCpuCount=16
Select Item: 0x19
Select Item: 0x25
PlatformGetLowMemoryCB: LowMemory=0x80000000
GetPeiMemoryCap: page tables:    520 KB (1/1/128/0 pages for levels 5/4/3/2)
GetPeiMemoryCap: ap stacks:      512 KB (16 cpus)
GetPeiMemoryCap: memory cap:   66568 KB
PublishPeiMemory: PhysMemAddressWidth=46 PeiMemoryCap=66568 KB
PeiInstallPeiMemory MemoryBegin 0x7BDFE000, MemoryLength 0x4102000
Select Item: 0x19
Select Item: 0x25
PlatformQemuInitializeRam called
PlatformIgvmParamReserve: 0x812000 +0x1000
Select Item: 0x19
Select Item: 0x25
Select Item: 0x19
Select Item: 0x25
PlatformAddHobCB: Reserved [0xFEFFC000, 0xFF000000)
PlatformAddHobCB: HighMemory [0x100000000, 0x280000000)
SecCoreStartupWithStack(0xFFFCC000, 0x820000)
Register PPI Notify: DCD0BE23-9586-40F4-B643-06522CED4EDE
Install PPI: 8C8CE578-8A3D-4F1C-9935-896185C32DD3
Install PPI: 5473C07A-3DCB-4DCA-BD6F-1E9689E7349A
The 0th FV[6938079B-B503-4E3D-9D24-B28337A25806] start address is 0x00000830000, size is 0x000D0000, handle is 0x830000
Register PPI Notify: 49EDB1C1-BF21-4761-BB12-EB0031AABB39
Register PPI Notify: EA7CA24B-DED5-4DAD-A389-BF827E8F9B38
Install PPI: B9E0ABFE-5979-4914-977F-6DEE78C278A6
Install PPI: DBE23AA9-A345-4B97-85B6-B226F1617389
Install PPI: 138F9CF4-F0E7-4721-8F49-F5FFECF42D40
Install PPI: 869C711D-649C-44FE-8B9E-2CBB2911C3E6
Register PPI Notify: 605EA650-C65C-42E1-BA80-91A52AB618C6
DiscoverPeimsAndOrderWithApriori(): Found 0x9 PEI FFS files in the 0th FV
Loading PEIM 9B3ADA4F-AE56-4C24-8DEA-F03B7558AE50
Loading PEIM at 0x0000083CAC0 EntryPoint=0x0000083FB5E PcdPeim.efi
Install PPI: 06E81C58-4AD7-44BC-8390-F10265F72480
Install PPI: 01F34D25-4DE2-23AD-3FF3-36353FF323F1
Install PPI: 4D8B155B-C059-4C8F-8926-06FD4331DB8A
Install PPI: A60C6B59-E459-425D-9C69-0BCC9CB27D81
Register PPI Notify: 605EA650-C65C-42E1-BA80-91A52AB618C6
Loading PEIM A3610442-E69F-4DF3-82CA-2360C4031A23
Loading PEIM at 0x00000841640 EntryPoint=0x00000842978 ReportStatusCodeRouterPei.efi
Install PPI: 0065D394-9951-4144-82A3-0AFC8579C251
Install PPI: 229832D3-7A30-4B36-B827-F40CB7D45436
Loading PEIM 9D225237-FA01-464C-A949-BAABC02D31D0
Loading PEIM at 0x000008436C0 EntryPoint=0x000008448B7 StatusCodeHandlerPei.efi
Loading PEIM FCB3A3D6-6274-411C-A548-BD0E717D533A
Loading PEIM at 0x000008455C0 EntryPoint=0x000008472F4 TdTcg2Pei.efi
Loading PEIM 222C386D-5ABC-4FB4-B124-FBB82488ACF4
Loading PEIM at 0x000008489C0 EntryPoint=0x000008550DC PlatformPei.efi
Platform PEIM Loaded
Select Item: 0x0
Select Item: 0x1
QemuFwCfgProbe: Supported 1, DMA 1
Select Item: 0x19
Select Item: 0x19
Select Item: 0x19
Select Item: 0x19
Select Item: 0x19
Select Item: 0x19
Select Item: 0x19
Select Item: 0x19
Select Item: 0x0
Cache FwCfg Name: QemuFwCfgSignature Item:0x0 Size: 0x4 
Select Item: 0x1
Cache FwCfg Name: QemuFwCfgInterfaceVersion Item:0x1 Size: 0x4 
Select Item: 0x19
Cache FwCfg Name: QemuFwCfgFileDri Item:0x19 Size: 0x404 
Select Item: 0x25
Cache FwCfg Name: etc/e820 Item:0x25 Size: 0x3C 
Select Item: 0x2B
Cache FwCfg Name: etc/system-states Item:0x2B Size: 0x6 
Select Item: 0xE
Cache FwCfg Name: BootMenu Item:0xE Size: 0x2 
Select Item: 0x21
Cache FwCfg Name: bootorder Item:0x21 Size: 0x48 
QemuFwCfgInitCache Pass!!!
CMOS:
00: 07 00 21 00 13 00 01 03 05 26 26 02 10 80 00 00
10: 00 00 00 00 06 80 02 FF FF 00 00 00 00 00 00 00
20: 00 00 00 00 00 00 00 00 00 00 00 00 00 00 00 00
30: FF FF 20 00 00 7F 00 20 30 00 00 00 00 12 00 00
40: 00 00 00 00 00 00 00 00 00 00 00 00 00 00 00 00
50: 00 00 00 00 00 00 00 00 00 00 00 00 80 01 00 0F
60: 00 00 00 00 00 00 00 00 00 00 00 00 00 00 00 00
70: 00 00 00 00 00 00 00 00 00 00 00 00 00 00 00 00
Select Item: 0x19
Select Item: 0x2B
S3 support was detected on QEMU
Install PPI: 7408D748-FC8C-4EE6-9288-C4BEC092A410
Select Item: 0x19
Select Item: 0x19
Select Item: 0x25
PlatformGetFirstNonAddressCB: FirstNonAddress=0x280000000
Select Item: 0x19
Select Item: 0x19
PlatformSetupPagingLevel: using 4-level paging (PcdUse5LevelPageTable disabled)
PlatformAddressWidthFromCpuid: Signature: 'AuthenticAMD', PhysBits: 48, GuestPhysBits: 0, QemuQuirk: On, la57: Off, Valid: Yes
PlatformAddressWidthFromCpuid: limit PhysBits to 46 (4-level paging)
PlatformDynamicMmioWindow: using dynamic mmio window
PlatformDynamicMmioWindow:   Addr Space 0x400000000000 (65536 GB)
PlatformDynamicMmioWindow:   MMIO Space 0x80000000000 (8192 GB)
Select Item: 0x19
Select Item: 0x25
PlatformDynamicMmioWindow:   Pci64 Base 0x380000000000
PlatformDynamicMmioWindow:   Pci64 Size 0x80000000000
AddressWidthInitialization: Pci64Base=0x380000000000 Pci64Size=0x80000000000
Select Item: 0x5
PlatformMaxCpuCountInitialization: BootCpuCount=16 MaxCpuCount=16
Select Item: 0x19
Select Item: 0x25
PlatformGetLowMemoryCB: LowMemory=0x80000000
GetPeiMemoryCap: page tables:    520 KB (1/1/128/0 pages for levels 5/4/3/2)
GetPeiMemoryCap: ap stacks:      512 KB (16 cpus)
GetPeiMemoryCap: memory cap:   66568 KB
PublishPeiMemory: PhysMemAddressWidth=46 PeiMemoryCap=66568 KB
PeiInstallPeiMemory MemoryBegin 0x7BDFE000, MemoryLength 0x4102000
Select Item: 0x19
Select Item: 0x25
PlatformQemuInitializeRam called
PlatformIgvmParamReserve: 0x812000 +0x1000
Select Item: 0x19
Select Item: 0x25
Select Item: 0x19
Select Item: 0x25
PlatformAddHobCB: Reserved [0xFEFFC000, 0xFF000000)
PlatformAddHobCB: HighMemory [0x100000000, 0x280000000)
SecCoreStartupWithStack(0xFFFCC000, 0x820000)
Register PPI Notify: DCD0BE23-9586-40F4-B643-06522CED4EDE
Install PPI: 8C8CE578-8A3D-4F1C-9935-896185C32DD3
Install PPI: 5473C07A-3DCB-4DCA-BD6F-1E9689E7349A
The 0th FV[6938079B-B503-4E3D-9D24-B28337A25806] start address is 0x00000830000, size is 0x000D0000, handle is 0x830000
Register PPI Notify: 49EDB1C1-BF21-4761-BB12-EB0031AABB39
Register PPI Notify: EA7CA24B-DED5-4DAD-A389-BF827E8F9B38
Install PPI: B9E0ABFE-5979-4914-977F-6DEE78C278A6
Install PPI: DBE23AA9-A345-4B97-85B6-B226F1617389
Install PPI: 138F9CF4-F0E7-4721-8F49-F5FFECF42D40
Install PPI: 869C711D-649C-44FE-8B9E-2CBB2911C3E6
Register PPI Notify: 605EA650-C65C-42E1-BA80-91A52AB618C6
DiscoverPeimsAndOrderWithApriori(): Found 0x9 PEI FFS files in the 0th FV
Loading PEIM 9B3ADA4F-AE56-4C24-8DEA-F03B7558AE50
Loading PEIM at 0x0000083CAC0 EntryPoint=0x0000083FB5E PcdPeim.efi
Install PPI: 06E81C58-4AD7-44BC-8390-F10265F72480
Install PPI: 01F34D25-4DE2-23AD-3FF3-36353FF323F1
Install PPI: 4D8B155B-C059-4C8F-8926-06FD4331DB8A
Install PPI: A60C6B59-E459-425D-9C69-0BCC9CB27D81
Register PPI Notify: 605EA650-C65C-42E1-BA80-91A52AB618C6
Loading PEIM A3610442-E69F-4DF3-82CA-2360C4031A23
Loading PEIM at 0x00000841640 EntryPoint=0x00000842978 ReportStatusCodeRouterPei.efi
Install PPI: 0065D394-9951-4144-82A3-0AFC8579C251
Install PPI: 229832D3-7A30-4B36-B827-F40CB7D45436
Loading PEIM 9D225237-FA01-464C-A949-BAABC02D31D0
Loading PEIM at 0x000008436C0 EntryPoint=0x000008448B7 StatusCodeHandlerPei.efi
Loading PEIM FCB3A3D6-6274-411C-A548-BD0E717D533A
Loading PEIM at 0x000008455C0 EntryPoint=0x000008472F4 TdTcg2Pei.efi
Loading PEIM 222C386D-5ABC-4FB4-B124-FBB82488ACF4
Loading PEIM at 0x000008489C0 EntryPoint=0x000008550DC PlatformPei.efi
Platform PEIM Loaded
Select Item: 0x0
Select Item: 0x1
QemuFwCfgProbe: Supported 1, DMA 1
Select Item: 0x19
Select Item: 0x19
Select Item: 0x19
Select Item: 0x19
Select Item: 0x19
Select Item: 0x19
Select Item: 0x19
Select Item: 0x19
Select Item: 0x0
Cache FwCfg Name: QemuFwCfgSignature Item:0x0 Size: 0x4 
Select Item: 0x1
Cache FwCfg Name: QemuFwCfgInterfaceVersion Item:0x1 Size: 0x4 
Select Item: 0x19
Cache FwCfg Name: QemuFwCfgFileDri Item:0x19 Size: 0x404 
Select Item: 0x25
Cache FwCfg Name: etc/e820 Item:0x25 Size: 0x3C 
Select Item: 0x2B
Cache FwCfg Name: etc/system-states Item:0x2B Size: 0x6 
Select Item: 0xE
Cache FwCfg Name: BootMenu Item:0xE Size: 0x2 
Select Item: 0x21
Cache FwCfg Name: bootorder Item:0x21 Size: 0x48 
QemuFwCfgInitCache Pass!!!
CMOS:
00: 07 00 21 00 13 00 01 03 05 26 26 02 00 80 00 00
10: 00 00 00 00 06 80 02 FF FF 00 00 00 00 00 00 00
20: 00 00 00 00 00 00 00 00 00 00 00 00 00 00 00 00
30: FF FF 20 00 00 7F 00 20 30 00 00 00 00 12 00 00
40: 00 00 00 00 00 00 00 00 00 00 00 00 00 00 00 00
50: 00 00 00 00 00 00 00 00 00 00 00 00 80 01 00 0F
60: 00 00 00 00 00 00 00 00 00 00 00 00 00 00 00 00
70: 00 00 00 00 00 00 00 00 00 00 00 00 00 00 00 00
Select Item: 0x19
Select Item: 0x2B
S3 support was detected on QEMU
Install PPI: 7408D748-FC8C-4EE6-9288-C4BEC092A410
Select Item: 0x19
Select Item: 0x19
Select Item: 0x25
PlatformGetFirstNonAddressCB: FirstNonAddress=0x280000000
Select Item: 0x19
Select Item: 0x19
PlatformSetupPagingLevel: using 4-level paging (PcdUse5LevelPageTable disabled)
PlatformAddressWidthFromCpuid: Signature: 'AuthenticAMD', PhysBits: 48, GuestPhysBits: 0, QemuQuirk: On, la57: Off, Valid: Yes
PlatformAddressWidthFromCpuid: limit PhysBits to 46 (4-level paging)
PlatformDynamicMmioWindow: using dynamic mmio window
PlatformDynamicMmioWindow:   Addr Space 0x400000000000 (65536 GB)
PlatformDynamicMmioWindow:   MMIO Space 0x80000000000 (8192 GB)
Select Item: 0x19
Select Item: 0x25
PlatformDynamicMmioWindow:   Pci64 Base 0x380000000000
PlatformDynamicMmioWindow:   Pci64 Size 0x80000000000
AddressWidthInitialization: Pci64Base=0x380000000000 Pci64Size=0x80000000000
Select Item: 0x5
PlatformMaxCpuCountInitialization: BootCpuCount=16 MaxCpuCount=16
Select Item: 0x19
Select Item: 0x25
PlatformGetLowMemoryCB: LowMemory=0x80000000
GetPeiMemoryCap: page tables:    520 KB (1/1/128/0 pages for levels 5/4/3/2)
GetPeiMemoryCap: ap stacks:      512 KB (16 cpus)
GetPeiMemoryCap: memory cap:   66568 KB
PublishPeiMemory: PhysMemAddressWidth=46 PeiMemoryCap=66568 KB
PeiInstallPeiMemory MemoryBegin 0x7BDFE000, MemoryLength 0x4102000
Select Item: 0x19
Select Item: 0x25
PlatformQemuInitializeRam called
PlatformIgvmParamReserve: 0x812000 +0x1000
Select Item: 0x19
Select Item: 0x25
Select Item: 0x19
Select Item: 0x25
PlatformAddHobCB: Reserved [0xFEFFC000, 0xFF000000)
PlatformAddHobCB: HighMemory [0x100000000, 0x280000000)
SecCoreStartupWithStack(0xFFFCC000, 0x820000)
Register PPI Notify: DCD0BE23-9586-40F4-B643-06522CED4EDE
Install PPI: 8C8CE578-8A3D-4F1C-9935-896185C32DD3
Install PPI: 5473C07A-3DCB-4DCA-BD6F-1E9689E7349A
The 0th FV[6938079B-B503-4E3D-9D24-B28337A25806] start address is 0x00000830000, size is 0x000D0000, handle is 0x830000
Register PPI Notify: 49EDB1C1-BF21-4761-BB12-EB0031AABB39
Register PPI Notify: EA7CA24B-DED5-4DAD-A389-BF827E8F9B38
Install PPI: B9E0ABFE-5979-4914-977F-6DEE78C278A6
Install PPI: DBE23AA9-A345-4B97-85B6-B226F1617389
Install PPI: 138F9CF4-F0E7-4721-8F49-F5FFECF42D40
Install PPI: 869C711D-649C-44FE-8B9E-2CBB2911C3E6
Register PPI Notify: 605EA650-C65C-42E1-BA80-91A52AB618C6
DiscoverPeimsAndOrderWithApriori(): Found 0x9 PEI FFS files in the 0th FV
Loading PEIM 9B3ADA4F-AE56-4C24-8DEA-F03B7558AE50
Loading PEIM at 0x0000083CAC0 EntryPoint=0x0000083FB5E PcdPeim.efi
Install PPI: 06E81C58-4AD7-44BC-8390-F10265F72480
Install PPI: 01F34D25-4DE2-23AD-3FF3-36353FF323F1
Install PPI: 4D8B155B-C059-4C8F-8926-06FD4331DB8A
Install PPI: A60C6B59-E459-425D-9C69-0BCC9CB27D81
Register PPI Notify: 605EA650-C65C-42E1-BA80-91A52AB618C6
Loading PEIM A3610442-E69F-4DF3-82CA-2360C4031A23
Loading PEIM at 0x00000841640 EntryPoint=0x00000842978 ReportStatusCodeRouterPei.efi
Install PPI: 0065D394-9951-4144-82A3-0AFC8579C251
Install PPI: 229832D3-7A30-4B36-B827-F40CB7D45436
Loading PEIM 9D225237-FA01-464C-A949-BAABC02D31D0
Loading PEIM at 0x000008436C0 EntryPoint=0x000008448B7 StatusCodeHandlerPei.efi
Loading PEIM FCB3A3D6-6274-411C-A548-BD0E717D533A
Loading PEIM at 0x000008455C0 EntryPoint=0x000008472F4 TdTcg2Pei.efi
Loading PEIM 222C386D-5ABC-4FB4-B124-FBB82488ACF4
Loading PEIM at 0x000008489C0 EntryPoint=0x000008550DC PlatformPei.efi
Platform PEIM Loaded
Select Item: 0x0
Select Item: 0x1
QemuFwCfgProbe: Supported 1, DMA 1
Select Item: 0x19
Select Item: 0x19
Select Item: 0x19
Select Item: 0x19
Select Item: 0x19
Select Item: 0x19
Select Item: 0x19
Select Item: 0x19
Select Item: 0x0
Cache FwCfg Name: QemuFwCfgSignature Item:0x0 Size: 0x4 
Select Item: 0x1
Cache FwCfg Name: QemuFwCfgInterfaceVersion Item:0x1 Size: 0x4 
Select Item: 0x19
Cache FwCfg Name: QemuFwCfgFileDri Item:0x19 Size: 0x404 
Select Item: 0x25
Cache FwCfg Name: etc/e820 Item:0x25 Size: 0x3C 
Select Item: 0x2B
Cache FwCfg Name: etc/system-states Item:0x2B Size: 0x6 
Select Item: 0xE
Cache FwCfg Name: BootMenu Item:0xE Size: 0x2 
Select Item: 0x21
Cache FwCfg Name: bootorder Item:0x21 Size: 0x48 
QemuFwCfgInitCache Pass!!!
CMOS:
00: 08 00 21 00 13 00 01 03 05 26 26 02 10 80 00 00
10: 00 00 00 00 06 80 02 FF FF 00 00 00 00 00 00 00
20: 00 00 00 00 00 00 00 00 00 00 00 00 00 00 00 00
30: FF FF 20 00 00 7F 00 20 30 00 00 00 00 12 00 00
40: 00 00 00 00 00 00 00 00 00 00 00 00 00 00 00 00
50: 00 00 00 00 00 00 00 00 00 00 00 00 80 01 00 0F
60: 00 00 00 00 00 00 00 00 00 00 00 00 00 00 00 00
70: 00 00 00 00 00 00 00 00 00 00 00 00 00 00 00 00
Select Item: 0x19
Select Item: 0x2B
S3 support was detected on QEMU
Install PPI: 7408D748-FC8C-4EE6-9288-C4BEC092A410
Select Item: 0x19
Select Item: 0x19
Select Item: 0x25
PlatformGetFirstNonAddressCB: FirstNonAddress=0x280000000
Select Item: 0x19
Select Item: 0x19
PlatformSetupPagingLevel: using 4-level paging (PcdUse5LevelPageTable disabled)
PlatformAddressWidthFromCpuid: Signature: 'AuthenticAMD', PhysBits: 48, GuestPhysBits: 0, QemuQuirk: On, la57: Off, Valid: Yes
PlatformAddressWidthFromCpuid: limit PhysBits to 46 (4-level paging)
PlatformDynamicMmioWindow: using dynamic mmio window
PlatformDynamicMmioWindow:   Addr Space 0x400000000000 (65536 GB)
PlatformDynamicMmioWindow:   MMIO Space 0x80000000000 (8192 GB)
Select Item: 0x19
Select Item: 0x25
PlatformDynamicMmioWindow:   Pci64 Base 0x380000000000
PlatformDynamicMmioWindow:   Pci64 Size 0x80000000000
AddressWidthInitialization: Pci64Base=0x380000000000 Pci64Size=0x80000000000
Select Item: 0x5
PlatformMaxCpuCountInitialization: BootCpuCount=16 MaxCpuCount=16
Select Item: 0x19
Select Item: 0x25
PlatformGetLowMemoryCB: LowMemory=0x80000000
GetPeiMemoryCap: page tables:    520 KB (1/1/128/0 pages for levels 5/4/3/2)
GetPeiMemoryCap: ap stacks:      512 KB (16 cpus)
GetPeiMemoryCap: memory cap:   66568 KB
PublishPeiMemory: PhysMemAddressWidth=46 PeiMemoryCap=66568 KB
PeiInstallPeiMemory MemoryBegin 0x7BDFE000, MemoryLength 0x4102000
Select Item: 0x19
Select Item: 0x25
PlatformQemuInitializeRam called
PlatformIgvmParamReserve: 0x812000 +0x1000
Select Item: 0x19
Select Item: 0x25
Select Item: 0x19
Select Item: 0x25
PlatformAddHobCB: Reserved [0xFEFFC000, 0xFF000000)
PlatformAddHobCB: HighMemory [0x100000000, 0x280000000)
SecCoreStartupWithStack(0xFFFCC000, 0x820000)
Register PPI Notify: DCD0BE23-9586-40F4-B643-06522CED4EDE
Install PPI: 8C8CE578-8A3D-4F1C-9935-896185C32DD3
Install PPI: 5473C07A-3DCB-4DCA-BD6F-1E9689E7349A
The 0th FV[6938079B-B503-4E3D-9D24-B28337A25806] start address is 0x00000830000, size is 0x000D0000, handle is 0x830000
Register PPI Notify: 49EDB1C1-BF21-4761-BB12-EB0031AABB39
Register PPI Notify: EA7CA24B-DED5-4DAD-A389-BF827E8F9B38
Install PPI: B9E0ABFE-5979-4914-977F-6DEE78C278A6
Install PPI: DBE23AA9-A345-4B97-85B6-B226F1617389
Install PPI: 138F9CF4-F0E7-4721-8F49-F5FFECF42D40
Install PPI: 869C711D-649C-44FE-8B9E-2CBB2911C3E6
Register PPI Notify: 605EA650-C65C-42E1-BA80-91A52AB618C6
DiscoverPeimsAndOrderWithApriori(): Found 0x9 PEI FFS files in the 0th FV
Loading PEIM 9B3ADA4F-AE56-4C24-8DEA-F03B7558AE50
Loading PEIM at 0x0000083CAC0 EntryPoint=0x0000083FB5E PcdPeim.efi
Install PPI: 06E81C58-4AD7-44BC-8390-F10265F72480
Install PPI: 01F34D25-4DE2-23AD-3FF3-36353FF323F1
Install PPI: 4D8B155B-C059-4C8F-8926-06FD4331DB8A
Install PPI: A60C6B59-E459-425D-9C69-0BCC9CB27D81
Register PPI Notify: 605EA650-C65C-42E1-BA80-91A52AB618C6
Loading PEIM A3610442-E69F-4DF3-82CA-2360C4031A23
Loading PEIM at 0x00000841640 EntryPoint=0x00000842978 ReportStatusCodeRouterPei.efi
Install PPI: 0065D394-9951-4144-82A3-0AFC8579C251
Install PPI: 229832D3-7A30-4B36-B827-F40CB7D45436
Loading PEIM 9D225237-FA01-464C-A949-BAABC02D31D0
Loading PEIM at 0x000008436C0 EntryPoint=0x000008448B7 StatusCodeHandlerPei.efi
Loading PEIM FCB3A3D6-6274-411C-A548-BD0E717D533A
Loading PEIM at 0x000008455C0 EntryPoint=0x000008472F4 TdTcg2Pei.efi
Loading PEIM 222C386D-5ABC-4FB4-B124-FBB82488ACF4
Loading PEIM at 0x000008489C0 EntryPoint=0x000008550DC PlatformPei.efi
Platform PEIM Loaded
Select Item: 0x0
Select Item: 0x1
QemuFwCfgProbe: Supported 1, DMA 1
Select Item: 0x19
Select Item: 0x19
Select Item: 0x19
Select Item: 0x19
Select Item: 0x19
Select Item: 0x19
Select Item: 0x19
Select Item: 0x19
Select Item: 0x0
Cache FwCfg Name: QemuFwCfgSignature Item:0x0 Size: 0x4 
Select Item: 0x1
Cache FwCfg Name: QemuFwCfgInterfaceVersion Item:0x1 Size: 0x4 
Select Item: 0x19
Cache FwCfg Name: QemuFwCfgFileDri Item:0x19 Size: 0x404 
Select Item: 0x25
Cache FwCfg Name: etc/e820 Item:0x25 Size: 0x3C 
Select Item: 0x2B
Cache FwCfg Name: etc/system-states Item:0x2B Size: 0x6 
Select Item: 0xE
Cache FwCfg Name: BootMenu Item:0xE Size: 0x2 
Select Item: 0x21
Cache FwCfg Name: bootorder Item:0x21 Size: 0x48 
QemuFwCfgInitCache Pass!!!
CMOS:
00: 08 00 21 00 13 00 01 03 05 26 26 02 00 80 00 00
10: 00 00 00 00 06 80 02 FF FF 00 00 00 00 00 00 00
20: 00 00 00 00 00 00 00 00 00 00 00 00 00 00 00 00
30: FF FF 20 00 00 7F 00 20 30 00 00 00 00 12 00 00
40: 00 00 00 00 00 00 00 00 00 00 00 00 00 00 00 00
50: 00 00 00 00 00 00 00 00 00 00 00 00 80 01 00 0F
60: 00 00 00 00 00 00 00 00 00 00 00 00 00 00 00 00
70: 00 00 00 00 00 00 00 00 00 00 00 00 00 00 00 00
Select Item: 0x19
Select Item: 0x2B
S3 support was detected on QEMU
Install PPI: 7408D748-FC8C-4EE6-9288-C4BEC092A410
Select Item: 0x19
Select Item: 0x19
Select Item: 0x25
PlatformGetFirstNonAddressCB: FirstNonAddress=0x280000000
Select Item: 0x19
Select Item: 0x19
PlatformSetupPagingLevel: using 4-level paging (PcdUse5LevelPageTable disabled)
PlatformAddressWidthFromCpuid: Signature: 'AuthenticAMD', PhysBits: 48, GuestPhysBits: 0, QemuQuirk: On, la57: Off, Valid: Yes
PlatformAddressWidthFromCpuid: limit PhysBits to 46 (4-level paging)
PlatformDynamicMmioWindow: using dynamic mmio window
PlatformDynamicMmioWindow:   Addr Space 0x400000000000 (65536 GB)
PlatformDynamicMmioWindow:   MMIO Space 0x80000000000 (8192 GB)
Select Item: 0x19
Select Item: 0x25
PlatformDynamicMmioWindow:   Pci64 Base 0x380000000000
PlatformDynamicMmioWindow:   Pci64 Size 0x80000000000
AddressWidthInitialization: Pci64Base=0x380000000000 Pci64Size=0x80000000000
Select Item: 0x5
PlatformMaxCpuCountInitialization: BootCpuCount=16 MaxCpuCount=16
Select Item: 0x19
Select Item: 0x25
PlatformGetLowMemoryCB: LowMemory=0x80000000
GetPeiMemoryCap: page tables:    520 KB (1/1/128/0 pages for levels 5/4/3/2)
GetPeiMemoryCap: ap stacks:      512 KB (16 cpus)
GetPeiMemoryCap: memory cap:   66568 KB
PublishPeiMemory: PhysMemAddressWidth=46 PeiMemoryCap=66568 KB
PeiInstallPeiMemory MemoryBegin 0x7BDFE000, MemoryLength 0x4102000
Select Item: 0x19
Select Item: 0x25
PlatformQemuInitializeRam called
PlatformIgvmParamReserve: 0x812000 +0x1000
Select Item: 0x19
Select Item: 0x25
Select Item: 0x19
Select Item: 0x25
PlatformAddHobCB: Reserved [0xFEFFC000, 0xFF000000)
PlatformAddHobCB: HighMemory [0x100000000, 0x280000000)
SecCoreStartupWithStack(0xFFFCC000, 0x820000)
Register PPI Notify: DCD0BE23-9586-40F4-B643-06522CED4EDE
Install PPI: 8C8CE578-8A3D-4F1C-9935-896185C32DD3
Install PPI: 5473C07A-3DCB-4DCA-BD6F-1E9689E7349A
The 0th FV[6938079B-B503-4E3D-9D24-B28337A25806] start address is 0x00000830000, size is 0x000D0000, handle is 0x830000
Register PPI Notify: 49EDB1C1-BF21-4761-BB12-EB0031AABB39
Register PPI Notify: EA7CA24B-DED5-4DAD-A389-BF827E8F9B38
Install PPI: B9E0ABFE-5979-4914-977F-6DEE78C278A6
Install PPI: DBE23AA9-A345-4B97-85B6-B226F1617389
Install PPI: 138F9CF4-F0E7-4721-8F49-F5FFECF42D40
Install PPI: 869C711D-649C-44FE-8B9E-2CBB2911C3E6
Register PPI Notify: 605EA650-C65C-42E1-BA80-91A52AB618C6
DiscoverPeimsAndOrderWithApriori(): Found 0x9 PEI FFS files in the 0th FV
Loading PEIM 9B3ADA4F-AE56-4C24-8DEA-F03B7558AE50
Loading PEIM at 0x0000083CAC0 EntryPoint=0x0000083FB5E PcdPeim.efi
Install PPI: 06E81C58-4AD7-44BC-8390-F10265F72480
Install PPI: 01F34D25-4DE2-23AD-3FF3-36353FF323F1
Install PPI: 4D8B155B-C059-4C8F-8926-06FD4331DB8A
Install PPI: A60C6B59-E459-425D-9C69-0BCC9CB27D81
Register PPI Notify: 605EA650-C65C-42E1-BA80-91A52AB618C6
Loading PEIM A3610442-E69F-4DF3-82CA-2360C4031A23
Loading PEIM at 0x00000841640 EntryPoint=0x00000842978 ReportStatusCodeRouterPei.efi
Install PPI: 0065D394-9951-4144-82A3-0AFC8579C251
Install PPI: 229832D3-7A30-4B36-B827-F40CB7D45436
Loading PEIM 9D225237-FA01-464C-A949-BAABC02D31D0
Loading PEIM at 0x000008436C0 EntryPoint=0x000008448B7 StatusCodeHandlerPei.efi
Loading PEIM FCB3A3D6-6274-411C-A548-BD0E717D533A
Loading PEIM at 0x000008455C0 EntryPoint=0x000008472F4 TdTcg2Pei.efi
Loading PEIM 222C386D-5ABC-4FB4-B124-FBB82488ACF4
Loading PEIM at 0x000008489C0 EntryPoint=0x000008550DC PlatformPei.efi
Platform PEIM Loaded
Select Item: 0x0
Select Item: 0x1
QemuFwCfgProbe: Supported 1, DMA 1
Select Item: 0x19
Select Item: 0x19
Select Item: 0x19
Select Item: 0x19
Select Item: 0x19
Select Item: 0x19
Select Item: 0x19
Select Item: 0x19
Select Item: 0x0
Cache FwCfg Name: QemuFwCfgSignature Item:0x0 Size: 0x4 
Select Item: 0x1
Cache FwCfg Name: QemuFwCfgInterfaceVersion Item:0x1 Size: 0x4 
Select Item: 0x19
Cache FwCfg Name: QemuFwCfgFileDri Item:0x19 Size: 0x404 
Select Item: 0x25
Cache FwCfg Name: etc/e820 Item:0x25 Size: 0x3C 
Select Item: 0x2B
Cache FwCfg Name: etc/system-states Item:0x2B Size: 0x6 
Select Item: 0xE
Cache FwCfg Name: BootMenu Item:0xE Size: 0x2 
Select Item: 0x21
Cache FwCfg Name: bootorder Item:0x21 Size: 0x48 
QemuFwCfgInitCache Pass!!!
CMOS:
00: 09 00 21 00 13 00 01 03 05 26 26 02 00 80 00 00
10: 00 00 00 00 06 80 02 FF FF 00 00 00 00 00 00 00
20: 00 00 00 00 00 00 00 00 00 00 00 00 00 00 00 00
30: FF FF 20 00 00 7F 00 20 30 00 00 00 00 12 00 00
40: 00 00 00 00 00 00 00 00 00 00 00 00 00 00 00 00
50: 00 00 00 00 00 00 00 00 00 00 00 00 80 01 00 0F
60: 00 00 00 00 00 00 00 00 00 00 00 00 00 00 00 00
70: 00 00 00 00 00 00 00 00 00 00 00 00 00 00 00 00
Select Item: 0x19
Select Item: 0x2B
S3 support was detected on QEMU
Install PPI: 7408D748-FC8C-4EE6-9288-C4BEC092A410
Select Item: 0x19
Select Item: 0x19
Select Item: 0x25
PlatformGetFirstNonAddressCB: FirstNonAddress=0x280000000
Select Item: 0x19
Select Item: 0x19
PlatformSetupPagingLevel: using 4-level paging (PcdUse5LevelPageTable disabled)
PlatformAddressWidthFromCpuid: Signature: 'AuthenticAMD', PhysBits: 48, GuestPhysBits: 0, QemuQuirk: On, la57: Off, Valid: Yes
PlatformAddressWidthFromCpuid: limit PhysBits to 46 (4-level paging)
PlatformDynamicMmioWindow: using dynamic mmio window
PlatformDynamicMmioWindow:   Addr Space 0x400000000000 (65536 GB)
PlatformDynamicMmioWindow:   MMIO Space 0x80000000000 (8192 GB)
Select Item: 0x19
Select Item: 0x25
PlatformDynamicMmioWindow:   Pci64 Base 0x380000000000
PlatformDynamicMmioWindow:   Pci64 Size 0x80000000000
AddressWidthInitialization: Pci64Base=0x380000000000 Pci64Size=0x80000000000
Select Item: 0x5
PlatformMaxCpuCountInitialization: BootCpuCount=16 MaxCpuCount=16
Select Item: 0x19
Select Item: 0x25
PlatformGetLowMemoryCB: LowMemory=0x80000000
GetPeiMemoryCap: page tables:    520 KB (1/1/128/0 pages for levels 5/4/3/2)
GetPeiMemoryCap: ap stacks:      512 KB (16 cpus)
GetPeiMemoryCap: memory cap:   66568 KB
PublishPeiMemory: PhysMemAddressWidth=46 PeiMemoryCap=66568 KB
PeiInstallPeiMemory MemoryBegin 0x7BDFE000, MemoryLength 0x4102000
Select Item: 0x19
Select Item: 0x25
PlatformQemuInitializeRam called
PlatformIgvmParamReserve: 0x812000 +0x1000
Select Item: 0x19
Select Item: 0x25
Select Item: 0x19
Select Item: 0x25
PlatformAddHobCB: Reserved [0xFEFFC000, 0xFF000000)
PlatformAddHobCB: HighMemory [0x100000000, 0x280000000)
SecCoreStartupWithStack(0xFFFCC000, 0x820000)
Register PPI Notify: DCD0BE23-9586-40F4-B643-06522CED4EDE
Install PPI: 8C8CE578-8A3D-4F1C-9935-896185C32DD3
Install PPI: 5473C07A-3DCB-4DCA-BD6F-1E9689E7349A
The 0th FV[6938079B-B503-4E3D-9D24-B28337A25806] start address is 0x00000830000, size is 0x000D0000, handle is 0x830000
Register PPI Notify: 49EDB1C1-BF21-4761-BB12-EB0031AABB39
Register PPI Notify: EA7CA24B-DED5-4DAD-A389-BF827E8F9B38
Install PPI: B9E0ABFE-5979-4914-977F-6DEE78C278A6
Install PPI: DBE23AA9-A345-4B97-85B6-B226F1617389
Install PPI: 138F9CF4-F0E7-4721-8F49-F5FFECF42D40
Install PPI: 869C711D-649C-44FE-8B9E-2CBB2911C3E6
Register PPI Notify: 605EA650-C65C-42E1-BA80-91A52AB618C6
DiscoverPeimsAndOrderWithApriori(): Found 0x9 PEI FFS files in the 0th FV
Loading PEIM 9B3ADA4F-AE56-4C24-8DEA-F03B7558AE50
Loading PEIM at 0x0000083CAC0 EntryPoint=0x0000083FB5E PcdPeim.efi
Install PPI: 06E81C58-4AD7-44BC-8390-F10265F72480
Install PPI: 01F34D25-4DE2-23AD-3FF3-36353FF323F1
Install PPI: 4D8B155B-C059-4C8F-8926-06FD4331DB8A
Install PPI: A60C6B59-E459-425D-9C69-0BCC9CB27D81
Register PPI Notify: 605EA650-C65C-42E1-BA80-91A52AB618C6
Loading PEIM A3610442-E69F-4DF3-82CA-2360C4031A23
Loading PEIM at 0x00000841640 EntryPoint=0x00000842978 ReportStatusCodeRouterPei.efi
Install PPI: 0065D394-9951-4144-82A3-0AFC8579C251
Install PPI: 229832D3-7A30-4B36-B827-F40CB7D45436
Loading PEIM 9D225237-FA01-464C-A949-BAABC02D31D0
Loading PEIM at 0x000008436C0 EntryPoint=0x000008448B7 StatusCodeHandlerPei.efi
Loading PEIM FCB3A3D6-6274-411C-A548-BD0E717D533A
Loading PEIM at 0x000008455C0 EntryPoint=0x000008472F4 TdTcg2Pei.efi
Loading PEIM 222C386D-5ABC-4FB4-B124-FBB82488ACF4
Loading PEIM at 0x000008489C0 EntryPoint=0x000008550DC PlatformPei.efi
Platform PEIM Loaded
Select Item: 0x0
Select Item: 0x1
QemuFwCfgProbe: Supported 1, DMA 1
Select Item: 0x19
Select Item: 0x19
Select Item: 0x19
Select Item: 0x19
Select Item: 0x19
Select Item: 0x19
Select Item: 0x19
Select Item: 0x19
Select Item: 0x0
Cache FwCfg Name: QemuFwCfgSignature Item:0x0 Size: 0x4 
Select Item: 0x1
Cache FwCfg Name: QemuFwCfgInterfaceVersion Item:0x1 Size: 0x4 
Select Item: 0x19
Cache FwCfg Name: QemuFwCfgFileDri Item:0x19 Size: 0x404 
Select Item: 0x25
Cache FwCfg Name: etc/e820 Item:0x25 Size: 0x3C 
Select Item: 0x2B
Cache FwCfg Name: etc/system-states Item:0x2B Size: 0x6 
Select Item: 0xE
Cache FwCfg Name: BootMenu Item:0xE Size: 0x2 
Select Item: 0x21
Cache FwCfg Name: bootorder Item:0x21 Size: 0x48 
QemuFwCfgInitCache Pass!!!
CMOS:
00: 10 00 21 00 13 00 01 03 05 26 26 02 10 80 00 00
10: 00 00 00 00 06 80 02 FF FF 00 00 00 00 00 00 00
20: 00 00 00 00 00 00 00 00 00 00 00 00 00 00 00 00
30: FF FF 20 00 00 7F 00 20 30 00 00 00 00 12 00 00
40: 00 00 00 00 00 00 00 00 00 00 00 00 00 00 00 00
50: 00 00 00 00 00 00 00 00 00 00 00 00 80 01 00 0F
60: 00 00 00 00 00 00 00 00 00 00 00 00 00 00 00 00
70: 00 00 00 00 00 00 00 00 00 00 00 00 00 00 00 00
Select Item: 0x19
Select Item: 0x2B
S3 support was detected on QEMU
Install PPI: 7408D748-FC8C-4EE6-9288-C4BEC092A410
Select Item: 0x19
Select Item: 0x19
Select Item: 0x25
PlatformGetFirstNonAddressCB: FirstNonAddress=0x280000000
Select Item: 0x19
Select Item: 0x19
PlatformSetupPagingLevel: using 4-level paging (PcdUse5LevelPageTable disabled)
PlatformAddressWidthFromCpuid: Signature: 'AuthenticAMD', PhysBits: 48, GuestPhysBits: 0, QemuQuirk: On, la57: Off, Valid: Yes
PlatformAddressWidthFromCpuid: limit PhysBits to 46 (4-level paging)
PlatformDynamicMmioWindow: using dynamic mmio window
PlatformDynamicMmioWindow:   Addr Space 0x400000000000 (65536 GB)
PlatformDynamicMmioWindow:   MMIO Space 0x80000000000 (8192 GB)
Select Item: 0x19
Select Item: 0x25
PlatformDynamicMmioWindow:   Pci64 Base 0x380000000000
PlatformDynamicMmioWindow:   Pci64 Size 0x80000000000
AddressWidthInitialization: Pci64Base=0x380000000000 Pci64Size=0x80000000000
Select Item: 0x5
PlatformMaxCpuCountInitialization: BootCpuCount=16 MaxCpuCount=16
Select Item: 0x19
Select Item: 0x25
PlatformGetLowMemoryCB: LowMemory=0x80000000
GetPeiMemoryCap: page tables:    520 KB (1/1/128/0 pages for levels 5/4/3/2)
GetPeiMemoryCap: ap stacks:      512 KB (16 cpus)
GetPeiMemoryCap: memory cap:   66568 KB
PublishPeiMemory: PhysMemAddressWidth=46 PeiMemoryCap=66568 KB
PeiInstallPeiMemory MemoryBegin 0x7BDFE000, MemoryLength 0x4102000
Select Item: 0x19
Select Item: 0x25
PlatformQemuInitializeRam called
PlatformIgvmParamReserve: 0x812000 +0x1000
Select Item: 0x19
Select Item: 0x25
Select Item: 0x19
Select Item: 0x25
PlatformAddHobCB: Reserved [0xFEFFC000, 0xFF000000)
PlatformAddHobCB: HighMemory [0x100000000, 0x280000000)
SecCoreStartupWithStack(0xFFFCC000, 0x820000)
Register PPI Notify: DCD0BE23-9586-40F4-B643-06522CED4EDE
Install PPI: 8C8CE578-8A3D-4F1C-9935-896185C32DD3
Install PPI: 5473C07A-3DCB-4DCA-BD6F-1E9689E7349A
The 0th FV[6938079B-B503-4E3D-9D24-B28337A25806] start address is 0x00000830000, size is 0x000D0000, handle is 0x830000
Register PPI Notify: 49EDB1C1-BF21-4761-BB12-EB0031AABB39
Register PPI Notify: EA7CA24B-DED5-4DAD-A389-BF827E8F9B38
Install PPI: B9E0ABFE-5979-4914-977F-6DEE78C278A6
Install PPI: DBE23AA9-A345-4B97-85B6-B226F1617389
Install PPI: 138F9CF4-F0E7-4721-8F49-F5FFECF42D40
Install PPI: 869C711D-649C-44FE-8B9E-2CBB2911C3E6
Register PPI Notify: 605EA650-C65C-42E1-BA80-91A52AB618C6
DiscoverPeimsAndOrderWithApriori(): Found 0x9 PEI FFS files in the 0th FV
Loading PEIM 9B3ADA4F-AE56-4C24-8DEA-F03B7558AE50
Loading PEIM at 0x0000083CAC0 EntryPoint=0x0000083FB5E PcdPeim.efi
Install PPI: 06E81C58-4AD7-44BC-8390-F10265F72480
Install PPI: 01F34D25-4DE2-23AD-3FF3-36353FF323F1
Install PPI: 4D8B155B-C059-4C8F-8926-06FD4331DB8A
Install PPI: A60C6B59-E459-425D-9C69-0BCC9CB27D81
Register PPI Notify: 605EA650-C65C-42E1-BA80-91A52AB618C6
Loading PEIM A3610442-E69F-4DF3-82CA-2360C4031A23
Loading PEIM at 0x00000841640 EntryPoint=0x00000842978 ReportStatusCodeRouterPei.efi
Install PPI: 0065D394-9951-4144-82A3-0AFC8579C251
Install PPI: 229832D3-7A30-4B36-B827-F40CB7D45436
Loading PEIM 9D225237-FA01-464C-A949-BAABC02D31D0
Loading PEIM at 0x000008436C0 EntryPoint=0x000008448B7 StatusCodeHandlerPei.efi
Loading PEIM FCB3A3D6-6274-411C-A548-BD0E717D533A
Loading PEIM at 0x000008455C0 EntryPoint=0x000008472F4 TdTcg2Pei.efi
Loading PEIM 222C386D-5ABC-4FB4-B124-FBB82488ACF4
Loading PEIM at 0x000008489C0 EntryPoint=0x000008550DC PlatformPei.efi
Platform PEIM Loaded
Select Item: 0x0
Select Item: 0x1
QemuFwCfgProbe: Supported 1, DMA 1
Select Item: 0x19
Select Item: 0x19
Select Item: 0x19
Select Item: 0x19
Select Item: 0x19
Select Item: 0x19
Select Item: 0x19
Select Item: 0x19
Select Item: 0x0
Cache FwCfg Name: QemuFwCfgSignature Item:0x0 Size: 0x4 
Select Item: 0x1
Cache FwCfg Name: QemuFwCfgInterfaceVersion Item:0x1 Size: 0x4 
Select Item: 0x19
Cache FwCfg Name: QemuFwCfgFileDri Item:0x19 Size: 0x404 
Select Item: 0x25
Cache FwCfg Name: etc/e820 Item:0x25 Size: 0x3C 
Select Item: 0x2B
Cache FwCfg Name: etc/system-states Item:0x2B Size: 0x6 
Select Item: 0xE
Cache FwCfg Name: BootMenu Item:0xE Size: 0x2 
Select Item: 0x21
Cache FwCfg Name: bootorder Item:0x21 Size: 0x48 
QemuFwCfgInitCache Pass!!!
CMOS:
00: 10 00 21 00 13 00 01 03 05 26 26 02 00 80 00 00
10: 00 00 00 00 06 80 02 FF FF 00 00 00 00 00 00 00
20: 00 00 00 00 00 00 00 00 00 00 00 00 00 00 00 00
30: FF FF 20 00 00 7F 00 20 30 00 00 00 00 12 00 00
40: 00 00 00 00 00 00 00 00 00 00 00 00 00 00 00 00
50: 00 00 00 00 00 00 00 00 00 00 00 00 80 01 00 0F
60: 00 00 00 00 00 00 00 00 00 00 00 00 00 00 00 00
70: 00 00 00 00 00 00 00 00 00 00 00 00 00 00 00 00
Select Item: 0x19
Select Item: 0x2B
S3 support was detected on QEMU
Install PPI: 7408D748-FC8C-4EE6-9288-C4BEC092A410
Select Item: 0x19
Select Item: 0x19
Select Item: 0x25
PlatformGetFirstNonAddressCB: FirstNonAddress=0x280000000
Select Item: 0x19
Select Item: 0x19
PlatformSetupPagingLevel: using 4-level paging (PcdUse5LevelPageTable disabled)
PlatformAddressWidthFromCpuid: Signature: 'AuthenticAMD', PhysBits: 48, GuestPhysBits: 0, QemuQuirk: On, la57: Off, Valid: Yes
PlatformAddressWidthFromCpuid: limit PhysBits to 46 (4-level paging)
PlatformDynamicMmioWindow: using dynamic mmio window
PlatformDynamicMmioWindow:   Addr Space 0x400000000000 (65536 GB)
PlatformDynamicMmioWindow:   MMIO Space 0x80000000000 (8192 GB)
Select Item: 0x19
Select Item: 0x25
PlatformDynamicMmioWindow:   Pci64 Base 0x380000000000
PlatformDynamicMmioWindow:   Pci64 Size 0x80000000000
AddressWidthInitialization: Pci64Base=0x380000000000 Pci64Size=0x80000000000
Select Item: 0x5
PlatformMaxCpuCountInitialization: BootCpuCount=16 MaxCpuCount=16
Select Item: 0x19
Select Item: 0x25
PlatformGetLowMemoryCB: LowMemory=0x80000000
GetPeiMemoryCap: page tables:    520 KB (1/1/128/0 pages for levels 5/4/3/2)
GetPeiMemoryCap: ap stacks:      512 KB (16 cpus)
GetPeiMemoryCap: memory cap:   66568 KB
PublishPeiMemory: PhysMemAddressWidth=46 PeiMemoryCap=66568 KB
PeiInstallPeiMemory MemoryBegin 0x7BDFE000, MemoryLength 0x4102000
Select Item: 0x19
Select Item: 0x25
PlatformQemuInitializeRam called
PlatformIgvmParamReserve: 0x812000 +0x1000
Select Item: 0x19
Select Item: 0x25
Select Item: 0x19
Select Item: 0x25
PlatformAddHobCB: Reserved [0xFEFFC000, 0xFF000000)
PlatformAddHobCB: HighMemory [0x100000000, 0x280000000)
SecCoreStartupWithStack(0xFFFCC000, 0x820000)
Register PPI Notify: DCD0BE23-9586-40F4-B643-06522CED4EDE
Install PPI: 8C8CE578-8A3D-4F1C-9935-896185C32DD3
Install PPI: 5473C07A-3DCB-4DCA-BD6F-1E9689E7349A
The 0th FV[6938079B-B503-4E3D-9D24-B28337A25806] start address is 0x00000830000, size is 0x000D0000, handle is 0x830000
Register PPI Notify: 49EDB1C1-BF21-4761-BB12-EB0031AABB39
Register PPI Notify: EA7CA24B-DED5-4DAD-A389-BF827E8F9B38
Install PPI: B9E0ABFE-5979-4914-977F-6DEE78C278A6
Install PPI: DBE23AA9-A345-4B97-85B6-B226F1617389
Install PPI: 138F9CF4-F0E7-4721-8F49-F5FFECF42D40
Install PPI: 869C711D-649C-44FE-8B9E-2CBB2911C3E6
Register PPI Notify: 605EA650-C65C-42E1-BA80-91A52AB618C6
DiscoverPeimsAndOrderWithApriori(): Found 0x9 PEI FFS files in the 0th FV
Loading PEIM 9B3ADA4F-AE56-4C24-8DEA-F03B7558AE50
Loading PEIM at 0x0000083CAC0 EntryPoint=0x0000083FB5E PcdPeim.efi
Install PPI: 06E81C58-4AD7-44BC-8390-F10265F72480
Install PPI: 01F34D25-4DE2-23AD-3FF3-36353FF323F1
Install PPI: 4D8B155B-C059-4C8F-8926-06FD4331DB8A
Install PPI: A60C6B59-E459-425D-9C69-0BCC9CB27D81
Register PPI Notify: 605EA650-C65C-42E1-BA80-91A52AB618C6
Loading PEIM A3610442-E69F-4DF3-82CA-2360C4031A23
Loading PEIM at 0x00000841640 EntryPoint=0x00000842978 ReportStatusCodeRouterPei.efi
Install PPI: 0065D394-9951-4144-82A3-0AFC8579C251
Install PPI: 229832D3-7A30-4B36-B827-F40CB7D45436
Loading PEIM 9D225237-FA01-464C-A949-BAABC02D31D0
Loading PEIM at 0x000008436C0 EntryPoint=0x000008448B7 StatusCodeHandlerPei.efi
Loading PEIM FCB3A3D6-6274-411C-A548-BD0E717D533A
Loading PEIM at 0x000008455C0 EntryPoint=0x000008472F4 TdTcg2Pei.efi
Loading PEIM 222C386D-5ABC-4FB4-B124-FBB82488ACF4
Loading PEIM at 0x000008489C0 EntryPoint=0x000008550DC PlatformPei.efi
Platform PEIM Loaded
Select Item: 0x0
Select Item: 0x1
QemuFwCfgProbe: Supported 1, DMA 1
Select Item: 0x19
Select Item: 0x19
Select Item: 0x19
Select Item: 0x19
Select Item: 0x19
Select Item: 0x19
Select Item: 0x19
Select Item: 0x19
Select Item: 0x0
Cache FwCfg Name: QemuFwCfgSignature Item:0x0 Size: 0x4 
Select Item: 0x1
Cache FwCfg Name: QemuFwCfgInterfaceVersion Item:0x1 Size: 0x4 
Select Item: 0x19
Cache FwCfg Name: QemuFwCfgFileDri Item:0x19 Size: 0x404 
Select Item: 0x25
Cache FwCfg Name: etc/e820 Item:0x25 Size: 0x3C 
Select Item: 0x2B
Cache FwCfg Name: etc/system-states Item:0x2B Size: 0x6 
Select Item: 0xE
Cache FwCfg Name: BootMenu Item:0xE Size: 0x2 
Select Item: 0x21
Cache FwCfg Name: bootorder Item:0x21 Size: 0x48 
QemuFwCfgInitCache Pass!!!
CMOS:
00: 11 00 21 00 13 00 01 03 05 26 26 02 10 80 00 00
10: 00 00 00 00 06 80 02 FF FF 00 00 00 00 00 00 00
20: 00 00 00 00 00 00 00 00 00 00 00 00 00 00 00 00
30: FF FF 20 00 00 7F 00 20 30 00 00 00 00 12 00 00
40: 00 00 00 00 00 00 00 00 00 00 00 00 00 00 00 00
50: 00 00 00 00 00 00 00 00 00 00 00 00 80 01 00 0F
60: 00 00 00 00 00 00 00 00 00 00 00 00 00 00 00 00
70: 00 00 00 00 00 00 00 00 00 00 00 00 00 00 00 00
Select Item: 0x19
Select Item: 0x2B
S3 support was detected on QEMU
Install PPI: 7408D748-FC8C-4EE6-9288-C4BEC092A410
Select Item: 0x19
Select Item: 0x19
Select Item: 0x25
PlatformGetFirstNonAddressCB: FirstNonAddress=0x280000000
Select Item: 0x19
Select Item: 0x19
PlatformSetupPagingLevel: using 4-level paging (PcdUse5LevelPageTable disabled)
PlatformAddressWidthFromCpuid: Signature: 'AuthenticAMD', PhysBits: 48, GuestPhysBits: 0, QemuQuirk: On, la57: Off, Valid: Yes
PlatformAddressWidthFromCpuid: limit PhysBits to 46 (4-level paging)
PlatformDynamicMmioWindow: using dynamic mmio window
PlatformDynamicMmioWindow:   Addr Space 0x400000000000 (65536 GB)
PlatformDynamicMmioWindow:   MMIO Space 0x80000000000 (8192 GB)
Select Item: 0x19
Select Item: 0x25
PlatformDynamicMmioWindow:   Pci64 Base 0x380000000000
PlatformDynamicMmioWindow:   Pci64 Size 0x80000000000
AddressWidthInitialization: Pci64Base=0x380000000000 Pci64Size=0x80000000000
Select Item: 0x5
PlatformMaxCpuCountInitialization: BootCpuCount=16 MaxCpuCount=16
Select Item: 0x19
Select Item: 0x25
PlatformGetLowMemoryCB: LowMemory=0x80000000
GetPeiMemoryCap: page tables:    520 KB (1/1/128/0 pages for levels 5/4/3/2)
GetPeiMemoryCap: ap stacks:      512 KB (16 cpus)
GetPeiMemoryCap: memory cap:   66568 KB
PublishPeiMemory: PhysMemAddressWidth=46 PeiMemoryCap=66568 KB
PeiInstallPeiMemory MemoryBegin 0x7BDFE000, MemoryLength 0x4102000
Select Item: 0x19
Select Item: 0x25
PlatformQemuInitializeRam called
PlatformIgvmParamReserve: 0x812000 +0x1000
Select Item: 0x19
Select Item: 0x25
Select Item: 0x19
Select Item: 0x25
PlatformAddHobCB: Reserved [0xFEFFC000, 0xFF000000)
PlatformAddHobCB: HighMemory [0x100000000, 0x280000000)
SecCoreStartupWithStack(0xFFFCC000, 0x820000)
Register PPI Notify: DCD0BE23-9586-40F4-B643-06522CED4EDE
Install PPI: 8C8CE578-8A3D-4F1C-9935-896185C32DD3
Install PPI: 5473C07A-3DCB-4DCA-BD6F-1E9689E7349A
The 0th FV[6938079B-B503-4E3D-9D24-B28337A25806] start address is 0x00000830000, size is 0x000D0000, handle is 0x830000
Register PPI Notify: 49EDB1C1-BF21-4761-BB12-EB0031AABB39
Register PPI Notify: EA7CA24B-DED5-4DAD-A389-BF827E8F9B38
Install PPI: B9E0ABFE-5979-4914-977F-6DEE78C278A6
Install PPI: DBE23AA9-A345-4B97-85B6-B226F1617389
Install PPI: 138F9CF4-F0E7-4721-8F49-F5FFECF42D40
Install PPI: 869C711D-649C-44FE-8B9E-2CBB2911C3E6
Register PPI Notify: 605EA650-C65C-42E1-BA80-91A52AB618C6
DiscoverPeimsAndOrderWithApriori(): Found 0x9 PEI FFS files in the 0th FV
Loading PEIM 9B3ADA4F-AE56-4C24-8DEA-F03B7558AE50
Loading PEIM at 0x0000083CAC0 EntryPoint=0x0000083FB5E PcdPeim.efi
Install PPI: 06E81C58-4AD7-44BC-8390-F10265F72480
Install PPI: 01F34D25-4DE2-23AD-3FF3-36353FF323F1
Install PPI: 4D8B155B-C059-4C8F-8926-06FD4331DB8A
Install PPI: A60C6B59-E459-425D-9C69-0BCC9CB27D81
Register PPI Notify: 605EA650-C65C-42E1-BA80-91A52AB618C6
Loading PEIM A3610442-E69F-4DF3-82CA-2360C4031A23
Loading PEIM at 0x00000841640 EntryPoint=0x00000842978 ReportStatusCodeRouterPei.efi
Install PPI: 0065D394-9951-4144-82A3-0AFC8579C251
Install PPI: 229832D3-7A30-4B36-B827-F40CB7D45436
Loading PEIM 9D225237-FA01-464C-A949-BAABC02D31D0
Loading PEIM at 0x000008436C0 EntryPoint=0x000008448B7 StatusCodeHandlerPei.efi
Loading PEIM FCB3A3D6-6274-411C-A548-BD0E717D533A
Loading PEIM at 0x000008455C0 EntryPoint=0x000008472F4 TdTcg2Pei.efi
Loading PEIM 222C386D-5ABC-4FB4-B124-FBB82488ACF4
Loading PEIM at 0x000008489C0 EntryPoint=0x000008550DC PlatformPei.efi
Platform PEIM Loaded
Select Item: 0x0
Select Item: 0x1
QemuFwCfgProbe: Supported 1, DMA 1
Select Item: 0x19
Select Item: 0x19
Select Item: 0x19
Select Item: 0x19
Select Item: 0x19
Select Item: 0x19
Select Item: 0x19
Select Item: 0x19
Select Item: 0x0
Cache FwCfg Name: QemuFwCfgSignature Item:0x0 Size: 0x4 
Select Item: 0x1
Cache FwCfg Name: QemuFwCfgInterfaceVersion Item:0x1 Size: 0x4 
Select Item: 0x19
Cache FwCfg Name: QemuFwCfgFileDri Item:0x19 Size: 0x404 
Select Item: 0x25
Cache FwCfg Name: etc/e820 Item:0x25 Size: 0x3C 
Select Item: 0x2B
Cache FwCfg Name: etc/system-states Item:0x2B Size: 0x6 
Select Item: 0xE
Cache FwCfg Name: BootMenu Item:0xE Size: 0x2 
Select Item: 0x21
Cache FwCfg Name: bootorder Item:0x21 Size: 0x48 
QemuFwCfgInitCache Pass!!!
CMOS:
00: 12 00 21 00 13 00 01 03 05 26 26 02 10 80 00 00
10: 00 00 00 00 06 80 02 FF FF 00 00 00 00 00 00 00
20: 00 00 00 00 00 00 00 00 00 00 00 00 00 00 00 00
30: FF FF 20 00 00 7F 00 20 30 00 00 00 00 12 00 00
40: 00 00 00 00 00 00 00 00 00 00 00 00 00 00 00 00
50: 00 00 00 00 00 00 00 00 00 00 00 00 80 01 00 0F
60: 00 00 00 00 00 00 00 00 00 00 00 00 00 00 00 00
70: 00 00 00 00 00 00 00 00 00 00 00 00 00 00 00 00
Select Item: 0x19
Select Item: 0x2B
S3 support was detected on QEMU
Install PPI: 7408D748-FC8C-4EE6-9288-C4BEC092A410
Select Item: 0x19
Select Item: 0x19
Select Item: 0x25
PlatformGetFirstNonAddressCB: FirstNonAddress=0x280000000
Select Item: 0x19
Select Item: 0x19
PlatformSetupPagingLevel: using 4-level paging (PcdUse5LevelPageTable disabled)
PlatformAddressWidthFromCpuid: Signature: 'AuthenticAMD', PhysBits: 48, GuestPhysBits: 0, QemuQuirk: On, la57: Off, Valid: Yes
PlatformAddressWidthFromCpuid: limit PhysBits to 46 (4-level paging)
PlatformDynamicMmioWindow: using dynamic mmio window
PlatformDynamicMmioWindow:   Addr Space 0x400000000000 (65536 GB)
PlatformDynamicMmioWindow:   MMIO Space 0x80000000000 (8192 GB)
Select Item: 0x19
Select Item: 0x25
PlatformDynamicMmioWindow:   Pci64 Base 0x380000000000
PlatformDynamicMmioWindow:   Pci64 Size 0x80000000000
AddressWidthInitialization: Pci64Base=0x380000000000 Pci64Size=0x80000000000
Select Item: 0x5
PlatformMaxCpuCountInitialization: BootCpuCount=16 MaxCpuCount=16
Select Item: 0x19
Select Item: 0x25
PlatformGetLowMemoryCB: LowMemory=0x80000000
GetPeiMemoryCap: page tables:    520 KB (1/1/128/0 pages for levels 5/4/3/2)
GetPeiMemoryCap: ap stacks:      512 KB (16 cpus)
GetPeiMemoryCap: memory cap:   66568 KB
PublishPeiMemory: PhysMemAddressWidth=46 PeiMemoryCap=66568 KB
PeiInstallPeiMemory MemoryBegin 0x7BDFE000, MemoryLength 0x4102000
Select Item: 0x19
Select Item: 0x25
PlatformQemuInitializeRam called
PlatformIgvmParamReserve: 0x812000 +0x1000
Select Item: 0x19
Select Item: 0x25
Select Item: 0x19
Select Item: 0x25
PlatformAddHobCB: Reserved [0xFEFFC000, 0xFF000000)
PlatformAddHobCB: HighMemory [0x100000000, 0x280000000)
SecCoreStartupWithStack(0xFFFCC000, 0x820000)
Register PPI Notify: DCD0BE23-9586-40F4-B643-06522CED4EDE
Install PPI: 8C8CE578-8A3D-4F1C-9935-896185C32DD3
Install PPI: 5473C07A-3DCB-4DCA-BD6F-1E9689E7349A
The 0th FV[6938079B-B503-4E3D-9D24-B28337A25806] start address is 0x00000830000, size is 0x000D0000, handle is 0x830000
Register PPI Notify: 49EDB1C1-BF21-4761-BB12-EB0031AABB39
Register PPI Notify: EA7CA24B-DED5-4DAD-A389-BF827E8F9B38
Install PPI: B9E0ABFE-5979-4914-977F-6DEE78C278A6
Install PPI: DBE23AA9-A345-4B97-85B6-B226F1617389
Install PPI: 138F9CF4-F0E7-4721-8F49-F5FFECF42D40
Install PPI: 869C711D-649C-44FE-8B9E-2CBB2911C3E6
Register PPI Notify: 605EA650-C65C-42E1-BA80-91A52AB618C6
DiscoverPeimsAndOrderWithApriori(): Found 0x9 PEI FFS files in the 0th FV
Loading PEIM 9B3ADA4F-AE56-4C24-8DEA-F03B7558AE50
Loading PEIM at 0x0000083CAC0 EntryPoint=0x0000083FB5E PcdPeim.efi
Install PPI: 06E81C58-4AD7-44BC-8390-F10265F72480
Install PPI: 01F34D25-4DE2-23AD-3FF3-36353FF323F1
Install PPI: 4D8B155B-C059-4C8F-8926-06FD4331DB8A
Install PPI: A60C6B59-E459-425D-9C69-0BCC9CB27D81
Register PPI Notify: 605EA650-C65C-42E1-BA80-91A52AB618C6
Loading PEIM A3610442-E69F-4DF3-82CA-2360C4031A23
Loading PEIM at 0x00000841640 EntryPoint=0x00000842978 ReportStatusCodeRouterPei.efi
Install PPI: 0065D394-9951-4144-82A3-0AFC8579C251
Install PPI: 229832D3-7A30-4B36-B827-F40CB7D45436
Loading PEIM 9D225237-FA01-464C-A949-BAABC02D31D0
Loading PEIM at 0x000008436C0 EntryPoint=0x000008448B7 StatusCodeHandlerPei.efi
Loading PEIM FCB3A3D6-6274-411C-A548-BD0E717D533A
Loading PEIM at 0x000008455C0 EntryPoint=0x000008472F4 TdTcg2Pei.efi
Loading PEIM 222C386D-5ABC-4FB4-B124-FBB82488ACF4
Loading PEIM at 0x000008489C0 EntryPoint=0x000008550DC PlatformPei.efi
Platform PEIM Loaded
Select Item: 0x0
Select Item: 0x1
QemuFwCfgProbe: Supported 1, DMA 1
Select Item: 0x19
Select Item: 0x19
Select Item: 0x19
Select Item: 0x19
Select Item: 0x19
Select Item: 0x19
Select Item: 0x19
Select Item: 0x19
Select Item: 0x0
Cache FwCfg Name: QemuFwCfgSignature Item:0x0 Size: 0x4 
Select Item: 0x1
Cache FwCfg Name: QemuFwCfgInterfaceVersion Item:0x1 Size: 0x4 
Select Item: 0x19
Cache FwCfg Name: QemuFwCfgFileDri Item:0x19 Size: 0x404 
Select Item: 0x25
Cache FwCfg Name: etc/e820 Item:0x25 Size: 0x3C 
Select Item: 0x2B
Cache FwCfg Name: etc/system-states Item:0x2B Size: 0x6 
Select Item: 0xE
Cache FwCfg Name: BootMenu Item:0xE Size: 0x2 
Select Item: 0x21
Cache FwCfg Name: bootorder Item:0x21 Size: 0x48 
QemuFwCfgInitCache Pass!!!
CMOS:
00: 12 00 21 00 13 00 01 03 05 26 26 02 00 80 00 00
10: 00 00 00 00 06 80 02 FF FF 00 00 00 00 00 00 00
20: 00 00 00 00 00 00 00 00 00 00 00 00 00 00 00 00
30: FF FF 20 00 00 7F 00 20 30 00 00 00 00 12 00 00
40: 00 00 00 00 00 00 00 00 00 00 00 00 00 00 00 00
50: 00 00 00 00 00 00 00 00 00 00 00 00 80 01 00 0F
60: 00 00 00 00 00 00 00 00 00 00 00 00 00 00 00 00
70: 00 00 00 00 00 00 00 00 00 00 00 00 00 00 00 00
Select Item: 0x19
Select Item: 0x2B
S3 support was detected on QEMU
Install PPI: 7408D748-FC8C-4EE6-9288-C4BEC092A410
Select Item: 0x19
Select Item: 0x19
Select Item: 0x25
PlatformGetFirstNonAddressCB: FirstNonAddress=0x280000000
Select Item: 0x19
Select Item: 0x19
PlatformSetupPagingLevel: using 4-level paging (PcdUse5LevelPageTable disabled)
PlatformAddressWidthFromCpuid: Signature: 'AuthenticAMD', PhysBits: 48, GuestPhysBits: 0, QemuQuirk: On, la57: Off, Valid: Yes
PlatformAddressWidthFromCpuid: limit PhysBits to 46 (4-level paging)
PlatformDynamicMmioWindow: using dynamic mmio window
PlatformDynamicMmioWindow:   Addr Space 0x400000000000 (65536 GB)
PlatformDynamicMmioWindow:   MMIO Space 0x80000000000 (8192 GB)
Select Item: 0x19
Select Item: 0x25
PlatformDynamicMmioWindow:   Pci64 Base 0x380000000000
PlatformDynamicMmioWindow:   Pci64 Size 0x80000000000
AddressWidthInitialization: Pci64Base=0x380000000000 Pci64Size=0x80000000000
Select Item: 0x5
PlatformMaxCpuCountInitialization: BootCpuCount=16 MaxCpuCount=16
Select Item: 0x19
Select Item: 0x25
PlatformGetLowMemoryCB: LowMemory=0x80000000
GetPeiMemoryCap: page tables:    520 KB (1/1/128/0 pages for levels 5/4/3/2)
GetPeiMemoryCap: ap stacks:      512 KB (16 cpus)
GetPeiMemoryCap: memory cap:   66568 KB
PublishPeiMemory: PhysMemAddressWidth=46 PeiMemoryCap=66568 KB
PeiInstallPeiMemory MemoryBegin 0x7BDFE000, MemoryLength 0x4102000
Select Item: 0x19
Select Item: 0x25
PlatformQemuInitializeRam called
PlatformIgvmParamReserve: 0x812000 +0x1000
Select Item: 0x19
Select Item: 0x25
Select Item: 0x19
Select Item: 0x25
PlatformAddHobCB: Reserved [0xFEFFC000, 0xFF000000)
PlatformAddHobCB: HighMemory [0x100000000, 0x280000000)
SecCoreStartupWithStack(0xFFFCC000, 0x820000)
Register PPI Notify: DCD0BE23-9586-40F4-B643-06522CED4EDE
Install PPI: 8C8CE578-8A3D-4F1C-9935-896185C32DD3
Install PPI: 5473C07A-3DCB-4DCA-BD6F-1E9689E7349A
The 0th FV[6938079B-B503-4E3D-9D24-B28337A25806] start address is 0x00000830000, size is 0x000D0000, handle is 0x830000
Register PPI Notify: 49EDB1C1-BF21-4761-BB12-EB0031AABB39
Register PPI Notify: EA7CA24B-DED5-4DAD-A389-BF827E8F9B38
Install PPI: B9E0ABFE-5979-4914-977F-6DEE78C278A6
Install PPI: DBE23AA9-A345-4B97-85B6-B226F1617389
Install PPI: 138F9CF4-F0E7-4721-8F49-F5FFECF42D40
Install PPI: 869C711D-649C-44FE-8B9E-2CBB2911C3E6
Register PPI Notify: 605EA650-C65C-42E1-BA80-91A52AB618C6
DiscoverPeimsAndOrderWithApriori(): Found 0x9 PEI FFS files in the 0th FV
Loading PEIM 9B3ADA4F-AE56-4C24-8DEA-F03B7558AE50
Loading PEIM at 0x0000083CAC0 EntryPoint=0x0000083FB5E PcdPeim.efi
Install PPI: 06E81C58-4AD7-44BC-8390-F10265F72480
Install PPI: 01F34D25-4DE2-23AD-3FF3-36353FF323F1
Install PPI: 4D8B155B-C059-4C8F-8926-06FD4331DB8A
Install PPI: A60C6B59-E459-425D-9C69-0BCC9CB27D81
Register PPI Notify: 605EA650-C65C-42E1-BA80-91A52AB618C6
Loading PEIM A3610442-E69F-4DF3-82CA-2360C4031A23
Loading PEIM at 0x00000841640 EntryPoint=0x00000842978 ReportStatusCodeRouterPei.efi
Install PPI: 0065D394-9951-4144-82A3-0AFC8579C251
Install PPI: 229832D3-7A30-4B36-B827-F40CB7D45436
Loading PEIM 9D225237-FA01-464C-A949-BAABC02D31D0
Loading PEIM at 0x000008436C0 EntryPoint=0x000008448B7 StatusCodeHandlerPei.efi
Loading PEIM FCB3A3D6-6274-411C-A548-BD0E717D533A
Loading PEIM at 0x000008455C0 EntryPoint=0x000008472F4 TdTcg2Pei.efi
Loading PEIM 222C386D-5ABC-4FB4-B124-FBB82488ACF4
Loading PEIM at 0x000008489C0 EntryPoint=0x000008550DC PlatformPei.efi
Platform PEIM Loaded
Select Item: 0x0
Select Item: 0x1
QemuFwCfgProbe: Supported 1, DMA 1
Select Item: 0x19
Select Item: 0x19
Select Item: 0x19
Select Item: 0x19
Select Item: 0x19
Select Item: 0x19
Select Item: 0x19
Select Item: 0x19
Select Item: 0x0
Cache FwCfg Name: QemuFwCfgSignature Item:0x0 Size: 0x4 
Select Item: 0x1
Cache FwCfg Name: QemuFwCfgInterfaceVersion Item:0x1 Size: 0x4 
Select Item: 0x19
Cache FwCfg Name: QemuFwCfgFileDri Item:0x19 Size: 0x404 
Select Item: 0x25
Cache FwCfg Name: etc/e820 Item:0x25 Size: 0x3C 
Select Item: 0x2B
Cache FwCfg Name: etc/system-states Item:0x2B Size: 0x6 
Select Item: 0xE
Cache FwCfg Name: BootMenu Item:0xE Size: 0x2 
Select Item: 0x21
Cache FwCfg Name: bootorder Item:0x21 Size: 0x48 
QemuFwCfgInitCache Pass!!!
CMOS:
00: 13 00 21 00 13 00 01 03 05 26 26 02 10 80 00 00
10: 00 00 00 00 06 80 02 FF FF 00 00 00 00 00 00 00
20: 00 00 00 00 00 00 00 00 00 00 00 00 00 00 00 00
30: FF FF 20 00 00 7F 00 20 30 00 00 00 00 12 00 00
40: 00 00 00 00 00 00 00 00 00 00 00 00 00 00 00 00
50: 00 00 00 00 00 00 00 00 00 00 00 00 80 01 00 0F
60: 00 00 00 00 00 00 00 00 00 00 00 00 00 00 00 00
70: 00 00 00 00 00 00 00 00 00 00 00 00 00 00 00 00
Select Item: 0x19
Select Item: 0x2B
S3 support was detected on QEMU
Install PPI: 7408D748-FC8C-4EE6-9288-C4BEC092A410
Select Item: 0x19
Select Item: 0x19
Select Item: 0x25
PlatformGetFirstNonAddressCB: FirstNonAddress=0x280000000
Select Item: 0x19
Select Item: 0x19
PlatformSetupPagingLevel: using 4-level paging (PcdUse5LevelPageTable disabled)
PlatformAddressWidthFromCpuid: Signature: 'AuthenticAMD', PhysBits: 48, GuestPhysBits: 0, QemuQuirk: On, la57: Off, Valid: Yes
PlatformAddressWidthFromCpuid: limit PhysBits to 46 (4-level paging)
PlatformDynamicMmioWindow: using dynamic mmio window
PlatformDynamicMmioWindow:   Addr Space 0x400000000000 (65536 GB)
PlatformDynamicMmioWindow:   MMIO Space 0x80000000000 (8192 GB)
Select Item: 0x19
Select Item: 0x25
PlatformDynamicMmioWindow:   Pci64 Base 0x380000000000
PlatformDynamicMmioWindow:   Pci64 Size 0x80000000000
AddressWidthInitialization: Pci64Base=0x380000000000 Pci64Size=0x80000000000
Select Item: 0x5
PlatformMaxCpuCountInitialization: BootCpuCount=16 MaxCpuCount=16
Select Item: 0x19
Select Item: 0x25
PlatformGetLowMemoryCB: LowMemory=0x80000000
GetPeiMemoryCap: page tables:    520 KB (1/1/128/0 pages for levels 5/4/3/2)
GetPeiMemoryCap: ap stacks:      512 KB (16 cpus)
GetPeiMemoryCap: memory cap:   66568 KB
PublishPeiMemory: PhysMemAddressWidth=46 PeiMemoryCap=66568 KB
PeiInstallPeiMemory MemoryBegin 0x7BDFE000, MemoryLength 0x4102000
Select Item: 0x19
Select Item: 0x25
PlatformQemuInitializeRam called
PlatformIgvmParamReserve: 0x812000 +0x1000
Select Item: 0x19
Select Item: 0x25
Select Item: 0x19
Select Item: 0x25
PlatformAddHobCB: Reserved [0xFEFFC000, 0xFF000000)
PlatformAddHobCB: HighMemory [0x100000000, 0x280000000)
SecCoreStartupWithStack(0xFFFCC000, 0x820000)
Register PPI Notify: DCD0BE23-9586-40F4-B643-06522CED4EDE
Install PPI: 8C8CE578-8A3D-4F1C-9935-896185C32DD3
Install PPI: 5473C07A-3DCB-4DCA-BD6F-1E9689E7349A
The 0th FV[6938079B-B503-4E3D-9D24-B28337A25806] start address is 0x00000830000, size is 0x000D0000, handle is 0x830000
Register PPI Notify: 49EDB1C1-BF21-4761-BB12-EB0031AABB39
Register PPI Notify: EA7CA24B-DED5-4DAD-A389-BF827E8F9B38
Install PPI: B9E0ABFE-5979-4914-977F-6DEE78C278A6
Install PPI: DBE23AA9-A345-4B97-85B6-B226F1617389
Install PPI: 138F9CF4-F0E7-4721-8F49-F5FFECF42D40
Install PPI: 869C711D-649C-44FE-8B9E-2CBB2911C3E6
Register PPI Notify: 605EA650-C65C-42E1-BA80-91A52AB618C6
DiscoverPeimsAndOrderWithApriori(): Found 0x9 PEI FFS files in the 0th FV
Loading PEIM 9B3ADA4F-AE56-4C24-8DEA-F03B7558AE50
Loading PEIM at 0x0000083CAC0 EntryPoint=0x0000083FB5E PcdPeim.efi
Install PPI: 06E81C58-4AD7-44BC-8390-F10265F72480
Install PPI: 01F34D25-4DE2-23AD-3FF3-36353FF323F1
Install PPI: 4D8B155B-C059-4C8F-8926-06FD4331DB8A
Install PPI: A60C6B59-E459-425D-9C69-0BCC9CB27D81
Register PPI Notify: 605EA650-C65C-42E1-BA80-91A52AB618C6
Loading PEIM A3610442-E69F-4DF3-82CA-2360C4031A23
Loading PEIM at 0x00000841640 EntryPoint=0x00000842978 ReportStatusCodeRouterPei.efi
Install PPI: 0065D394-9951-4144-82A3-0AFC8579C251
Install PPI: 229832D3-7A30-4B36-B827-F40CB7D45436
Loading PEIM 9D225237-FA01-464C-A949-BAABC02D31D0
Loading PEIM at 0x000008436C0 EntryPoint=0x000008448B7 StatusCodeHandlerPei.efi
Loading PEIM FCB3A3D6-6274-411C-A548-BD0E717D533A
Loading PEIM at 0x000008455C0 EntryPoint=0x000008472F4 TdTcg2Pei.efi
Loading PEIM 222C386D-5ABC-4FB4-B124-FBB82488ACF4
Loading PEIM at 0x000008489C0 EntryPoint=0x000008550DC PlatformPei.efi
Platform PEIM Loaded
Select Item: 0x0
Select Item: 0x1
QemuFwCfgProbe: Supported 1, DMA 1
Select Item: 0x19
Select Item: 0x19
Select Item: 0x19
Select Item: 0x19
Select Item: 0x19
Select Item: 0x19
Select Item: 0x19
Select Item: 0x19
Select Item: 0x0
Cache FwCfg Name: QemuFwCfgSignature Item:0x0 Size: 0x4 
Select Item: 0x1
Cache FwCfg Name: QemuFwCfgInterfaceVersion Item:0x1 Size: 0x4 
Select Item: 0x19
Cache FwCfg Name: QemuFwCfgFileDri Item:0x19 Size: 0x404 
Select Item: 0x25
Cache FwCfg Name: etc/e820 Item:0x25 Size: 0x3C 
Select Item: 0x2B
Cache FwCfg Name: etc/system-states Item:0x2B Size: 0x6 
Select Item: 0xE
Cache FwCfg Name: BootMenu Item:0xE Size: 0x2 
Select Item: 0x21
Cache FwCfg Name: bootorder Item:0x21 Size: 0x48 
QemuFwCfgInitCache Pass!!!
CMOS:
00: 13 00 21 00 13 00 01 03 05 26 26 02 00 80 00 00
10: 00 00 00 00 06 80 02 FF FF 00 00 00 00 00 00 00
20: 00 00 00 00 00 00 00 00 00 00 00 00 00 00 00 00
30: FF FF 20 00 00 7F 00 20 30 00 00 00 00 12 00 00
40: 00 00 00 00 00 00 00 00 00 00 00 00 00 00 00 00
50: 00 00 00 00 00 00 00 00 00 00 00 00 80 01 00 0F
60: 00 00 00 00 00 00 00 00 00 00 00 00 00 00 00 00
70: 00 00 00 00 00 00 00 00 00 00 00 00 00 00 00 00
Select Item: 0x19
Select Item: 0x2B
S3 support was detected on QEMU
Install PPI: 7408D748-FC8C-4EE6-9288-C4BEC092A410
Select Item: 0x19
Select Item: 0x19
Select Item: 0x25
PlatformGetFirstNonAddressCB: FirstNonAddress=0x280000000
Select Item: 0x19
Select Item: 0x19
PlatformSetupPagingLevel: using 4-level paging (PcdUse5LevelPageTable disabled)
PlatformAddressWidthFromCpuid: Signature: 'AuthenticAMD', PhysBits: 48, GuestPhysBits: 0, QemuQuirk: On, la57: Off, Valid: Yes
PlatformAddressWidthFromCpuid: limit PhysBits to 46 (4-level paging)
PlatformDynamicMmioWindow: using dynamic mmio window
PlatformDynamicMmioWindow:   Addr Space 0x400000000000 (65536 GB)
PlatformDynamicMmioWindow:   MMIO Space 0x80000000000 (8192 GB)
Select Item: 0x19
Select Item: 0x25
PlatformDynamicMmioWindow:   Pci64 Base 0x380000000000
PlatformDynamicMmioWindow:   Pci64 Size 0x80000000000
AddressWidthInitialization: Pci64Base=0x380000000000 Pci64Size=0x80000000000
Select Item: 0x5
PlatformMaxCpuCountInitialization: BootCpuCount=16 MaxCpuCount=16
Select Item: 0x19
Select Item: 0x25
PlatformGetLowMemoryCB: LowMemory=0x80000000
GetPeiMemoryCap: page tables:    520 KB (1/1/128/0 pages for levels 5/4/3/2)
GetPeiMemoryCap: ap stacks:      512 KB (16 cpus)
GetPeiMemoryCap: memory cap:   66568 KB
PublishPeiMemory: PhysMemAddressWidth=46 PeiMemoryCap=66568 KB
PeiInstallPeiMemory MemoryBegin 0x7BDFE000, MemoryLength 0x4102000
Select Item: 0x19
Select Item: 0x25
PlatformQemuInitializeRam called
PlatformIgvmParamReserve: 0x812000 +0x1000
Select Item: 0x19
Select Item: 0x25
Select Item: 0x19
Select Item: 0x25
PlatformAddHobCB: Reserved [0xFEFFC000, 0xFF000000)
PlatformAddHobCB: HighMemory [0x100000000, 0x280000000)
SecCoreStartupWithStack(0xFFFCC000, 0x820000)
Register PPI Notify: DCD0BE23-9586-40F4-B643-06522CED4EDE
Install PPI: 8C8CE578-8A3D-4F1C-9935-896185C32DD3
Install PPI: 5473C07A-3DCB-4DCA-BD6F-1E9689E7349A
The 0th FV[6938079B-B503-4E3D-9D24-B28337A25806] start address is 0x00000830000, size is 0x000D0000, handle is 0x830000
Register PPI Notify: 49EDB1C1-BF21-4761-BB12-EB0031AABB39
Register PPI Notify: EA7CA24B-DED5-4DAD-A389-BF827E8F9B38
Install PPI: B9E0ABFE-5979-4914-977F-6DEE78C278A6
Install PPI: DBE23AA9-A345-4B97-85B6-B226F1617389
Install PPI: 138F9CF4-F0E7-4721-8F49-F5FFECF42D40
Install PPI: 869C711D-649C-44FE-8B9E-2CBB2911C3E6
Register PPI Notify: 605EA650-C65C-42E1-BA80-91A52AB618C6
DiscoverPeimsAndOrderWithApriori(): Found 0x9 PEI FFS files in the 0th FV
Loading PEIM 9B3ADA4F-AE56-4C24-8DEA-F03B7558AE50
Loading PEIM at 0x0000083CAC0 EntryPoint=0x0000083FB5E PcdPeim.efi
Install PPI: 06E81C58-4AD7-44BC-8390-F10265F72480
Install PPI: 01F34D25-4DE2-23AD-3FF3-36353FF323F1
Install PPI: 4D8B155B-C059-4C8F-8926-06FD4331DB8A
Install PPI: A60C6B59-E459-425D-9C69-0BCC9CB27D81
Register PPI Notify: 605EA650-C65C-42E1-BA80-91A52AB618C6
Loading PEIM A3610442-E69F-4DF3-82CA-2360C4031A23
Loading PEIM at 0x00000841640 EntryPoint=0x00000842978 ReportStatusCodeRouterPei.efi
Install PPI: 0065D394-9951-4144-82A3-0AFC8579C251
Install PPI: 229832D3-7A30-4B36-B827-F40CB7D45436
Loading PEIM 9D225237-FA01-464C-A949-BAABC02D31D0
Loading PEIM at 0x000008436C0 EntryPoint=0x000008448B7 StatusCodeHandlerPei.efi
Loading PEIM FCB3A3D6-6274-411C-A548-BD0E717D533A
Loading PEIM at 0x000008455C0 EntryPoint=0x000008472F4 TdTcg2Pei.efi
Loading PEIM 222C386D-5ABC-4FB4-B124-FBB82488ACF4
Loading PEIM at 0x000008489C0 EntryPoint=0x000008550DC PlatformPei.efi
Platform PEIM Loaded
Select Item: 0x0
Select Item: 0x1
QemuFwCfgProbe: Supported 1, DMA 1
Select Item: 0x19
Select Item: 0x19
Select Item: 0x19
Select Item: 0x19
Select Item: 0x19
Select Item: 0x19
Select Item: 0x19
Select Item: 0x19
Select Item: 0x0
Cache FwCfg Name: QemuFwCfgSignature Item:0x0 Size: 0x4 
Select Item: 0x1
Cache FwCfg Name: QemuFwCfgInterfaceVersion Item:0x1 Size: 0x4 
Select Item: 0x19
Cache FwCfg Name: QemuFwCfgFileDri Item:0x19 Size: 0x404 
Select Item: 0x25
Cache FwCfg Name: etc/e820 Item:0x25 Size: 0x3C 
Select Item: 0x2B
Cache FwCfg Name: etc/system-states Item:0x2B Size: 0x6 
Select Item: 0xE
Cache FwCfg Name: BootMenu Item:0xE Size: 0x2 
Select Item: 0x21
Cache FwCfg Name: bootorder Item:0x21 Size: 0x48 
QemuFwCfgInitCache Pass!!!
CMOS:
00: 14 00 21 00 13 00 01 03 05 26 26 02 00 80 00 00
10: 00 00 00 00 06 80 02 FF FF 00 00 00 00 00 00 00
20: 00 00 00 00 00 00 00 00 00 00 00 00 00 00 00 00
30: FF FF 20 00 00 7F 00 20 30 00 00 00 00 12 00 00
40: 00 00 00 00 00 00 00 00 00 00 00 00 00 00 00 00
50: 00 00 00 00 00 00 00 00 00 00 00 00 80 01 00 0F
60: 00 00 00 00 00 00 00 00 00 00 00 00 00 00 00 00
70: 00 00 00 00 00 00 00 00 00 00 00 00 00 00 00 00
Select Item: 0x19
Select Item: 0x2B
S3 support was detected on QEMU
Install PPI: 7408D748-FC8C-4EE6-9288-C4BEC092A410
Select Item: 0x19
Select Item: 0x19
Select Item: 0x25
PlatformGetFirstNonAddressCB: FirstNonAddress=0x280000000
Select Item: 0x19
Select Item: 0x19
PlatformSetupPagingLevel: using 4-level paging (PcdUse5LevelPageTable disabled)
PlatformAddressWidthFromCpuid: Signature: 'AuthenticAMD', PhysBits: 48, GuestPhysBits: 0, QemuQuirk: On, la57: Off, Valid: Yes
PlatformAddressWidthFromCpuid: limit PhysBits to 46 (4-level paging)
PlatformDynamicMmioWindow: using dynamic mmio window
PlatformDynamicMmioWindow:   Addr Space 0x400000000000 (65536 GB)
PlatformDynamicMmioWindow:   MMIO Space 0x80000000000 (8192 GB)
Select Item: 0x19
Select Item: 0x25
PlatformDynamicMmioWindow:   Pci64 Base 0x380000000000
PlatformDynamicMmioWindow:   Pci64 Size 0x80000000000
AddressWidthInitialization: Pci64Base=0x380000000000 Pci64Size=0x80000000000
Select Item: 0x5
PlatformMaxCpuCountInitialization: BootCpuCount=16 MaxCpuCount=16
Select Item: 0x19
Select Item: 0x25
PlatformGetLowMemoryCB: LowMemory=0x80000000
GetPeiMemoryCap: page tables:    520 KB (1/1/128/0 pages for levels 5/4/3/2)
GetPeiMemoryCap: ap stacks:      512 KB (16 cpus)
GetPeiMemoryCap: memory cap:   66568 KB
PublishPeiMemory: PhysMemAddressWidth=46 PeiMemoryCap=66568 KB
PeiInstallPeiMemory MemoryBegin 0x7BDFE000, MemoryLength 0x4102000
Select Item: 0x19
Select Item: 0x25
PlatformQemuInitializeRam called
PlatformIgvmParamReserve: 0x812000 +0x1000
Select Item: 0x19
Select Item: 0x25
Select Item: 0x19
Select Item: 0x25
PlatformAddHobCB: Reserved [0xFEFFC000, 0xFF000000)
PlatformAddHobCB: HighMemory [0x100000000, 0x280000000)
SecCoreStartupWithStack(0xFFFCC000, 0x820000)
Register PPI Notify: DCD0BE23-9586-40F4-B643-06522CED4EDE
Install PPI: 8C8CE578-8A3D-4F1C-9935-896185C32DD3
Install PPI: 5473C07A-3DCB-4DCA-BD6F-1E9689E7349A
The 0th FV[6938079B-B503-4E3D-9D24-B28337A25806] start address is 0x00000830000, size is 0x000D0000, handle is 0x830000
Register PPI Notify: 49EDB1C1-BF21-4761-BB12-EB0031AABB39
Register PPI Notify: EA7CA24B-DED5-4DAD-A389-BF827E8F9B38
Install PPI: B9E0ABFE-5979-4914-977F-6DEE78C278A6
Install PPI: DBE23AA9-A345-4B97-85B6-B226F1617389
Install PPI: 138F9CF4-F0E7-4721-8F49-F5FFECF42D40
Install PPI: 869C711D-649C-44FE-8B9E-2CBB2911C3E6
Register PPI Notify: 605EA650-C65C-42E1-BA80-91A52AB618C6
DiscoverPeimsAndOrderWithApriori(): Found 0x9 PEI FFS files in the 0th FV
Loading PEIM 9B3ADA4F-AE56-4C24-8DEA-F03B7558AE50
Loading PEIM at 0x0000083CAC0 EntryPoint=0x0000083FB5E PcdPeim.efi
Install PPI: 06E81C58-4AD7-44BC-8390-F10265F72480
Install PPI: 01F34D25-4DE2-23AD-3FF3-36353FF323F1
Install PPI: 4D8B155B-C059-4C8F-8926-06FD4331DB8A
Install PPI: A60C6B59-E459-425D-9C69-0BCC9CB27D81
Register PPI Notify: 605EA650-C65C-42E1-BA80-91A52AB618C6
Loading PEIM A3610442-E69F-4DF3-82CA-2360C4031A23
Loading PEIM at 0x00000841640 EntryPoint=0x00000842978 ReportStatusCodeRouterPei.efi
Install PPI: 0065D394-9951-4144-82A3-0AFC8579C251
Install PPI: 229832D3-7A30-4B36-B827-F40CB7D45436
Loading PEIM 9D225237-FA01-464C-A949-BAABC02D31D0
Loading PEIM at 0x000008436C0 EntryPoint=0x000008448B7 StatusCodeHandlerPei.efi
Loading PEIM FCB3A3D6-6274-411C-A548-BD0E717D533A
Loading PEIM at 0x000008455C0 EntryPoint=0x000008472F4 TdTcg2Pei.efi
Loading PEIM 222C386D-5ABC-4FB4-B124-FBB82488ACF4
Loading PEIM at 0x000008489C0 EntryPoint=0x000008550DC PlatformPei.efi
Platform PEIM Loaded
Select Item: 0x0
Select Item: 0x1
QemuFwCfgProbe: Supported 1, DMA 1
Select Item: 0x19
Select Item: 0x19
Select Item: 0x19
Select Item: 0x19
Select Item: 0x19
Select Item: 0x19
Select Item: 0x19
Select Item: 0x19
Select Item: 0x0
Cache FwCfg Name: QemuFwCfgSignature Item:0x0 Size: 0x4 
Select Item: 0x1
Cache FwCfg Name: QemuFwCfgInterfaceVersion Item:0x1 Size: 0x4 
Select Item: 0x19
Cache FwCfg Name: QemuFwCfgFileDri Item:0x19 Size: 0x404 
Select Item: 0x25
Cache FwCfg Name: etc/e820 Item:0x25 Size: 0x3C 
Select Item: 0x2B
Cache FwCfg Name: etc/system-states Item:0x2B Size: 0x6 
Select Item: 0xE
Cache FwCfg Name: BootMenu Item:0xE Size: 0x2 
Select Item: 0x21
Cache FwCfg Name: bootorder Item:0x21 Size: 0x48 
QemuFwCfgInitCache Pass!!!
CMOS:
00: 15 00 21 00 13 00 01 03 05 26 26 02 10 80 00 00
10: 00 00 00 00 06 80 02 FF FF 00 00 00 00 00 00 00
20: 00 00 00 00 00 00 00 00 00 00 00 00 00 00 00 00
30: FF FF 20 00 00 7F 00 20 30 00 00 00 00 12 00 00
40: 00 00 00 00 00 00 00 00 00 00 00 00 00 00 00 00
50: 00 00 00 00 00 00 00 00 00 00 00 00 80 01 00 0F
60: 00 00 00 00 00 00 00 00 00 00 00 00 00 00 00 00
70: 00 00 00 00 00 00 00 00 00 00 00 00 00 00 00 00
Select Item: 0x19
Select Item: 0x2B
S3 support was detected on QEMU
Install PPI: 7408D748-FC8C-4EE6-9288-C4BEC092A410
Select Item: 0x19
Select Item: 0x19
Select Item: 0x25
PlatformGetFirstNonAddressCB: FirstNonAddress=0x280000000
Select Item: 0x19
Select Item: 0x19
PlatformSetupPagingLevel: using 4-level paging (PcdUse5LevelPageTable disabled)
PlatformAddressWidthFromCpuid: Signature: 'AuthenticAMD', PhysBits: 48, GuestPhysBits: 0, QemuQuirk: On, la57: Off, Valid: Yes
PlatformAddressWidthFromCpuid: limit PhysBits to 46 (4-level paging)
PlatformDynamicMmioWindow: using dynamic mmio window
PlatformDynamicMmioWindow:   Addr Space 0x400000000000 (65536 GB)
PlatformDynamicMmioWindow:   MMIO Space 0x80000000000 (8192 GB)
Select Item: 0x19
Select Item: 0x25
PlatformDynamicMmioWindow:   Pci64 Base 0x380000000000
PlatformDynamicMmioWindow:   Pci64 Size 0x80000000000
AddressWidthInitialization: Pci64Base=0x380000000000 Pci64Size=0x80000000000
Select Item: 0x5
PlatformMaxCpuCountInitialization: BootCpuCount=16 MaxCpuCount=16
Select Item: 0x19
Select Item: 0x25
PlatformGetLowMemoryCB: LowMemory=0x80000000
GetPeiMemoryCap: page tables:    520 KB (1/1/128/0 pages for levels 5/4/3/2)
GetPeiMemoryCap: ap stacks:      512 KB (16 cpus)
GetPeiMemoryCap: memory cap:   66568 KB
PublishPeiMemory: PhysMemAddressWidth=46 PeiMemoryCap=66568 KB
PeiInstallPeiMemory MemoryBegin 0x7BDFE000, MemoryLength 0x4102000
Select Item: 0x19
Select Item: 0x25
PlatformQemuInitializeRam called
PlatformIgvmParamReserve: 0x812000 +0x1000
Select Item: 0x19
Select Item: 0x25
Select Item: 0x19
Select Item: 0x25
PlatformAddHobCB: Reserved [0xFEFFC000, 0xFF000000)
PlatformAddHobCB: HighMemory [0x100000000, 0x280000000)
SecCoreStartupWithStack(0xFFFCC000, 0x820000)
Register PPI Notify: DCD0BE23-9586-40F4-B643-06522CED4EDE
Install PPI: 8C8CE578-8A3D-4F1C-9935-896185C32DD3
Install PPI: 5473C07A-3DCB-4DCA-BD6F-1E9689E7349A
The 0th FV[6938079B-B503-4E3D-9D24-B28337A25806] start address is 0x00000830000, size is 0x000D0000, handle is 0x830000
Register PPI Notify: 49EDB1C1-BF21-4761-BB12-EB0031AABB39
Register PPI Notify: EA7CA24B-DED5-4DAD-A389-BF827E8F9B38
Install PPI: B9E0ABFE-5979-4914-977F-6DEE78C278A6
Install PPI: DBE23AA9-A345-4B97-85B6-B226F1617389
Install PPI: 138F9CF4-F0E7-4721-8F49-F5FFECF42D40
Install PPI: 869C711D-649C-44FE-8B9E-2CBB2911C3E6
Register PPI Notify: 605EA650-C65C-42E1-BA80-91A52AB618C6
DiscoverPeimsAndOrderWithApriori(): Found 0x9 PEI FFS files in the 0th FV
Loading PEIM 9B3ADA4F-AE56-4C24-8DEA-F03B7558AE50
Loading PEIM at 0x0000083CAC0 EntryPoint=0x0000083FB5E PcdPeim.efi
Install PPI: 06E81C58-4AD7-44BC-8390-F10265F72480
Install PPI: 01F34D25-4DE2-23AD-3FF3-36353FF323F1
Install PPI: 4D8B155B-C059-4C8F-8926-06FD4331DB8A
Install PPI: A60C6B59-E459-425D-9C69-0BCC9CB27D81
Register PPI Notify: 605EA650-C65C-42E1-BA80-91A52AB618C6
Loading PEIM A3610442-E69F-4DF3-82CA-2360C4031A23
Loading PEIM at 0x00000841640 EntryPoint=0x00000842978 ReportStatusCodeRouterPei.efi
Install PPI: 0065D394-9951-4144-82A3-0AFC8579C251
Install PPI: 229832D3-7A30-4B36-B827-F40CB7D45436
Loading PEIM 9D225237-FA01-464C-A949-BAABC02D31D0
Loading PEIM at 0x000008436C0 EntryPoint=0x000008448B7 StatusCodeHandlerPei.efi
Loading PEIM FCB3A3D6-6274-411C-A548-BD0E717D533A
Loading PEIM at 0x000008455C0 EntryPoint=0x000008472F4 TdTcg2Pei.efi
Loading PEIM 222C386D-5ABC-4FB4-B124-FBB82488ACF4
Loading PEIM at 0x000008489C0 EntryPoint=0x000008550DC PlatformPei.efi
Platform PEIM Loaded
Select Item: 0x0
Select Item: 0x1
QemuFwCfgProbe: Supported 1, DMA 1
Select Item: 0x19
Select Item: 0x19
Select Item: 0x19
Select Item: 0x19
Select Item: 0x19
Select Item: 0x19
Select Item: 0x19
Select Item: 0x19
Select Item: 0x0
Cache FwCfg Name: QemuFwCfgSignature Item:0x0 Size: 0x4 
Select Item: 0x1
Cache FwCfg Name: QemuFwCfgInterfaceVersion Item:0x1 Size: 0x4 
Select Item: 0x19
Cache FwCfg Name: QemuFwCfgFileDri Item:0x19 Size: 0x404 
Select Item: 0x25
Cache FwCfg Name: etc/e820 Item:0x25 Size: 0x3C 
Select Item: 0x2B
Cache FwCfg Name: etc/system-states Item:0x2B Size: 0x6 
Select Item: 0xE
Cache FwCfg Name: BootMenu Item:0xE Size: 0x2 
Select Item: 0x21
Cache FwCfg Name: bootorder Item:0x21 Size: 0x48 
QemuFwCfgInitCache Pass!!!
CMOS:
00: 15 00 21 00 13 00 01 03 05 26 26 02 00 80 00 00
10: 00 00 00 00 06 80 02 FF FF 00 00 00 00 00 00 00
20: 00 00 00 00 00 00 00 00 00 00 00 00 00 00 00 00
30: FF FF 20 00 00 7F 00 20 30 00 00 00 00 12 00 00
40: 00 00 00 00 00 00 00 00 00 00 00 00 00 00 00 00
50: 00 00 00 00 00 00 00 00 00 00 00 00 80 01 00 0F
60: 00 00 00 00 00 00 00 00 00 00 00 00 00 00 00 00
70: 00 00 00 00 00 00 00 00 00 00 00 00 00 00 00 00
Select Item: 0x19
Select Item: 0x2B
S3 support was detected on QEMU
Install PPI: 7408D748-FC8C-4EE6-9288-C4BEC092A410
Select Item: 0x19
Select Item: 0x19
Select Item: 0x25
PlatformGetFirstNonAddressCB: FirstNonAddress=0x280000000
Select Item: 0x19
Select Item: 0x19
PlatformSetupPagingLevel: using 4-level paging (PcdUse5LevelPageTable disabled)
PlatformAddressWidthFromCpuid: Signature: 'AuthenticAMD', PhysBits: 48, GuestPhysBits: 0, QemuQuirk: On, la57: Off, Valid: Yes
PlatformAddressWidthFromCpuid: limit PhysBits to 46 (4-level paging)
PlatformDynamicMmioWindow: using dynamic mmio window
PlatformDynamicMmioWindow:   Addr Space 0x400000000000 (65536 GB)
PlatformDynamicMmioWindow:   MMIO Space 0x80000000000 (8192 GB)
Select Item: 0x19
Select Item: 0x25
PlatformDynamicMmioWindow:   Pci64 Base 0x380000000000
PlatformDynamicMmioWindow:   Pci64 Size 0x80000000000
AddressWidthInitialization: Pci64Base=0x380000000000 Pci64Size=0x80000000000
Select Item: 0x5
PlatformMaxCpuCountInitialization: BootCpuCount=16 MaxCpuCount=16
Select Item: 0x19
Select Item: 0x25
PlatformGetLowMemoryCB: LowMemory=0x80000000
GetPeiMemoryCap: page tables:    520 KB (1/1/128/0 pages for levels 5/4/3/2)
GetPeiMemoryCap: ap stacks:      512 KB (16 cpus)
GetPeiMemoryCap: memory cap:   66568 KB
PublishPeiMemory: PhysMemAddressWidth=46 PeiMemoryCap=66568 KB
PeiInstallPeiMemory MemoryBegin 0x7BDFE000, MemoryLength 0x4102000
Select Item: 0x19
Select Item: 0x25
PlatformQemuInitializeRam called
PlatformIgvmParamReserve: 0x812000 +0x1000
Select Item: 0x19
Select Item: 0x25
Select Item: 0x19
Select Item: 0x25
PlatformAddHobCB: Reserved [0xFEFFC000, 0xFF000000)
PlatformAddHobCB: HighMemory [0x100000000, 0x280000000)
SecCoreStartupWithStack(0xFFFCC000, 0x820000)
Register PPI Notify: DCD0BE23-9586-40F4-B643-06522CED4EDE
Install PPI: 8C8CE578-8A3D-4F1C-9935-896185C32DD3
Install PPI: 5473C07A-3DCB-4DCA-BD6F-1E9689E7349A
The 0th FV[6938079B-B503-4E3D-9D24-B28337A25806] start address is 0x00000830000, size is 0x000D0000, handle is 0x830000
Register PPI Notify: 49EDB1C1-BF21-4761-BB12-EB0031AABB39
Register PPI Notify: EA7CA24B-DED5-4DAD-A389-BF827E8F9B38
Install PPI: B9E0ABFE-5979-4914-977F-6DEE78C278A6
Install PPI: DBE23AA9-A345-4B97-85B6-B226F1617389
Install PPI: 138F9CF4-F0E7-4721-8F49-F5FFECF42D40
Install PPI: 869C711D-649C-44FE-8B9E-2CBB2911C3E6
Register PPI Notify: 605EA650-C65C-42E1-BA80-91A52AB618C6
DiscoverPeimsAndOrderWithApriori(): Found 0x9 PEI FFS files in the 0th FV
Loading PEIM 9B3ADA4F-AE56-4C24-8DEA-F03B7558AE50
Loading PEIM at 0x0000083CAC0 EntryPoint=0x0000083FB5E PcdPeim.efi
Install PPI: 06E81C58-4AD7-44BC-8390-F10265F72480
Install PPI: 01F34D25-4DE2-23AD-3FF3-36353FF323F1
Install PPI: 4D8B155B-C059-4C8F-8926-06FD4331DB8A
Install PPI: A60C6B59-E459-425D-9C69-0BCC9CB27D81
Register PPI Notify: 605EA650-C65C-42E1-BA80-91A52AB618C6
Loading PEIM A3610442-E69F-4DF3-82CA-2360C4031A23
Loading PEIM at 0x00000841640 EntryPoint=0x00000842978 ReportStatusCodeRouterPei.efi
Install PPI: 0065D394-9951-4144-82A3-0AFC8579C251
Install PPI: 229832D3-7A30-4B36-B827-F40CB7D45436
Loading PEIM 9D225237-FA01-464C-A949-BAABC02D31D0
Loading PEIM at 0x000008436C0 EntryPoint=0x000008448B7 StatusCodeHandlerPei.efi
Loading PEIM FCB3A3D6-6274-411C-A548-BD0E717D533A
Loading PEIM at 0x000008455C0 EntryPoint=0x000008472F4 TdTcg2Pei.efi
Loading PEIM 222C386D-5ABC-4FB4-B124-FBB82488ACF4
Loading PEIM at 0x000008489C0 EntryPoint=0x000008550DC PlatformPei.efi
Platform PEIM Loaded
Select Item: 0x0
Select Item: 0x1
QemuFwCfgProbe: Supported 1, DMA 1
Select Item: 0x19
Select Item: 0x19
Select Item: 0x19
Select Item: 0x19
Select Item: 0x19
Select Item: 0x19
Select Item: 0x19
Select Item: 0x19
Select Item: 0x0
Cache FwCfg Name: QemuFwCfgSignature Item:0x0 Size: 0x4 
Select Item: 0x1
Cache FwCfg Name: QemuFwCfgInterfaceVersion Item:0x1 Size: 0x4 
Select Item: 0x19
Cache FwCfg Name: QemuFwCfgFileDri Item:0x19 Size: 0x404 
Select Item: 0x25
Cache FwCfg Name: etc/e820 Item:0x25 Size: 0x3C 
Select Item: 0x2B
Cache FwCfg Name: etc/system-states Item:0x2B Size: 0x6 
Select Item: 0xE
Cache FwCfg Name: BootMenu Item:0xE Size: 0x2 
Select Item: 0x21
Cache FwCfg Name: bootorder Item:0x21 Size: 0x48 
QemuFwCfgInitCache Pass!!!
CMOS:
00: 16 00 21 00 13 00 01 03 05 26 26 02 10 80 00 00
10: 00 00 00 00 06 80 02 FF FF 00 00 00 00 00 00 00
20: 00 00 00 00 00 00 00 00 00 00 00 00 00 00 00 00
30: FF FF 20 00 00 7F 00 20 30 00 00 00 00 12 00 00
40: 00 00 00 00 00 00 00 00 00 00 00 00 00 00 00 00
50: 00 00 00 00 00 00 00 00 00 00 00 00 80 01 00 0F
60: 00 00 00 00 00 00 00 00 00 00 00 00 00 00 00 00
70: 00 00 00 00 00 00 00 00 00 00 00 00 00 00 00 00
Select Item: 0x19
Select Item: 0x2B
S3 support was detected on QEMU
Install PPI: 7408D748-FC8C-4EE6-9288-C4BEC092A410
Select Item: 0x19
Select Item: 0x19
Select Item: 0x25
PlatformGetFirstNonAddressCB: FirstNonAddress=0x280000000
Select Item: 0x19
Select Item: 0x19
PlatformSetupPagingLevel: using 4-level paging (PcdUse5LevelPageTable disabled)
PlatformAddressWidthFromCpuid: Signature: 'AuthenticAMD', PhysBits: 48, GuestPhysBits: 0, QemuQuirk: On, la57: Off, Valid: Yes
PlatformAddressWidthFromCpuid: limit PhysBits to 46 (4-level paging)
PlatformDynamicMmioWindow: using dynamic mmio window
PlatformDynamicMmioWindow:   Addr Space 0x400000000000 (65536 GB)
PlatformDynamicMmioWindow:   MMIO Space 0x80000000000 (8192 GB)
Select Item: 0x19
Select Item: 0x25
PlatformDynamicMmioWindow:   Pci64 Base 0x380000000000
PlatformDynamicMmioWindow:   Pci64 Size 0x80000000000
AddressWidthInitialization: Pci64Base=0x380000000000 Pci64Size=0x80000000000
Select Item: 0x5
PlatformMaxCpuCountInitialization: BootCpuCount=16 MaxCpuCount=16
Select Item: 0x19
Select Item: 0x25
PlatformGetLowMemoryCB: LowMemory=0x80000000
GetPeiMemoryCap: page tables:    520 KB (1/1/128/0 pages for levels 5/4/3/2)
GetPeiMemoryCap: ap stacks:      512 KB (16 cpus)
GetPeiMemoryCap: memory cap:   66568 KB
PublishPeiMemory: PhysMemAddressWidth=46 PeiMemoryCap=66568 KB
PeiInstallPeiMemory MemoryBegin 0x7BDFE000, MemoryLength 0x4102000
Select Item: 0x19
Select Item: 0x25
PlatformQemuInitializeRam called
PlatformIgvmParamReserve: 0x812000 +0x1000
Select Item: 0x19
Select Item: 0x25
Select Item: 0x19
Select Item: 0x25
PlatformAddHobCB: Reserved [0xFEFFC000, 0xFF000000)
PlatformAddHobCB: HighMemory [0x100000000, 0x280000000)
SecCoreStartupWithStack(0xFFFCC000, 0x820000)
Register PPI Notify: DCD0BE23-9586-40F4-B643-06522CED4EDE
Install PPI: 8C8CE578-8A3D-4F1C-9935-896185C32DD3
Install PPI: 5473C07A-3DCB-4DCA-BD6F-1E9689E7349A
The 0th FV[6938079B-B503-4E3D-9D24-B28337A25806] start address is 0x00000830000, size is 0x000D0000, handle is 0x830000
Register PPI Notify: 49EDB1C1-BF21-4761-BB12-EB0031AABB39
Register PPI Notify: EA7CA24B-DED5-4DAD-A389-BF827E8F9B38
Install PPI: B9E0ABFE-5979-4914-977F-6DEE78C278A6
Install PPI: DBE23AA9-A345-4B97-85B6-B226F1617389
Install PPI: 138F9CF4-F0E7-4721-8F49-F5FFECF42D40
Install PPI: 869C711D-649C-44FE-8B9E-2CBB2911C3E6
Register PPI Notify: 605EA650-C65C-42E1-BA80-91A52AB618C6
DiscoverPeimsAndOrderWithApriori(): Found 0x9 PEI FFS files in the 0th FV
Loading PEIM 9B3ADA4F-AE56-4C24-8DEA-F03B7558AE50
Loading PEIM at 0x0000083CAC0 EntryPoint=0x0000083FB5E PcdPeim.efi
Install PPI: 06E81C58-4AD7-44BC-8390-F10265F72480
Install PPI: 01F34D25-4DE2-23AD-3FF3-36353FF323F1
Install PPI: 4D8B155B-C059-4C8F-8926-06FD4331DB8A
Install PPI: A60C6B59-E459-425D-9C69-0BCC9CB27D81
Register PPI Notify: 605EA650-C65C-42E1-BA80-91A52AB618C6
Loading PEIM A3610442-E69F-4DF3-82CA-2360C4031A23
Loading PEIM at 0x00000841640 EntryPoint=0x00000842978 ReportStatusCodeRouterPei.efi
Install PPI: 0065D394-9951-4144-82A3-0AFC8579C251
Install PPI: 229832D3-7A30-4B36-B827-F40CB7D45436
Loading PEIM 9D225237-FA01-464C-A949-BAABC02D31D0
Loading PEIM at 0x000008436C0 EntryPoint=0x000008448B7 StatusCodeHandlerPei.efi
Loading PEIM FCB3A3D6-6274-411C-A548-BD0E717D533A
Loading PEIM at 0x000008455C0 EntryPoint=0x000008472F4 TdTcg2Pei.efi
Loading PEIM 222C386D-5ABC-4FB4-B124-FBB82488ACF4
Loading PEIM at 0x000008489C0 EntryPoint=0x000008550DC PlatformPei.efi
Platform PEIM Loaded
Select Item: 0x0
Select Item: 0x1
QemuFwCfgProbe: Supported 1, DMA 1
Select Item: 0x19
Select Item: 0x19
Select Item: 0x19
Select Item: 0x19
Select Item: 0x19
Select Item: 0x19
Select Item: 0x19
Select Item: 0x19
Select Item: 0x0
Cache FwCfg Name: QemuFwCfgSignature Item:0x0 Size: 0x4 
Select Item: 0x1
Cache FwCfg Name: QemuFwCfgInterfaceVersion Item:0x1 Size: 0x4 
Select Item: 0x19
Cache FwCfg Name: QemuFwCfgFileDri Item:0x19 Size: 0x404 
Select Item: 0x25
Cache FwCfg Name: etc/e820 Item:0x25 Size: 0x3C 
Select Item: 0x2B
Cache FwCfg Name: etc/system-states Item:0x2B Size: 0x6 
Select Item: 0xE
Cache FwCfg Name: BootMenu Item:0xE Size: 0x2 
Select Item: 0x21
Cache FwCfg Name: bootorder Item:0x21 Size: 0x48 
QemuFwCfgInitCache Pass!!!
CMOS:
00: 17 00 21 00 13 00 01 03 05 26 26 02 10 80 00 00
10: 00 00 00 00 06 80 02 FF FF 00 00 00 00 00 00 00
20: 00 00 00 00 00 00 00 00 00 00 00 00 00 00 00 00
30: FF FF 20 00 00 7F 00 20 30 00 00 00 00 12 00 00
40: 00 00 00 00 00 00 00 00 00 00 00 00 00 00 00 00
50: 00 00 00 00 00 00 00 00 00 00 00 00 80 01 00 0F
60: 00 00 00 00 00 00 00 00 00 00 00 00 00 00 00 00
70: 00 00 00 00 00 00 00 00 00 00 00 00 00 00 00 00
Select Item: 0x19
Select Item: 0x2B
S3 support was detected on QEMU
Install PPI: 7408D748-FC8C-4EE6-9288-C4BEC092A410
Select Item: 0x19
Select Item: 0x19
Select Item: 0x25
PlatformGetFirstNonAddressCB: FirstNonAddress=0x280000000
Select Item: 0x19
Select Item: 0x19
PlatformSetupPagingLevel: using 4-level paging (PcdUse5LevelPageTable disabled)
PlatformAddressWidthFromCpuid: Signature: 'AuthenticAMD', PhysBits: 48, GuestPhysBits: 0, QemuQuirk: On, la57: Off, Valid: Yes
PlatformAddressWidthFromCpuid: limit PhysBits to 46 (4-level paging)
PlatformDynamicMmioWindow: using dynamic mmio window
PlatformDynamicMmioWindow:   Addr Space 0x400000000000 (65536 GB)
PlatformDynamicMmioWindow:   MMIO Space 0x80000000000 (8192 GB)
Select Item: 0x19
Select Item: 0x25
PlatformDynamicMmioWindow:   Pci64 Base 0x380000000000
PlatformDynamicMmioWindow:   Pci64 Size 0x80000000000
AddressWidthInitialization: Pci64Base=0x380000000000 Pci64Size=0x80000000000
Select Item: 0x5
PlatformMaxCpuCountInitialization: BootCpuCount=16 MaxCpuCount=16
Select Item: 0x19
Select Item: 0x25
PlatformGetLowMemoryCB: LowMemory=0x80000000
GetPeiMemoryCap: page tables:    520 KB (1/1/128/0 pages for levels 5/4/3/2)
GetPeiMemoryCap: ap stacks:      512 KB (16 cpus)
GetPeiMemoryCap: memory cap:   66568 KB
PublishPeiMemory: PhysMemAddressWidth=46 PeiMemoryCap=66568 KB
PeiInstallPeiMemory MemoryBegin 0x7BDFE000, MemoryLength 0x4102000
Select Item: 0x19
Select Item: 0x25
PlatformQemuInitializeRam called
PlatformIgvmParamReserve: 0x812000 +0x1000
Select Item: 0x19
Select Item: 0x25
Select Item: 0x19
Select Item: 0x25
PlatformAddHobCB: Reserved [0xFEFFC000, 0xFF000000)
PlatformAddHobCB: HighMemory [0x100000000, 0x280000000)
SecCoreStartupWithStack(0xFFFCC000, 0x820000)
Register PPI Notify: DCD0BE23-9586-40F4-B643-06522CED4EDE
Install PPI: 8C8CE578-8A3D-4F1C-9935-896185C32DD3
Install PPI: 5473C07A-3DCB-4DCA-BD6F-1E9689E7349A
The 0th FV[6938079B-B503-4E3D-9D24-B28337A25806] start address is 0x00000830000, size is 0x000D0000, handle is 0x830000
Register PPI Notify: 49EDB1C1-BF21-4761-BB12-EB0031AABB39
Register PPI Notify: EA7CA24B-DED5-4DAD-A389-BF827E8F9B38
Install PPI: B9E0ABFE-5979-4914-977F-6DEE78C278A6
Install PPI: DBE23AA9-A345-4B97-85B6-B226F1617389
Install PPI: 138F9CF4-F0E7-4721-8F49-F5FFECF42D40
Install PPI: 869C711D-649C-44FE-8B9E-2CBB2911C3E6
Register PPI Notify: 605EA650-C65C-42E1-BA80-91A52AB618C6
DiscoverPeimsAndOrderWithApriori(): Found 0x9 PEI FFS files in the 0th FV
Loading PEIM 9B3ADA4F-AE56-4C24-8DEA-F03B7558AE50
Loading PEIM at 0x0000083CAC0 EntryPoint=0x0000083FB5E PcdPeim.efi
Install PPI: 06E81C58-4AD7-44BC-8390-F10265F72480
Install PPI: 01F34D25-4DE2-23AD-3FF3-36353FF323F1
Install PPI: 4D8B155B-C059-4C8F-8926-06FD4331DB8A
Install PPI: A60C6B59-E459-425D-9C69-0BCC9CB27D81
Register PPI Notify: 605EA650-C65C-42E1-BA80-91A52AB618C6
Loading PEIM A3610442-E69F-4DF3-82CA-2360C4031A23
Loading PEIM at 0x00000841640 EntryPoint=0x00000842978 ReportStatusCodeRouterPei.efi
Install PPI: 0065D394-9951-4144-82A3-0AFC8579C251
Install PPI: 229832D3-7A30-4B36-B827-F40CB7D45436
Loading PEIM 9D225237-FA01-464C-A949-BAABC02D31D0
Loading PEIM at 0x000008436C0 EntryPoint=0x000008448B7 StatusCodeHandlerPei.efi
Loading PEIM FCB3A3D6-6274-411C-A548-BD0E717D533A
Loading PEIM at 0x000008455C0 EntryPoint=0x000008472F4 TdTcg2Pei.efi
Loading PEIM 222C386D-5ABC-4FB4-B124-FBB82488ACF4
Loading PEIM at 0x000008489C0 EntryPoint=0x000008550DC PlatformPei.efi
Platform PEIM Loaded
Select Item: 0x0
Select Item: 0x1
QemuFwCfgProbe: Supported 1, DMA 1
Select Item: 0x19
Select Item: 0x19
Select Item: 0x19
Select Item: 0x19
Select Item: 0x19
Select Item: 0x19
Select Item: 0x19
Select Item: 0x19
Select Item: 0x0
Cache FwCfg Name: QemuFwCfgSignature Item:0x0 Size: 0x4 
Select Item: 0x1
Cache FwCfg Name: QemuFwCfgInterfaceVersion Item:0x1 Size: 0x4 
Select Item: 0x19
Cache FwCfg Name: QemuFwCfgFileDri Item:0x19 Size: 0x404 
Select Item: 0x25
Cache FwCfg Name: etc/e820 Item:0x25 Size: 0x3C 
Select Item: 0x2B
Cache FwCfg Name: etc/system-states Item:0x2B Size: 0x6 
Select Item: 0xE
Cache FwCfg Name: BootMenu Item:0xE Size: 0x2 
Select Item: 0x21
Cache FwCfg Name: bootorder Item:0x21 Size: 0x48 
QemuFwCfgInitCache Pass!!!
CMOS:
00: 17 00 21 00 13 00 01 03 05 26 26 02 00 80 00 00
10: 00 00 00 00 06 80 02 FF FF 00 00 00 00 00 00 00
20: 00 00 00 00 00 00 00 00 00 00 00 00 00 00 00 00
30: FF FF 20 00 00 7F 00 20 30 00 00 00 00 12 00 00
40: 00 00 00 00 00 00 00 00 00 00 00 00 00 00 00 00
50: 00 00 00 00 00 00 00 00 00 00 00 00 80 01 00 0F
60: 00 00 00 00 00 00 00 00 00 00 00 00 00 00 00 00
70: 00 00 00 00 00 00 00 00 00 00 00 00 00 00 00 00
Select Item: 0x19
Select Item: 0x2B
S3 support was detected on QEMU
Install PPI: 7408D748-FC8C-4EE6-9288-C4BEC092A410
Select Item: 0x19
Select Item: 0x19
Select Item: 0x25
PlatformGetFirstNonAddressCB: FirstNonAddress=0x280000000
Select Item: 0x19
Select Item: 0x19
PlatformSetupPagingLevel: using 4-level paging (PcdUse5LevelPageTable disabled)
PlatformAddressWidthFromCpuid: Signature: 'AuthenticAMD', PhysBits: 48, GuestPhysBits: 0, QemuQuirk: On, la57: Off, Valid: Yes
PlatformAddressWidthFromCpuid: limit PhysBits to 46 (4-level paging)
PlatformDynamicMmioWindow: using dynamic mmio window
PlatformDynamicMmioWindow:   Addr Space 0x400000000000 (65536 GB)
PlatformDynamicMmioWindow:   MMIO Space 0x80000000000 (8192 GB)
Select Item: 0x19
Select Item: 0x25
PlatformDynamicMmioWindow:   Pci64 Base 0x380000000000
PlatformDynamicMmioWindow:   Pci64 Size 0x80000000000
AddressWidthInitialization: Pci64Base=0x380000000000 Pci64Size=0x80000000000
Select Item: 0x5
PlatformMaxCpuCountInitialization: BootCpuCount=16 MaxCpuCount=16
Select Item: 0x19
Select Item: 0x25
PlatformGetLowMemoryCB: LowMemory=0x80000000
GetPeiMemoryCap: page tables:    520 KB (1/1/128/0 pages for levels 5/4/3/2)
GetPeiMemoryCap: ap stacks:      512 KB (16 cpus)
GetPeiMemoryCap: memory cap:   66568 KB
PublishPeiMemory: PhysMemAddressWidth=46 PeiMemoryCap=66568 KB
PeiInstallPeiMemory MemoryBegin 0x7BDFE000, MemoryLength 0x4102000
Select Item: 0x19
Select Item: 0x25
PlatformQemuInitializeRam called
PlatformIgvmParamReserve: 0x812000 +0x1000
Select Item: 0x19
Select Item: 0x25
Select Item: 0x19
Select Item: 0x25
PlatformAddHobCB: Reserved [0xFEFFC000, 0xFF000000)
PlatformAddHobCB: HighMemory [0x100000000, 0x280000000)
SecCoreStartupWithStack(0xFFFCC000, 0x820000)
Register PPI Notify: DCD0BE23-9586-40F4-B643-06522CED4EDE
Install PPI: 8C8CE578-8A3D-4F1C-9935-896185C32DD3
Install PPI: 5473C07A-3DCB-4DCA-BD6F-1E9689E7349A
The 0th FV[6938079B-B503-4E3D-9D24-B28337A25806] start address is 0x00000830000, size is 0x000D0000, handle is 0x830000
Register PPI Notify: 49EDB1C1-BF21-4761-BB12-EB0031AABB39
Register PPI Notify: EA7CA24B-DED5-4DAD-A389-BF827E8F9B38
Install PPI: B9E0ABFE-5979-4914-977F-6DEE78C278A6
Install PPI: DBE23AA9-A345-4B97-85B6-B226F1617389
Install PPI: 138F9CF4-F0E7-4721-8F49-F5FFECF42D40
Install PPI: 869C711D-649C-44FE-8B9E-2CBB2911C3E6
Register PPI Notify: 605EA650-C65C-42E1-BA80-91A52AB618C6
DiscoverPeimsAndOrderWithApriori(): Found 0x9 PEI FFS files in the 0th FV
Loading PEIM 9B3ADA4F-AE56-4C24-8DEA-F03B7558AE50
Loading PEIM at 0x0000083CAC0 EntryPoint=0x0000083FB5E PcdPeim.efi
Install PPI: 06E81C58-4AD7-44BC-8390-F10265F72480
Install PPI: 01F34D25-4DE2-23AD-3FF3-36353FF323F1
Install PPI: 4D8B155B-C059-4C8F-8926-06FD4331DB8A
Install PPI: A60C6B59-E459-425D-9C69-0BCC9CB27D81
Register PPI Notify: 605EA650-C65C-42E1-BA80-91A52AB618C6
Loading PEIM A3610442-E69F-4DF3-82CA-2360C4031A23
Loading PEIM at 0x00000841640 EntryPoint=0x00000842978 ReportStatusCodeRouterPei.efi
Install PPI: 0065D394-9951-4144-82A3-0AFC8579C251
Install PPI: 229832D3-7A30-4B36-B827-F40CB7D45436
Loading PEIM 9D225237-FA01-464C-A949-BAABC02D31D0
Loading PEIM at 0x000008436C0 EntryPoint=0x000008448B7 StatusCodeHandlerPei.efi
Loading PEIM FCB3A3D6-6274-411C-A548-BD0E717D533A
Loading PEIM at 0x000008455C0 EntryPoint=0x000008472F4 TdTcg2Pei.efi
Loading PEIM 222C386D-5ABC-4FB4-B124-FBB82488ACF4
Loading PEIM at 0x000008489C0 EntryPoint=0x000008550DC PlatformPei.efi
Platform PEIM Loaded
Select Item: 0x0
Select Item: 0x1
QemuFwCfgProbe: Supported 1, DMA 1
Select Item: 0x19
Select Item: 0x19
Select Item: 0x19
Select Item: 0x19
Select Item: 0x19
Select Item: 0x19
Select Item: 0x19
Select Item: 0x19
Select Item: 0x0
Cache FwCfg Name: QemuFwCfgSignature Item:0x0 Size: 0x4 
Select Item: 0x1
Cache FwCfg Name: QemuFwCfgInterfaceVersion Item:0x1 Size: 0x4 
Select Item: 0x19
Cache FwCfg Name: QemuFwCfgFileDri Item:0x19 Size: 0x404 
Select Item: 0x25
Cache FwCfg Name: etc/e820 Item:0x25 Size: 0x3C 
Select Item: 0x2B
Cache FwCfg Name: etc/system-states Item:0x2B Size: 0x6 
Select Item: 0xE
Cache FwCfg Name: BootMenu Item:0xE Size: 0x2 
Select Item: 0x21
Cache FwCfg Name: bootorder Item:0x21 Size: 0x48 
QemuFwCfgInitCache Pass!!!
CMOS:
00: 18 00 21 00 13 00 01 03 05 26 26 02 10 80 00 00
10: 00 00 00 00 06 80 02 FF FF 00 00 00 00 00 00 00
20: 00 00 00 00 00 00 00 00 00 00 00 00 00 00 00 00
30: FF FF 20 00 00 7F 00 20 30 00 00 00 00 12 00 00
40: 00 00 00 00 00 00 00 00 00 00 00 00 00 00 00 00
50: 00 00 00 00 00 00 00 00 00 00 00 00 80 01 00 0F
60: 00 00 00 00 00 00 00 00 00 00 00 00 00 00 00 00
70: 00 00 00 00 00 00 00 00 00 00 00 00 00 00 00 00
Select Item: 0x19
Select Item: 0x2B
S3 support was detected on QEMU
Install PPI: 7408D748-FC8C-4EE6-9288-C4BEC092A410
Select Item: 0x19
Select Item: 0x19
Select Item: 0x25
PlatformGetFirstNonAddressCB: FirstNonAddress=0x280000000
Select Item: 0x19
Select Item: 0x19
PlatformSetupPagingLevel: using 4-level paging (PcdUse5LevelPageTable disabled)
PlatformAddressWidthFromCpuid: Signature: 'AuthenticAMD', PhysBits: 48, GuestPhysBits: 0, QemuQuirk: On, la57: Off, Valid: Yes
PlatformAddressWidthFromCpuid: limit PhysBits to 46 (4-level paging)
PlatformDynamicMmioWindow: using dynamic mmio window
PlatformDynamicMmioWindow:   Addr Space 0x400000000000 (65536 GB)
PlatformDynamicMmioWindow:   MMIO Space 0x80000000000 (8192 GB)
Select Item: 0x19
Select Item: 0x25
PlatformDynamicMmioWindow:   Pci64 Base 0x380000000000
PlatformDynamicMmioWindow:   Pci64 Size 0x80000000000
AddressWidthInitialization: Pci64Base=0x380000000000 Pci64Size=0x80000000000
Select Item: 0x5
PlatformMaxCpuCountInitialization: BootCpuCount=16 MaxCpuCount=16
Select Item: 0x19
Select Item: 0x25
PlatformGetLowMemoryCB: LowMemory=0x80000000
GetPeiMemoryCap: page tables:    520 KB (1/1/128/0 pages for levels 5/4/3/2)
GetPeiMemoryCap: ap stacks:      512 KB (16 cpus)
GetPeiMemoryCap: memory cap:   66568 KB
PublishPeiMemory: PhysMemAddressWidth=46 PeiMemoryCap=66568 KB
PeiInstallPeiMemory MemoryBegin 0x7BDFE000, MemoryLength 0x4102000
Select Item: 0x19
Select Item: 0x25
PlatformQemuInitializeRam called
PlatformIgvmParamReserve: 0x812000 +0x1000
Select Item: 0x19
Select Item: 0x25
Select Item: 0x19
Select Item: 0x25
PlatformAddHobCB: Reserved [0xFEFFC000, 0xFF000000)
PlatformAddHobCB: HighMemory [0x100000000, 0x280000000)
SecCoreStartupWithStack(0xFFFCC000, 0x820000)
Register PPI Notify: DCD0BE23-9586-40F4-B643-06522CED4EDE
Install PPI: 8C8CE578-8A3D-4F1C-9935-896185C32DD3
Install PPI: 5473C07A-3DCB-4DCA-BD6F-1E9689E7349A
The 0th FV[6938079B-B503-4E3D-9D24-B28337A25806] start address is 0x00000830000, size is 0x000D0000, handle is 0x830000
Register PPI Notify: 49EDB1C1-BF21-4761-BB12-EB0031AABB39
Register PPI Notify: EA7CA24B-DED5-4DAD-A389-BF827E8F9B38
Install PPI: B9E0ABFE-5979-4914-977F-6DEE78C278A6
Install PPI: DBE23AA9-A345-4B97-85B6-B226F1617389
Install PPI: 138F9CF4-F0E7-4721-8F49-F5FFECF42D40
Install PPI: 869C711D-649C-44FE-8B9E-2CBB2911C3E6
Register PPI Notify: 605EA650-C65C-42E1-BA80-91A52AB618C6
DiscoverPeimsAndOrderWithApriori(): Found 0x9 PEI FFS files in the 0th FV
Loading PEIM 9B3ADA4F-AE56-4C24-8DEA-F03B7558AE50
Loading PEIM at 0x0000083CAC0 EntryPoint=0x0000083FB5E PcdPeim.efi
Install PPI: 06E81C58-4AD7-44BC-8390-F10265F72480
Install PPI: 01F34D25-4DE2-23AD-3FF3-36353FF323F1
Install PPI: 4D8B155B-C059-4C8F-8926-06FD4331DB8A
Install PPI: A60C6B59-E459-425D-9C69-0BCC9CB27D81
Register PPI Notify: 605EA650-C65C-42E1-BA80-91A52AB618C6
Loading PEIM A3610442-E69F-4DF3-82CA-2360C4031A23
Loading PEIM at 0x00000841640 EntryPoint=0x00000842978 ReportStatusCodeRouterPei.efi
Install PPI: 0065D394-9951-4144-82A3-0AFC8579C251
Install PPI: 229832D3-7A30-4B36-B827-F40CB7D45436
Loading PEIM 9D225237-FA01-464C-A949-BAABC02D31D0
Loading PEIM at 0x000008436C0 EntryPoint=0x000008448B7 StatusCodeHandlerPei.efi
Loading PEIM FCB3A3D6-6274-411C-A548-BD0E717D533A
Loading PEIM at 0x000008455C0 EntryPoint=0x000008472F4 TdTcg2Pei.efi
Loading PEIM 222C386D-5ABC-4FB4-B124-FBB82488ACF4
Loading PEIM at 0x000008489C0 EntryPoint=0x000008550DC PlatformPei.efi
Platform PEIM Loaded
Select Item: 0x0
Select Item: 0x1
QemuFwCfgProbe: Supported 1, DMA 1
Select Item: 0x19
Select Item: 0x19
Select Item: 0x19
Select Item: 0x19
Select Item: 0x19
Select Item: 0x19
Select Item: 0x19
Select Item: 0x19
Select Item: 0x0
Cache FwCfg Name: QemuFwCfgSignature Item:0x0 Size: 0x4 
Select Item: 0x1
Cache FwCfg Name: QemuFwCfgInterfaceVersion Item:0x1 Size: 0x4 
Select Item: 0x19
Cache FwCfg Name: QemuFwCfgFileDri Item:0x19 Size: 0x404 
Select Item: 0x25
Cache FwCfg Name: etc/e820 Item:0x25 Size: 0x3C 
Select Item: 0x2B
Cache FwCfg Name: etc/system-states Item:0x2B Size: 0x6 
Select Item: 0xE
Cache FwCfg Name: BootMenu Item:0xE Size: 0x2 
Select Item: 0x21
Cache FwCfg Name: bootorder Item:0x21 Size: 0x48 
QemuFwCfgInitCache Pass!!!
CMOS:
00: 19 00 21 00 13 00 01 03 05 26 26 02 10 80 00 00
10: 00 00 00 00 06 80 02 FF FF 00 00 00 00 00 00 00
20: 00 00 00 00 00 00 00 00 00 00 00 00 00 00 00 00
30: FF FF 20 00 00 7F 00 20 30 00 00 00 00 12 00 00
40: 00 00 00 00 00 00 00 00 00 00 00 00 00 00 00 00
50: 00 00 00 00 00 00 00 00 00 00 00 00 80 01 00 0F
60: 00 00 00 00 00 00 00 00 00 00 00 00 00 00 00 00
70: 00 00 00 00 00 00 00 00 00 00 00 00 00 00 00 00
Select Item: 0x19
Select Item: 0x2B
S3 support was detected on QEMU
Install PPI: 7408D748-FC8C-4EE6-9288-C4BEC092A410
Select Item: 0x19
Select Item: 0x19
Select Item: 0x25
PlatformGetFirstNonAddressCB: FirstNonAddress=0x280000000
Select Item: 0x19
Select Item: 0x19
PlatformSetupPagingLevel: using 4-level paging (PcdUse5LevelPageTable disabled)
PlatformAddressWidthFromCpuid: Signature: 'AuthenticAMD', PhysBits: 48, GuestPhysBits: 0, QemuQuirk: On, la57: Off, Valid: Yes
PlatformAddressWidthFromCpuid: limit PhysBits to 46 (4-level paging)
PlatformDynamicMmioWindow: using dynamic mmio window
PlatformDynamicMmioWindow:   Addr Space 0x400000000000 (65536 GB)
PlatformDynamicMmioWindow:   MMIO Space 0x80000000000 (8192 GB)
Select Item: 0x19
Select Item: 0x25
PlatformDynamicMmioWindow:   Pci64 Base 0x380000000000
PlatformDynamicMmioWindow:   Pci64 Size 0x80000000000
AddressWidthInitialization: Pci64Base=0x380000000000 Pci64Size=0x80000000000
Select Item: 0x5
PlatformMaxCpuCountInitialization: BootCpuCount=16 MaxCpuCount=16
Select Item: 0x19
Select Item: 0x25
PlatformGetLowMemoryCB: LowMemory=0x80000000
GetPeiMemoryCap: page tables:    520 KB (1/1/128/0 pages for levels 5/4/3/2)
GetPeiMemoryCap: ap stacks:      512 KB (16 cpus)
GetPeiMemoryCap: memory cap:   66568 KB
PublishPeiMemory: PhysMemAddressWidth=46 PeiMemoryCap=66568 KB
PeiInstallPeiMemory MemoryBegin 0x7BDFE000, MemoryLength 0x4102000
Select Item: 0x19
Select Item: 0x25
PlatformQemuInitializeRam called
PlatformIgvmParamReserve: 0x812000 +0x1000
Select Item: 0x19
Select Item: 0x25
Select Item: 0x19
Select Item: 0x25
PlatformAddHobCB: Reserved [0xFEFFC000, 0xFF000000)
PlatformAddHobCB: HighMemory [0x100000000, 0x280000000)
SecCoreStartupWithStack(0xFFFCC000, 0x820000)
Register PPI Notify: DCD0BE23-9586-40F4-B643-06522CED4EDE
Install PPI: 8C8CE578-8A3D-4F1C-9935-896185C32DD3
Install PPI: 5473C07A-3DCB-4DCA-BD6F-1E9689E7349A
The 0th FV[6938079B-B503-4E3D-9D24-B28337A25806] start address is 0x00000830000, size is 0x000D0000, handle is 0x830000
Register PPI Notify: 49EDB1C1-BF21-4761-BB12-EB0031AABB39
Register PPI Notify: EA7CA24B-DED5-4DAD-A389-BF827E8F9B38
Install PPI: B9E0ABFE-5979-4914-977F-6DEE78C278A6
Install PPI: DBE23AA9-A345-4B97-85B6-B226F1617389
Install PPI: 138F9CF4-F0E7-4721-8F49-F5FFECF42D40
Install PPI: 869C711D-649C-44FE-8B9E-2CBB2911C3E6
Register PPI Notify: 605EA650-C65C-42E1-BA80-91A52AB618C6
DiscoverPeimsAndOrderWithApriori(): Found 0x9 PEI FFS files in the 0th FV
Loading PEIM 9B3ADA4F-AE56-4C24-8DEA-F03B7558AE50
Loading PEIM at 0x0000083CAC0 EntryPoint=0x0000083FB5E PcdPeim.efi
Install PPI: 06E81C58-4AD7-44BC-8390-F10265F72480
Install PPI: 01F34D25-4DE2-23AD-3FF3-36353FF323F1
Install PPI: 4D8B155B-C059-4C8F-8926-06FD4331DB8A
Install PPI: A60C6B59-E459-425D-9C69-0BCC9CB27D81
Register PPI Notify: 605EA650-C65C-42E1-BA80-91A52AB618C6
Loading PEIM A3610442-E69F-4DF3-82CA-2360C4031A23
Loading PEIM at 0x00000841640 EntryPoint=0x00000842978 ReportStatusCodeRouterPei.efi
Install PPI: 0065D394-9951-4144-82A3-0AFC8579C251
Install PPI: 229832D3-7A30-4B36-B827-F40CB7D45436
Loading PEIM 9D225237-FA01-464C-A949-BAABC02D31D0
Loading PEIM at 0x000008436C0 EntryPoint=0x000008448B7 StatusCodeHandlerPei.efi
Loading PEIM FCB3A3D6-6274-411C-A548-BD0E717D533A
Loading PEIM at 0x000008455C0 EntryPoint=0x000008472F4 TdTcg2Pei.efi
Loading PEIM 222C386D-5ABC-4FB4-B124-FBB82488ACF4
Loading PEIM at 0x000008489C0 EntryPoint=0x000008550DC PlatformPei.efi
Platform PEIM Loaded
Select Item: 0x0
Select Item: 0x1
QemuFwCfgProbe: Supported 1, DMA 1
Select Item: 0x19
Select Item: 0x19
Select Item: 0x19
Select Item: 0x19
Select Item: 0x19
Select Item: 0x19
Select Item: 0x19
Select Item: 0x19
Select Item: 0x0
Cache FwCfg Name: QemuFwCfgSignature Item:0x0 Size: 0x4 
Select Item: 0x1
Cache FwCfg Name: QemuFwCfgInterfaceVersion Item:0x1 Size: 0x4 
Select Item: 0x19
Cache FwCfg Name: QemuFwCfgFileDri Item:0x19 Size: 0x404 
Select Item: 0x25
Cache FwCfg Name: etc/e820 Item:0x25 Size: 0x3C 
Select Item: 0x2B
Cache FwCfg Name: etc/system-states Item:0x2B Size: 0x6 
Select Item: 0xE
Cache FwCfg Name: BootMenu Item:0xE Size: 0x2 
Select Item: 0x21
Cache FwCfg Name: bootorder Item:0x21 Size: 0x48 
QemuFwCfgInitCache Pass!!!
CMOS:
00: 19 00 21 00 13 00 01 03 05 26 26 02 00 80 00 00
10: 00 00 00 00 06 80 02 FF FF 00 00 00 00 00 00 00
20: 00 00 00 00 00 00 00 00 00 00 00 00 00 00 00 00
30: FF FF 20 00 00 7F 00 20 30 00 00 00 00 12 00 00
40: 00 00 00 00 00 00 00 00 00 00 00 00 00 00 00 00
50: 00 00 00 00 00 00 00 00 00 00 00 00 80 01 00 0F
60: 00 00 00 00 00 00 00 00 00 00 00 00 00 00 00 00
70: 00 00 00 00 00 00 00 00 00 00 00 00 00 00 00 00
Select Item: 0x19
Select Item: 0x2B
S3 support was detected on QEMU
Install PPI: 7408D748-FC8C-4EE6-9288-C4BEC092A410
Select Item: 0x19
Select Item: 0x19
Select Item: 0x25
PlatformGetFirstNonAddressCB: FirstNonAddress=0x280000000
Select Item: 0x19
Select Item: 0x19
PlatformSetupPagingLevel: using 4-level paging (PcdUse5LevelPageTable disabled)
PlatformAddressWidthFromCpuid: Signature: 'AuthenticAMD', PhysBits: 48, GuestPhysBits: 0, QemuQuirk: On, la57: Off, Valid: Yes
PlatformAddressWidthFromCpuid: limit PhysBits to 46 (4-level paging)
PlatformDynamicMmioWindow: using dynamic mmio window
PlatformDynamicMmioWindow:   Addr Space 0x400000000000 (65536 GB)
PlatformDynamicMmioWindow:   MMIO Space 0x80000000000 (8192 GB)
Select Item: 0x19
Select Item: 0x25
PlatformDynamicMmioWindow:   Pci64 Base 0x380000000000
PlatformDynamicMmioWindow:   Pci64 Size 0x80000000000
AddressWidthInitialization: Pci64Base=0x380000000000 Pci64Size=0x80000000000
Select Item: 0x5
PlatformMaxCpuCountInitialization: BootCpuCount=16 MaxCpuCount=16
Select Item: 0x19
Select Item: 0x25
PlatformGetLowMemoryCB: LowMemory=0x80000000
GetPeiMemoryCap: page tables:    520 KB (1/1/128/0 pages for levels 5/4/3/2)
GetPeiMemoryCap: ap stacks:      512 KB (16 cpus)
GetPeiMemoryCap: memory cap:   66568 KB
PublishPeiMemory: PhysMemAddressWidth=46 PeiMemoryCap=66568 KB
PeiInstallPeiMemory MemoryBegin 0x7BDFE000, MemoryLength 0x4102000
Select Item: 0x19
Select Item: 0x25
PlatformQemuInitializeRam called
PlatformIgvmParamReserve: 0x812000 +0x1000
Select Item: 0x19
Select Item: 0x25
Select Item: 0x19
Select Item: 0x25
PlatformAddHobCB: Reserved [0xFEFFC000, 0xFF000000)
PlatformAddHobCB: HighMemory [0x100000000, 0x280000000)
SecCoreStartupWithStack(0xFFFCC000, 0x820000)
Register PPI Notify: DCD0BE23-9586-40F4-B643-06522CED4EDE
Install PPI: 8C8CE578-8A3D-4F1C-9935-896185C32DD3
Install PPI: 5473C07A-3DCB-4DCA-BD6F-1E9689E7349A
The 0th FV[6938079B-B503-4E3D-9D24-B28337A25806] start address is 0x00000830000, size is 0x000D0000, handle is 0x830000
Register PPI Notify: 49EDB1C1-BF21-4761-BB12-EB0031AABB39
Register PPI Notify: EA7CA24B-DED5-4DAD-A389-BF827E8F9B38
Install PPI: B9E0ABFE-5979-4914-977F-6DEE78C278A6
Install PPI: DBE23AA9-A345-4B97-85B6-B226F1617389
Install PPI: 138F9CF4-F0E7-4721-8F49-F5FFECF42D40
Install PPI: 869C711D-649C-44FE-8B9E-2CBB2911C3E6
Register PPI Notify: 605EA650-C65C-42E1-BA80-91A52AB618C6
DiscoverPeimsAndOrderWithApriori(): Found 0x9 PEI FFS files in the 0th FV
Loading PEIM 9B3ADA4F-AE56-4C24-8DEA-F03B7558AE50
Loading PEIM at 0x0000083CAC0 EntryPoint=0x0000083FB5E PcdPeim.efi
Install PPI: 06E81C58-4AD7-44BC-8390-F10265F72480
Install PPI: 01F34D25-4DE2-23AD-3FF3-36353FF323F1
Install PPI: 4D8B155B-C059-4C8F-8926-06FD4331DB8A
Install PPI: A60C6B59-E459-425D-9C69-0BCC9CB27D81
Register PPI Notify: 605EA650-C65C-42E1-BA80-91A52AB618C6
Loading PEIM A3610442-E69F-4DF3-82CA-2360C4031A23
Loading PEIM at 0x00000841640 EntryPoint=0x00000842978 ReportStatusCodeRouterPei.efi
Install PPI: 0065D394-9951-4144-82A3-0AFC8579C251
Install PPI: 229832D3-7A30-4B36-B827-F40CB7D45436
Loading PEIM 9D225237-FA01-464C-A949-BAABC02D31D0
Loading PEIM at 0x000008436C0 EntryPoint=0x000008448B7 StatusCodeHandlerPei.efi
Loading PEIM FCB3A3D6-6274-411C-A548-BD0E717D533A
Loading PEIM at 0x000008455C0 EntryPoint=0x000008472F4 TdTcg2Pei.efi
Loading PEIM 222C386D-5ABC-4FB4-B124-FBB82488ACF4
Loading PEIM at 0x000008489C0 EntryPoint=0x000008550DC PlatformPei.efi
Platform PEIM Loaded
Select Item: 0x0
Select Item: 0x1
QemuFwCfgProbe: Supported 1, DMA 1
Select Item: 0x19
Select Item: 0x19
Select Item: 0x19
Select Item: 0x19
Select Item: 0x19
Select Item: 0x19
Select Item: 0x19
Select Item: 0x19
Select Item: 0x0
Cache FwCfg Name: QemuFwCfgSignature Item:0x0 Size: 0x4 
Select Item: 0x1
Cache FwCfg Name: QemuFwCfgInterfaceVersion Item:0x1 Size: 0x4 
Select Item: 0x19
Cache FwCfg Name: QemuFwCfgFileDri Item:0x19 Size: 0x404 
Select Item: 0x25
Cache FwCfg Name: etc/e820 Item:0x25 Size: 0x3C 
Select Item: 0x2B
Cache FwCfg Name: etc/system-states Item:0x2B Size: 0x6 
Select Item: 0xE
Cache FwCfg Name: BootMenu Item:0xE Size: 0x2 
Select Item: 0x21
Cache FwCfg Name: bootorder Item:0x21 Size: 0x48 
QemuFwCfgInitCache Pass!!!
CMOS:
00: 20 00 21 00 13 00 01 03 05 26 26 02 10 80 00 00
10: 00 00 00 00 06 80 02 FF FF 00 00 00 00 00 00 00
20: 00 00 00 00 00 00 00 00 00 00 00 00 00 00 00 00
30: FF FF 20 00 00 7F 00 20 30 00 00 00 00 12 00 00
40: 00 00 00 00 00 00 00 00 00 00 00 00 00 00 00 00
50: 00 00 00 00 00 00 00 00 00 00 00 00 80 01 00 0F
60: 00 00 00 00 00 00 00 00 00 00 00 00 00 00 00 00
70: 00 00 00 00 00 00 00 00 00 00 00 00 00 00 00 00
Select Item: 0x19
Select Item: 0x2B
S3 support was detected on QEMU
Install PPI: 7408D748-FC8C-4EE6-9288-C4BEC092A410
Select Item: 0x19
Select Item: 0x19
Select Item: 0x25
PlatformGetFirstNonAddressCB: FirstNonAddress=0x280000000
Select Item: 0x19
Select Item: 0x19
PlatformSetupPagingLevel: using 4-level paging (PcdUse5LevelPageTable disabled)
PlatformAddressWidthFromCpuid: Signature: 'AuthenticAMD', PhysBits: 48, GuestPhysBits: 0, QemuQuirk: On, la57: Off, Valid: Yes
PlatformAddressWidthFromCpuid: limit PhysBits to 46 (4-level paging)
PlatformDynamicMmioWindow: using dynamic mmio window
PlatformDynamicMmioWindow:   Addr Space 0x400000000000 (65536 GB)
PlatformDynamicMmioWindow:   MMIO Space 0x80000000000 (8192 GB)
Select Item: 0x19
Select Item: 0x25
PlatformDynamicMmioWindow:   Pci64 Base 0x380000000000
PlatformDynamicMmioWindow:   Pci64 Size 0x80000000000
AddressWidthInitialization: Pci64Base=0x380000000000 Pci64Size=0x80000000000
Select Item: 0x5
PlatformMaxCpuCountInitialization: BootCpuCount=16 MaxCpuCount=16
Select Item: 0x19
Select Item: 0x25
PlatformGetLowMemoryCB: LowMemory=0x80000000
GetPeiMemoryCap: page tables:    520 KB (1/1/128/0 pages for levels 5/4/3/2)
GetPeiMemoryCap: ap stacks:      512 KB (16 cpus)
GetPeiMemoryCap: memory cap:   66568 KB
PublishPeiMemory: PhysMemAddressWidth=46 PeiMemoryCap=66568 KB
PeiInstallPeiMemory MemoryBegin 0x7BDFE000, MemoryLength 0x4102000
Select Item: 0x19
Select Item: 0x25
PlatformQemuInitializeRam called
PlatformIgvmParamReserve: 0x812000 +0x1000
Select Item: 0x19
Select Item: 0x25
Select Item: 0x19
Select Item: 0x25
PlatformAddHobCB: Reserved [0xFEFFC000, 0xFF000000)
PlatformAddHobCB: HighMemory [0x100000000, 0x280000000)
SecCoreStartupWithStack(0xFFFCC000, 0x820000)
Register PPI Notify: DCD0BE23-9586-40F4-B643-06522CED4EDE
Install PPI: 8C8CE578-8A3D-4F1C-9935-896185C32DD3
Install PPI: 5473C07A-3DCB-4DCA-BD6F-1E9689E7349A
The 0th FV[6938079B-B503-4E3D-9D24-B28337A25806] start address is 0x00000830000, size is 0x000D0000, handle is 0x830000
Register PPI Notify: 49EDB1C1-BF21-4761-BB12-EB0031AABB39
Register PPI Notify: EA7CA24B-DED5-4DAD-A389-BF827E8F9B38
Install PPI: B9E0ABFE-5979-4914-977F-6DEE78C278A6
Install PPI: DBE23AA9-A345-4B97-85B6-B226F1617389
Install PPI: 138F9CF4-F0E7-4721-8F49-F5FFECF42D40
Install PPI: 869C711D-649C-44FE-8B9E-2CBB2911C3E6
Register PPI Notify: 605EA650-C65C-42E1-BA80-91A52AB618C6
DiscoverPeimsAndOrderWithApriori(): Found 0x9 PEI FFS files in the 0th FV
Loading PEIM 9B3ADA4F-AE56-4C24-8DEA-F03B7558AE50
Loading PEIM at 0x0000083CAC0 EntryPoint=0x0000083FB5E PcdPeim.efi
Install PPI: 06E81C58-4AD7-44BC-8390-F10265F72480
Install PPI: 01F34D25-4DE2-23AD-3FF3-36353FF323F1
Install PPI: 4D8B155B-C059-4C8F-8926-06FD4331DB8A
Install PPI: A60C6B59-E459-425D-9C69-0BCC9CB27D81
Register PPI Notify: 605EA650-C65C-42E1-BA80-91A52AB618C6
Loading PEIM A3610442-E69F-4DF3-82CA-2360C4031A23
Loading PEIM at 0x00000841640 EntryPoint=0x00000842978 ReportStatusCodeRouterPei.efi
Install PPI: 0065D394-9951-4144-82A3-0AFC8579C251
Install PPI: 229832D3-7A30-4B36-B827-F40CB7D45436
Loading PEIM 9D225237-FA01-464C-A949-BAABC02D31D0
Loading PEIM at 0x000008436C0 EntryPoint=0x000008448B7 StatusCodeHandlerPei.efi
Loading PEIM FCB3A3D6-6274-411C-A548-BD0E717D533A
Loading PEIM at 0x000008455C0 EntryPoint=0x000008472F4 TdTcg2Pei.efi
Loading PEIM 222C386D-5ABC-4FB4-B124-FBB82488ACF4
Loading PEIM at 0x000008489C0 EntryPoint=0x000008550DC PlatformPei.efi
Platform PEIM Loaded
Select Item: 0x0
Select Item: 0x1
QemuFwCfgProbe: Supported 1, DMA 1
Select Item: 0x19
Select Item: 0x19
Select Item: 0x19
Select Item: 0x19
Select Item: 0x19
Select Item: 0x19
Select Item: 0x19
Select Item: 0x19
Select Item: 0x0
Cache FwCfg Name: QemuFwCfgSignature Item:0x0 Size: 0x4 
Select Item: 0x1
Cache FwCfg Name: QemuFwCfgInterfaceVersion Item:0x1 Size: 0x4 
Select Item: 0x19
Cache FwCfg Name: QemuFwCfgFileDri Item:0x19 Size: 0x404 
Select Item: 0x25
Cache FwCfg Name: etc/e820 Item:0x25 Size: 0x3C 
Select Item: 0x2B
Cache FwCfg Name: etc/system-states Item:0x2B Size: 0x6 
Select Item: 0xE
Cache FwCfg Name: BootMenu Item:0xE Size: 0x2 
Select Item: 0x21
Cache FwCfg Name: bootorder Item:0x21 Size: 0x48 
QemuFwCfgInitCache Pass!!!
CMOS:
00: 21 00 21 00 13 00 01 03 05 26 26 02 10 80 00 00
10: 00 00 00 00 06 80 02 FF FF 00 00 00 00 00 00 00
20: 00 00 00 00 00 00 00 00 00 00 00 00 00 00 00 00
30: FF FF 20 00 00 7F 00 20 30 00 00 00 00 12 00 00
40: 00 00 00 00 00 00 00 00 00 00 00 00 00 00 00 00
50: 00 00 00 00 00 00 00 00 00 00 00 00 80 01 00 0F
60: 00 00 00 00 00 00 00 00 00 00 00 00 00 00 00 00
70: 00 00 00 00 00 00 00 00 00 00 00 00 00 00 00 00
Select Item: 0x19
Select Item: 0x2B
S3 support was detected on QEMU
Install PPI: 7408D748-FC8C-4EE6-9288-C4BEC092A410
Select Item: 0x19
Select Item: 0x19
Select Item: 0x25
PlatformGetFirstNonAddressCB: FirstNonAddress=0x280000000
Select Item: 0x19
Select Item: 0x19
PlatformSetupPagingLevel: using 4-level paging (PcdUse5LevelPageTable disabled)
PlatformAddressWidthFromCpuid: Signature: 'AuthenticAMD', PhysBits: 48, GuestPhysBits: 0, QemuQuirk: On, la57: Off, Valid: Yes
PlatformAddressWidthFromCpuid: limit PhysBits to 46 (4-level paging)
PlatformDynamicMmioWindow: using dynamic mmio window
PlatformDynamicMmioWindow:   Addr Space 0x400000000000 (65536 GB)
PlatformDynamicMmioWindow:   MMIO Space 0x80000000000 (8192 GB)
Select Item: 0x19
Select Item: 0x25
PlatformDynamicMmioWindow:   Pci64 Base 0x380000000000
PlatformDynamicMmioWindow:   Pci64 Size 0x80000000000
AddressWidthInitialization: Pci64Base=0x380000000000 Pci64Size=0x80000000000
Select Item: 0x5
PlatformMaxCpuCountInitialization: BootCpuCount=16 MaxCpuCount=16
Select Item: 0x19
Select Item: 0x25
PlatformGetLowMemoryCB: LowMemory=0x80000000
GetPeiMemoryCap: page tables:    520 KB (1/1/128/0 pages for levels 5/4/3/2)
GetPeiMemoryCap: ap stacks:      512 KB (16 cpus)
GetPeiMemoryCap: memory cap:   66568 KB
PublishPeiMemory: PhysMemAddressWidth=46 PeiMemoryCap=66568 KB
PeiInstallPeiMemory MemoryBegin 0x7BDFE000, MemoryLength 0x4102000
Select Item: 0x19
Select Item: 0x25
PlatformQemuInitializeRam called
PlatformIgvmParamReserve: 0x812000 +0x1000
Select Item: 0x19
Select Item: 0x25
Select Item: 0x19
Select Item: 0x25
PlatformAddHobCB: Reserved [0xFEFFC000, 0xFF000000)
PlatformAddHobCB: HighMemory [0x100000000, 0x280000000)
SecCoreStartupWithStack(0xFFFCC000, 0x820000)
Register PPI Notify: DCD0BE23-9586-40F4-B643-06522CED4EDE
Install PPI: 8C8CE578-8A3D-4F1C-9935-896185C32DD3
Install PPI: 5473C07A-3DCB-4DCA-BD6F-1E9689E7349A
The 0th FV[6938079B-B503-4E3D-9D24-B28337A25806] start address is 0x00000830000, size is 0x000D0000, handle is 0x830000
Register PPI Notify: 49EDB1C1-BF21-4761-BB12-EB0031AABB39
Register PPI Notify: EA7CA24B-DED5-4DAD-A389-BF827E8F9B38
Install PPI: B9E0ABFE-5979-4914-977F-6DEE78C278A6
Install PPI: DBE23AA9-A345-4B97-85B6-B226F1617389
Install PPI: 138F9CF4-F0E7-4721-8F49-F5FFECF42D40
Install PPI: 869C711D-649C-44FE-8B9E-2CBB2911C3E6
Register PPI Notify: 605EA650-C65C-42E1-BA80-91A52AB618C6
DiscoverPeimsAndOrderWithApriori(): Found 0x9 PEI FFS files in the 0th FV
Loading PEIM 9B3ADA4F-AE56-4C24-8DEA-F03B7558AE50
Loading PEIM at 0x0000083CAC0 EntryPoint=0x0000083FB5E PcdPeim.efi
Install PPI: 06E81C58-4AD7-44BC-8390-F10265F72480
Install PPI: 01F34D25-4DE2-23AD-3FF3-36353FF323F1
Install PPI: 4D8B155B-C059-4C8F-8926-06FD4331DB8A
Install PPI: A60C6B59-E459-425D-9C69-0BCC9CB27D81
Register PPI Notify: 605EA650-C65C-42E1-BA80-91A52AB618C6
Loading PEIM A3610442-E69F-4DF3-82CA-2360C4031A23
Loading PEIM at 0x00000841640 EntryPoint=0x00000842978 ReportStatusCodeRouterPei.efi
Install PPI: 0065D394-9951-4144-82A3-0AFC8579C251
Install PPI: 229832D3-7A30-4B36-B827-F40CB7D45436
Loading PEIM 9D225237-FA01-464C-A949-BAABC02D31D0
Loading PEIM at 0x000008436C0 EntryPoint=0x000008448B7 StatusCodeHandlerPei.efi
Loading PEIM FCB3A3D6-6274-411C-A548-BD0E717D533A
Loading PEIM at 0x000008455C0 EntryPoint=0x000008472F4 TdTcg2Pei.efi
Loading PEIM 222C386D-5ABC-4FB4-B124-FBB82488ACF4
Loading PEIM at 0x000008489C0 EntryPoint=0x000008550DC PlatformPei.efi
Platform PEIM Loaded
Select Item: 0x0
Select Item: 0x1
QemuFwCfgProbe: Supported 1, DMA 1
Select Item: 0x19
Select Item: 0x19
Select Item: 0x19
Select Item: 0x19
Select Item: 0x19
Select Item: 0x19
Select Item: 0x19
Select Item: 0x19
Select Item: 0x0
Cache FwCfg Name: QemuFwCfgSignature Item:0x0 Size: 0x4 
Select Item: 0x1
Cache FwCfg Name: QemuFwCfgInterfaceVersion Item:0x1 Size: 0x4 
Select Item: 0x19
Cache FwCfg Name: QemuFwCfgFileDri Item:0x19 Size: 0x404 
Select Item: 0x25
Cache FwCfg Name: etc/e820 Item:0x25 Size: 0x3C 
Select Item: 0x2B
Cache FwCfg Name: etc/system-states Item:0x2B Size: 0x6 
Select Item: 0xE
Cache FwCfg Name: BootMenu Item:0xE Size: 0x2 
Select Item: 0x21
Cache FwCfg Name: bootorder Item:0x21 Size: 0x48 
QemuFwCfgInitCache Pass!!!
CMOS:
00: 21 00 21 00 13 00 01 03 05 26 26 02 00 80 00 00
10: 00 00 00 00 06 80 02 FF FF 00 00 00 00 00 00 00
20: 00 00 00 00 00 00 00 00 00 00 00 00 00 00 00 00
30: FF FF 20 00 00 7F 00 20 30 00 00 00 00 12 00 00
40: 00 00 00 00 00 00 00 00 00 00 00 00 00 00 00 00
50: 00 00 00 00 00 00 00 00 00 00 00 00 80 01 00 0F
60: 00 00 00 00 00 00 00 00 00 00 00 00 00 00 00 00
70: 00 00 00 00 00 00 00 00 00 00 00 00 00 00 00 00
Select Item: 0x19
Select Item: 0x2B
S3 support was detected on QEMU
Install PPI: 7408D748-FC8C-4EE6-9288-C4BEC092A410
Select Item: 0x19
Select Item: 0x19
Select Item: 0x25
PlatformGetFirstNonAddressCB: FirstNonAddress=0x280000000
Select Item: 0x19
Select Item: 0x19
PlatformSetupPagingLevel: using 4-level paging (PcdUse5LevelPageTable disabled)
PlatformAddressWidthFromCpuid: Signature: 'AuthenticAMD', PhysBits: 48, GuestPhysBits: 0, QemuQuirk: On, la57: Off, Valid: Yes
PlatformAddressWidthFromCpuid: limit PhysBits to 46 (4-level paging)
PlatformDynamicMmioWindow: using dynamic mmio window
PlatformDynamicMmioWindow:   Addr Space 0x400000000000 (65536 GB)
PlatformDynamicMmioWindow:   MMIO Space 0x80000000000 (8192 GB)
Select Item: 0x19
Select Item: 0x25
PlatformDynamicMmioWindow:   Pci64 Base 0x380000000000
PlatformDynamicMmioWindow:   Pci64 Size 0x80000000000
AddressWidthInitialization: Pci64Base=0x380000000000 Pci64Size=0x80000000000
Select Item: 0x5
PlatformMaxCpuCountInitialization: BootCpuCount=16 MaxCpuCount=16
Select Item: 0x19
Select Item: 0x25
PlatformGetLowMemoryCB: LowMemory=0x80000000
GetPeiMemoryCap: page tables:    520 KB (1/1/128/0 pages for levels 5/4/3/2)
GetPeiMemoryCap: ap stacks:      512 KB (16 cpus)
GetPeiMemoryCap: memory cap:   66568 KB
PublishPeiMemory: PhysMemAddressWidth=46 PeiMemoryCap=66568 KB
PeiInstallPeiMemory MemoryBegin 0x7BDFE000, MemoryLength 0x4102000
Select Item: 0x19
Select Item: 0x25
PlatformQemuInitializeRam called
PlatformIgvmParamReserve: 0x812000 +0x1000
Select Item: 0x19
Select Item: 0x25
Select Item: 0x19
Select Item: 0x25
PlatformAddHobCB: Reserved [0xFEFFC000, 0xFF000000)
PlatformAddHobCB: HighMemory [0x100000000, 0x280000000)
SecCoreStartupWithStack(0xFFFCC000, 0x820000)
Register PPI Notify: DCD0BE23-9586-40F4-B643-06522CED4EDE
Install PPI: 8C8CE578-8A3D-4F1C-9935-896185C32DD3
Install PPI: 5473C07A-3DCB-4DCA-BD6F-1E9689E7349A
The 0th FV[6938079B-B503-4E3D-9D24-B28337A25806] start address is 0x00000830000, size is 0x000D0000, handle is 0x830000
Register PPI Notify: 49EDB1C1-BF21-4761-BB12-EB0031AABB39
Register PPI Notify: EA7CA24B-DED5-4DAD-A389-BF827E8F9B38
Install PPI: B9E0ABFE-5979-4914-977F-6DEE78C278A6
Install PPI: DBE23AA9-A345-4B97-85B6-B226F1617389
Install PPI: 138F9CF4-F0E7-4721-8F49-F5FFECF42D40
Install PPI: 869C711D-649C-44FE-8B9E-2CBB2911C3E6
Register PPI Notify: 605EA650-C65C-42E1-BA80-91A52AB618C6
DiscoverPeimsAndOrderWithApriori(): Found 0x9 PEI FFS files in the 0th FV
Loading PEIM 9B3ADA4F-AE56-4C24-8DEA-F03B7558AE50
Loading PEIM at 0x0000083CAC0 EntryPoint=0x0000083FB5E PcdPeim.efi
Install PPI: 06E81C58-4AD7-44BC-8390-F10265F72480
Install PPI: 01F34D25-4DE2-23AD-3FF3-36353FF323F1
Install PPI: 4D8B155B-C059-4C8F-8926-06FD4331DB8A
Install PPI: A60C6B59-E459-425D-9C69-0BCC9CB27D81
Register PPI Notify: 605EA650-C65C-42E1-BA80-91A52AB618C6
Loading PEIM A3610442-E69F-4DF3-82CA-2360C4031A23
Loading PEIM at 0x00000841640 EntryPoint=0x00000842978 ReportStatusCodeRouterPei.efi
Install PPI: 0065D394-9951-4144-82A3-0AFC8579C251
Install PPI: 229832D3-7A30-4B36-B827-F40CB7D45436
Loading PEIM 9D225237-FA01-464C-A949-BAABC02D31D0
Loading PEIM at 0x000008436C0 EntryPoint=0x000008448B7 StatusCodeHandlerPei.efi
Loading PEIM FCB3A3D6-6274-411C-A548-BD0E717D533A
Loading PEIM at 0x000008455C0 EntryPoint=0x000008472F4 TdTcg2Pei.efi
Loading PEIM 222C386D-5ABC-4FB4-B124-FBB82488ACF4
Loading PEIM at 0x000008489C0 EntryPoint=0x000008550DC PlatformPei.efi
Platform PEIM Loaded
Select Item: 0x0
Select Item: 0x1
QemuFwCfgProbe: Supported 1, DMA 1
Select Item: 0x19
Select Item: 0x19
Select Item: 0x19
Select Item: 0x19
Select Item: 0x19
Select Item: 0x19
Select Item: 0x19
Select Item: 0x19
Select Item: 0x0
Cache FwCfg Name: QemuFwCfgSignature Item:0x0 Size: 0x4 
Select Item: 0x1
Cache FwCfg Name: QemuFwCfgInterfaceVersion Item:0x1 Size: 0x4 
Select Item: 0x19
Cache FwCfg Name: QemuFwCfgFileDri Item:0x19 Size: 0x404 
Select Item: 0x25
Cache FwCfg Name: etc/e820 Item:0x25 Size: 0x3C 
Select Item: 0x2B
Cache FwCfg Name: etc/system-states Item:0x2B Size: 0x6 
Select Item: 0xE
Cache FwCfg Name: BootMenu Item:0xE Size: 0x2 
Select Item: 0x21
Cache FwCfg Name: bootorder Item:0x21 Size: 0x48 
QemuFwCfgInitCache Pass!!!
CMOS:
00: 22 00 21 00 13 00 01 03 05 26 26 02 10 80 00 00
10: 00 00 00 00 06 80 02 FF FF 00 00 00 00 00 00 00
20: 00 00 00 00 00 00 00 00 00 00 00 00 00 00 00 00
30: FF FF 20 00 00 7F 00 20 30 00 00 00 00 12 00 00
40: 00 00 00 00 00 00 00 00 00 00 00 00 00 00 00 00
50: 00 00 00 00 00 00 00 00 00 00 00 00 80 01 00 0F
60: 00 00 00 00 00 00 00 00 00 00 00 00 00 00 00 00
70: 00 00 00 00 00 00 00 00 00 00 00 00 00 00 00 00
Select Item: 0x19
Select Item: 0x2B
S3 support was detected on QEMU
Install PPI: 7408D748-FC8C-4EE6-9288-C4BEC092A410
Select Item: 0x19
Select Item: 0x19
Select Item: 0x25
PlatformGetFirstNonAddressCB: FirstNonAddress=0x280000000
Select Item: 0x19
Select Item: 0x19
PlatformSetupPagingLevel: using 4-level paging (PcdUse5LevelPageTable disabled)
PlatformAddressWidthFromCpuid: Signature: 'AuthenticAMD', PhysBits: 48, GuestPhysBits: 0, QemuQuirk: On, la57: Off, Valid: Yes
PlatformAddressWidthFromCpuid: limit PhysBits to 46 (4-level paging)
PlatformDynamicMmioWindow: using dynamic mmio window
PlatformDynamicMmioWindow:   Addr Space 0x400000000000 (65536 GB)
PlatformDynamicMmioWindow:   MMIO Space 0x80000000000 (8192 GB)
Select Item: 0x19
Select Item: 0x25
PlatformDynamicMmioWindow:   Pci64 Base 0x380000000000
PlatformDynamicMmioWindow:   Pci64 Size 0x80000000000
AddressWidthInitialization: Pci64Base=0x380000000000 Pci64Size=0x80000000000
Select Item: 0x5
PlatformMaxCpuCountInitialization: BootCpuCount=16 MaxCpuCount=16
Select Item: 0x19
Select Item: 0x25
PlatformGetLowMemoryCB: LowMemory=0x80000000
GetPeiMemoryCap: page tables:    520 KB (1/1/128/0 pages for levels 5/4/3/2)
GetPeiMemoryCap: ap stacks:      512 KB (16 cpus)
GetPeiMemoryCap: memory cap:   66568 KB
PublishPeiMemory: PhysMemAddressWidth=46 PeiMemoryCap=66568 KB
PeiInstallPeiMemory MemoryBegin 0x7BDFE000, MemoryLength 0x4102000
Select Item: 0x19
Select Item: 0x25
PlatformQemuInitializeRam called
PlatformIgvmParamReserve: 0x812000 +0x1000
Select Item: 0x19
Select Item: 0x25
Select Item: 0x19
Select Item: 0x25
PlatformAddHobCB: Reserved [0xFEFFC000, 0xFF000000)
PlatformAddHobCB: HighMemory [0x100000000, 0x280000000)
SecCoreStartupWithStack(0xFFFCC000, 0x820000)
Register PPI Notify: DCD0BE23-9586-40F4-B643-06522CED4EDE
Install PPI: 8C8CE578-8A3D-4F1C-9935-896185C32DD3
Install PPI: 5473C07A-3DCB-4DCA-BD6F-1E9689E7349A
The 0th FV[6938079B-B503-4E3D-9D24-B28337A25806] start address is 0x00000830000, size is 0x000D0000, handle is 0x830000
Register PPI Notify: 49EDB1C1-BF21-4761-BB12-EB0031AABB39
Register PPI Notify: EA7CA24B-DED5-4DAD-A389-BF827E8F9B38
Install PPI: B9E0ABFE-5979-4914-977F-6DEE78C278A6
Install PPI: DBE23AA9-A345-4B97-85B6-B226F1617389
Install PPI: 138F9CF4-F0E7-4721-8F49-F5FFECF42D40
Install PPI: 869C711D-649C-44FE-8B9E-2CBB2911C3E6
Register PPI Notify: 605EA650-C65C-42E1-BA80-91A52AB618C6
DiscoverPeimsAndOrderWithApriori(): Found 0x9 PEI FFS files in the 0th FV
Loading PEIM 9B3ADA4F-AE56-4C24-8DEA-F03B7558AE50
Loading PEIM at 0x0000083CAC0 EntryPoint=0x0000083FB5E PcdPeim.efi
Install PPI: 06E81C58-4AD7-44BC-8390-F10265F72480
Install PPI: 01F34D25-4DE2-23AD-3FF3-36353FF323F1
Install PPI: 4D8B155B-C059-4C8F-8926-06FD4331DB8A
Install PPI: A60C6B59-E459-425D-9C69-0BCC9CB27D81
Register PPI Notify: 605EA650-C65C-42E1-BA80-91A52AB618C6
Loading PEIM A3610442-E69F-4DF3-82CA-2360C4031A23
Loading PEIM at 0x00000841640 EntryPoint=0x00000842978 ReportStatusCodeRouterPei.efi
Install PPI: 0065D394-9951-4144-82A3-0AFC8579C251
Install PPI: 229832D3-7A30-4B36-B827-F40CB7D45436
Loading PEIM 9D225237-FA01-464C-A949-BAABC02D31D0
Loading PEIM at 0x000008436C0 EntryPoint=0x000008448B7 StatusCodeHandlerPei.efi
Loading PEIM FCB3A3D6-6274-411C-A548-BD0E717D533A
Loading PEIM at 0x000008455C0 EntryPoint=0x000008472F4 TdTcg2Pei.efi
Loading PEIM 222C386D-5ABC-4FB4-B124-FBB82488ACF4
Loading PEIM at 0x000008489C0 EntryPoint=0x000008550DC PlatformPei.efi
Platform PEIM Loaded
Select Item: 0x0
Select Item: 0x1
QemuFwCfgProbe: Supported 1, DMA 1
Select Item: 0x19
Select Item: 0x19
Select Item: 0x19
Select Item: 0x19
Select Item: 0x19
Select Item: 0x19
Select Item: 0x19
Select Item: 0x19
Select Item: 0x0
Cache FwCfg Name: QemuFwCfgSignature Item:0x0 Size: 0x4 
Select Item: 0x1
Cache FwCfg Name: QemuFwCfgInterfaceVersion Item:0x1 Size: 0x4 
Select Item: 0x19
Cache FwCfg Name: QemuFwCfgFileDri Item:0x19 Size: 0x404 
Select Item: 0x25
Cache FwCfg Name: etc/e820 Item:0x25 Size: 0x3C 
Select Item: 0x2B
Cache FwCfg Name: etc/system-states Item:0x2B Size: 0x6 
Select Item: 0xE
Cache FwCfg Name: BootMenu Item:0xE Size: 0x2 
Select Item: 0x21
Cache FwCfg Name: bootorder Item:0x21 Size: 0x48 
QemuFwCfgInitCache Pass!!!
CMOS:
00: 22 00 21 00 13 00 01 03 05 26 26 02 00 80 00 00
10: 00 00 00 00 06 80 02 FF FF 00 00 00 00 00 00 00
20: 00 00 00 00 00 00 00 00 00 00 00 00 00 00 00 00
30: FF FF 20 00 00 7F 00 20 30 00 00 00 00 12 00 00
40: 00 00 00 00 00 00 00 00 00 00 00 00 00 00 00 00
50: 00 00 00 00 00 00 00 00 00 00 00 00 80 01 00 0F
60: 00 00 00 00 00 00 00 00 00 00 00 00 00 00 00 00
70: 00 00 00 00 00 00 00 00 00 00 00 00 00 00 00 00
Select Item: 0x19
Select Item: 0x2B
S3 support was detected on QEMU
Install PPI: 7408D748-FC8C-4EE6-9288-C4BEC092A410
Select Item: 0x19
Select Item: 0x19
Select Item: 0x25
PlatformGetFirstNonAddressCB: FirstNonAddress=0x280000000
Select Item: 0x19
Select Item: 0x19
PlatformSetupPagingLevel: using 4-level paging (PcdUse5LevelPageTable disabled)
PlatformAddressWidthFromCpuid: Signature: 'AuthenticAMD', PhysBits: 48, GuestPhysBits: 0, QemuQuirk: On, la57: Off, Valid: Yes
PlatformAddressWidthFromCpuid: limit PhysBits to 46 (4-level paging)
PlatformDynamicMmioWindow: using dynamic mmio window
PlatformDynamicMmioWindow:   Addr Space 0x400000000000 (65536 GB)
PlatformDynamicMmioWindow:   MMIO Space 0x80000000000 (8192 GB)
Select Item: 0x19
Select Item: 0x25
PlatformDynamicMmioWindow:   Pci64 Base 0x380000000000
PlatformDynamicMmioWindow:   Pci64 Size 0x80000000000
AddressWidthInitialization: Pci64Base=0x380000000000 Pci64Size=0x80000000000
Select Item: 0x5
PlatformMaxCpuCountInitialization: BootCpuCount=16 MaxCpuCount=16
Select Item: 0x19
Select Item: 0x25
PlatformGetLowMemoryCB: LowMemory=0x80000000
GetPeiMemoryCap: page tables:    520 KB (1/1/128/0 pages for levels 5/4/3/2)
GetPeiMemoryCap: ap stacks:      512 KB (16 cpus)
GetPeiMemoryCap: memory cap:   66568 KB
PublishPeiMemory: PhysMemAddressWidth=46 PeiMemoryCap=66568 KB
PeiInstallPeiMemory MemoryBegin 0x7BDFE000, MemoryLength 0x4102000
Select Item: 0x19
Select Item: 0x25
PlatformQemuInitializeRam called
PlatformIgvmParamReserve: 0x812000 +0x1000
Select Item: 0x19
Select Item: 0x25
Select Item: 0x19
Select Item: 0x25
PlatformAddHobCB: Reserved [0xFEFFC000, 0xFF000000)
PlatformAddHobCB: HighMemory [0x100000000, 0x280000000)
SecCoreStartupWithStack(0xFFFCC000, 0x820000)
Register PPI Notify: DCD0BE23-9586-40F4-B643-06522CED4EDE
Install PPI: 8C8CE578-8A3D-4F1C-9935-896185C32DD3
Install PPI: 5473C07A-3DCB-4DCA-BD6F-1E9689E7349A
The 0th FV[6938079B-B503-4E3D-9D24-B28337A25806] start address is 0x00000830000, size is 0x000D0000, handle is 0x830000
Register PPI Notify: 49EDB1C1-BF21-4761-BB12-EB0031AABB39
Register PPI Notify: EA7CA24B-DED5-4DAD-A389-BF827E8F9B38
Install PPI: B9E0ABFE-5979-4914-977F-6DEE78C278A6
Install PPI: DBE23AA9-A345-4B97-85B6-B226F1617389
Install PPI: 138F9CF4-F0E7-4721-8F49-F5FFECF42D40
Install PPI: 869C711D-649C-44FE-8B9E-2CBB2911C3E6
Register PPI Notify: 605EA650-C65C-42E1-BA80-91A52AB618C6
DiscoverPeimsAndOrderWithApriori(): Found 0x9 PEI FFS files in the 0th FV
Loading PEIM 9B3ADA4F-AE56-4C24-8DEA-F03B7558AE50
Loading PEIM at 0x0000083CAC0 EntryPoint=0x0000083FB5E PcdPeim.efi
Install PPI: 06E81C58-4AD7-44BC-8390-F10265F72480
Install PPI: 01F34D25-4DE2-23AD-3FF3-36353FF323F1
Install PPI: 4D8B155B-C059-4C8F-8926-06FD4331DB8A
Install PPI: A60C6B59-E459-425D-9C69-0BCC9CB27D81
Register PPI Notify: 605EA650-C65C-42E1-BA80-91A52AB618C6
Loading PEIM A3610442-E69F-4DF3-82CA-2360C4031A23
Loading PEIM at 0x00000841640 EntryPoint=0x00000842978 ReportStatusCodeRouterPei.efi
Install PPI: 0065D394-9951-4144-82A3-0AFC8579C251
Install PPI: 229832D3-7A30-4B36-B827-F40CB7D45436
Loading PEIM 9D225237-FA01-464C-A949-BAABC02D31D0
Loading PEIM at 0x000008436C0 EntryPoint=0x000008448B7 StatusCodeHandlerPei.efi
Loading PEIM FCB3A3D6-6274-411C-A548-BD0E717D533A
Loading PEIM at 0x000008455C0 EntryPoint=0x000008472F4 TdTcg2Pei.efi
Loading PEIM 222C386D-5ABC-4FB4-B124-FBB82488ACF4
Loading PEIM at 0x000008489C0 EntryPoint=0x000008550DC PlatformPei.efi
Platform PEIM Loaded
Select Item: 0x0
Select Item: 0x1
QemuFwCfgProbe: Supported 1, DMA 1
Select Item: 0x19
Select Item: 0x19
Select Item: 0x19
Select Item: 0x19
Select Item: 0x19
Select Item: 0x19
Select Item: 0x19
Select Item: 0x19
Select Item: 0x0
Cache FwCfg Name: QemuFwCfgSignature Item:0x0 Size: 0x4 
Select Item: 0x1
Cache FwCfg Name: QemuFwCfgInterfaceVersion Item:0x1 Size: 0x4 
Select Item: 0x19
Cache FwCfg Name: QemuFwCfgFileDri Item:0x19 Size: 0x404 
Select Item: 0x25
Cache FwCfg Name: etc/e820 Item:0x25 Size: 0x3C 
Select Item: 0x2B
Cache FwCfg Name: etc/system-states Item:0x2B Size: 0x6 
Select Item: 0xE
Cache FwCfg Name: BootMenu Item:0xE Size: 0x2 
Select Item: 0x21
Cache FwCfg Name: bootorder Item:0x21 Size: 0x48 
QemuFwCfgInitCache Pass!!!
CMOS:
00: 23 00 21 00 13 00 01 03 05 26 26 02 00 80 00 00
10: 00 00 00 00 06 80 02 FF FF 00 00 00 00 00 00 00
20: 00 00 00 00 00 00 00 00 00 00 00 00 00 00 00 00
30: FF FF 20 00 00 7F 00 20 30 00 00 00 00 12 00 00
40: 00 00 00 00 00 00 00 00 00 00 00 00 00 00 00 00
50: 00 00 00 00 00 00 00 00 00 00 00 00 80 01 00 0F
60: 00 00 00 00 00 00 00 00 00 00 00 00 00 00 00 00
70: 00 00 00 00 00 00 00 00 00 00 00 00 00 00 00 00
Select Item: 0x19
Select Item: 0x2B
S3 support was detected on QEMU
Install PPI: 7408D748-FC8C-4EE6-9288-C4BEC092A410
Select Item: 0x19
Select Item: 0x19
Select Item: 0x25
PlatformGetFirstNonAddressCB: FirstNonAddress=0x280000000
Select Item: 0x19
Select Item: 0x19
PlatformSetupPagingLevel: using 4-level paging (PcdUse5LevelPageTable disabled)
PlatformAddressWidthFromCpuid: Signature: 'AuthenticAMD', PhysBits: 48, GuestPhysBits: 0, QemuQuirk: On, la57: Off, Valid: Yes
PlatformAddressWidthFromCpuid: limit PhysBits to 46 (4-level paging)
PlatformDynamicMmioWindow: using dynamic mmio window
PlatformDynamicMmioWindow:   Addr Space 0x400000000000 (65536 GB)
PlatformDynamicMmioWindow:   MMIO Space 0x80000000000 (8192 GB)
Select Item: 0x19
Select Item: 0x25
PlatformDynamicMmioWindow:   Pci64 Base 0x380000000000
PlatformDynamicMmioWindow:   Pci64 Size 0x80000000000
AddressWidthInitialization: Pci64Base=0x380000000000 Pci64Size=0x80000000000
Select Item: 0x5
PlatformMaxCpuCountInitialization: BootCpuCount=16 MaxCpuCount=16
Select Item: 0x19
Select Item: 0x25
PlatformGetLowMemoryCB: LowMemory=0x80000000
GetPeiMemoryCap: page tables:    520 KB (1/1/128/0 pages for levels 5/4/3/2)
GetPeiMemoryCap: ap stacks:      512 KB (16 cpus)
GetPeiMemoryCap: memory cap:   66568 KB
PublishPeiMemory: PhysMemAddressWidth=46 PeiMemoryCap=66568 KB
PeiInstallPeiMemory MemoryBegin 0x7BDFE000, MemoryLength 0x4102000
Select Item: 0x19
Select Item: 0x25
PlatformQemuInitializeRam called
PlatformIgvmParamReserve: 0x812000 +0x1000
Select Item: 0x19
Select Item: 0x25
Select Item: 0x19
Select Item: 0x25
PlatformAddHobCB: Reserved [0xFEFFC000, 0xFF000000)
PlatformAddHobCB: HighMemory [0x100000000, 0x280000000)
SecCoreStartupWithStack(0xFFFCC000, 0x820000)
Register PPI Notify: DCD0BE23-9586-40F4-B643-06522CED4EDE
Install PPI: 8C8CE578-8A3D-4F1C-9935-896185C32DD3
Install PPI: 5473C07A-3DCB-4DCA-BD6F-1E9689E7349A
The 0th FV[6938079B-B503-4E3D-9D24-B28337A25806] start address is 0x00000830000, size is 0x000D0000, handle is 0x830000
Register PPI Notify: 49EDB1C1-BF21-4761-BB12-EB0031AABB39
Register PPI Notify: EA7CA24B-DED5-4DAD-A389-BF827E8F9B38
Install PPI: B9E0ABFE-5979-4914-977F-6DEE78C278A6
Install PPI: DBE23AA9-A345-4B97-85B6-B226F1617389
Install PPI: 138F9CF4-F0E7-4721-8F49-F5FFECF42D40
Install PPI: 869C711D-649C-44FE-8B9E-2CBB2911C3E6
Register PPI Notify: 605EA650-C65C-42E1-BA80-91A52AB618C6
DiscoverPeimsAndOrderWithApriori(): Found 0x9 PEI FFS files in the 0th FV
Loading PEIM 9B3ADA4F-AE56-4C24-8DEA-F03B7558AE50
Loading PEIM at 0x0000083CAC0 EntryPoint=0x0000083FB5E PcdPeim.efi
Install PPI: 06E81C58-4AD7-44BC-8390-F10265F72480
Install PPI: 01F34D25-4DE2-23AD-3FF3-36353FF323F1
Install PPI: 4D8B155B-C059-4C8F-8926-06FD4331DB8A
Install PPI: A60C6B59-E459-425D-9C69-0BCC9CB27D81
Register PPI Notify: 605EA650-C65C-42E1-BA80-91A52AB618C6
Loading PEIM A3610442-E69F-4DF3-82CA-2360C4031A23
Loading PEIM at 0x00000841640 EntryPoint=0x00000842978 ReportStatusCodeRouterPei.efi
Install PPI: 0065D394-9951-4144-82A3-0AFC8579C251
Install PPI: 229832D3-7A30-4B36-B827-F40CB7D45436
Loading PEIM 9D225237-FA01-464C-A949-BAABC02D31D0
Loading PEIM at 0x000008436C0 EntryPoint=0x000008448B7 StatusCodeHandlerPei.efi
Loading PEIM FCB3A3D6-6274-411C-A548-BD0E717D533A
Loading PEIM at 0x000008455C0 EntryPoint=0x000008472F4 TdTcg2Pei.efi
Loading PEIM 222C386D-5ABC-4FB4-B124-FBB82488ACF4
Loading PEIM at 0x000008489C0 EntryPoint=0x000008550DC PlatformPei.efi
Platform PEIM Loaded
Select Item: 0x0
Select Item: 0x1
QemuFwCfgProbe: Supported 1, DMA 1
Select Item: 0x19
Select Item: 0x19
Select Item: 0x19
Select Item: 0x19
Select Item: 0x19
Select Item: 0x19
Select Item: 0x19
Select Item: 0x19
Select Item: 0x0
Cache FwCfg Name: QemuFwCfgSignature Item:0x0 Size: 0x4 
Select Item: 0x1
Cache FwCfg Name: QemuFwCfgInterfaceVersion Item:0x1 Size: 0x4 
Select Item: 0x19
Cache FwCfg Name: QemuFwCfgFileDri Item:0x19 Size: 0x404 
Select Item: 0x25
Cache FwCfg Name: etc/e820 Item:0x25 Size: 0x3C 
Select Item: 0x2B
Cache FwCfg Name: etc/system-states Item:0x2B Size: 0x6 
Select Item: 0xE
Cache FwCfg Name: BootMenu Item:0xE Size: 0x2 
Select Item: 0x21
Cache FwCfg Name: bootorder Item:0x21 Size: 0x48 
QemuFwCfgInitCache Pass!!!
CMOS:
00: 24 00 21 00 13 00 01 03 05 26 26 02 10 80 00 00
10: 00 00 00 00 06 80 02 FF FF 00 00 00 00 00 00 00
20: 00 00 00 00 00 00 00 00 00 00 00 00 00 00 00 00
30: FF FF 20 00 00 7F 00 20 30 00 00 00 00 12 00 00
40: 00 00 00 00 00 00 00 00 00 00 00 00 00 00 00 00
50: 00 00 00 00 00 00 00 00 00 00 00 00 80 01 00 0F
60: 00 00 00 00 00 00 00 00 00 00 00 00 00 00 00 00
70: 00 00 00 00 00 00 00 00 00 00 00 00 00 00 00 00
Select Item: 0x19
Select Item: 0x2B
S3 support was detected on QEMU
Install PPI: 7408D748-FC8C-4EE6-9288-C4BEC092A410
Select Item: 0x19
Select Item: 0x19
Select Item: 0x25
PlatformGetFirstNonAddressCB: FirstNonAddress=0x280000000
Select Item: 0x19
Select Item: 0x19
PlatformSetupPagingLevel: using 4-level paging (PcdUse5LevelPageTable disabled)
PlatformAddressWidthFromCpuid: Signature: 'AuthenticAMD', PhysBits: 48, GuestPhysBits: 0, QemuQuirk: On, la57: Off, Valid: Yes
PlatformAddressWidthFromCpuid: limit PhysBits to 46 (4-level paging)
PlatformDynamicMmioWindow: using dynamic mmio window
PlatformDynamicMmioWindow:   Addr Space 0x400000000000 (65536 GB)
PlatformDynamicMmioWindow:   MMIO Space 0x80000000000 (8192 GB)
Select Item: 0x19
Select Item: 0x25
PlatformDynamicMmioWindow:   Pci64 Base 0x380000000000
PlatformDynamicMmioWindow:   Pci64 Size 0x80000000000
AddressWidthInitialization: Pci64Base=0x380000000000 Pci64Size=0x80000000000
Select Item: 0x5
PlatformMaxCpuCountInitialization: BootCpuCount=16 MaxCpuCount=16
Select Item: 0x19
Select Item: 0x25
PlatformGetLowMemoryCB: LowMemory=0x80000000
GetPeiMemoryCap: page tables:    520 KB (1/1/128/0 pages for levels 5/4/3/2)
GetPeiMemoryCap: ap stacks:      512 KB (16 cpus)
GetPeiMemoryCap: memory cap:   66568 KB
PublishPeiMemory: PhysMemAddressWidth=46 PeiMemoryCap=66568 KB
PeiInstallPeiMemory MemoryBegin 0x7BDFE000, MemoryLength 0x4102000
Select Item: 0x19
Select Item: 0x25
PlatformQemuInitializeRam called
PlatformIgvmParamReserve: 0x812000 +0x1000
Select Item: 0x19
Select Item: 0x25
Select Item: 0x19
Select Item: 0x25
PlatformAddHobCB: Reserved [0xFEFFC000, 0xFF000000)
PlatformAddHobCB: HighMemory [0x100000000, 0x280000000)
SecCoreStartupWithStack(0xFFFCC000, 0x820000)
Register PPI Notify: DCD0BE23-9586-40F4-B643-06522CED4EDE
Install PPI: 8C8CE578-8A3D-4F1C-9935-896185C32DD3
Install PPI: 5473C07A-3DCB-4DCA-BD6F-1E9689E7349A
The 0th FV[6938079B-B503-4E3D-9D24-B28337A25806] start address is 0x00000830000, size is 0x000D0000, handle is 0x830000
Register PPI Notify: 49EDB1C1-BF21-4761-BB12-EB0031AABB39
Register PPI Notify: EA7CA24B-DED5-4DAD-A389-BF827E8F9B38
Install PPI: B9E0ABFE-5979-4914-977F-6DEE78C278A6
Install PPI: DBE23AA9-A345-4B97-85B6-B226F1617389
Install PPI: 138F9CF4-F0E7-4721-8F49-F5FFECF42D40
Install PPI: 869C711D-649C-44FE-8B9E-2CBB2911C3E6
Register PPI Notify: 605EA650-C65C-42E1-BA80-91A52AB618C6
DiscoverPeimsAndOrderWithApriori(): Found 0x9 PEI FFS files in the 0th FV
Loading PEIM 9B3ADA4F-AE56-4C24-8DEA-F03B7558AE50
Loading PEIM at 0x0000083CAC0 EntryPoint=0x0000083FB5E PcdPeim.efi
Install PPI: 06E81C58-4AD7-44BC-8390-F10265F72480
Install PPI: 01F34D25-4DE2-23AD-3FF3-36353FF323F1
Install PPI: 4D8B155B-C059-4C8F-8926-06FD4331DB8A
Install PPI: A60C6B59-E459-425D-9C69-0BCC9CB27D81
Register PPI Notify: 605EA650-C65C-42E1-BA80-91A52AB618C6
Loading PEIM A3610442-E69F-4DF3-82CA-2360C4031A23
Loading PEIM at 0x00000841640 EntryPoint=0x00000842978 ReportStatusCodeRouterPei.efi
Install PPI: 0065D394-9951-4144-82A3-0AFC8579C251
Install PPI: 229832D3-7A30-4B36-B827-F40CB7D45436
Loading PEIM 9D225237-FA01-464C-A949-BAABC02D31D0
Loading PEIM at 0x000008436C0 EntryPoint=0x000008448B7 StatusCodeHandlerPei.efi
Loading PEIM FCB3A3D6-6274-411C-A548-BD0E717D533A
Loading PEIM at 0x000008455C0 EntryPoint=0x000008472F4 TdTcg2Pei.efi
Loading PEIM 222C386D-5ABC-4FB4-B124-FBB82488ACF4
Loading PEIM at 0x000008489C0 EntryPoint=0x000008550DC PlatformPei.efi
Platform PEIM Loaded
Select Item: 0x0
Select Item: 0x1
QemuFwCfgProbe: Supported 1, DMA 1
Select Item: 0x19
Select Item: 0x19
Select Item: 0x19
Select Item: 0x19
Select Item: 0x19
Select Item: 0x19
Select Item: 0x19
Select Item: 0x19
Select Item: 0x0
Cache FwCfg Name: QemuFwCfgSignature Item:0x0 Size: 0x4 
Select Item: 0x1
Cache FwCfg Name: QemuFwCfgInterfaceVersion Item:0x1 Size: 0x4 
Select Item: 0x19
Cache FwCfg Name: QemuFwCfgFileDri Item:0x19 Size: 0x404 
Select Item: 0x25
Cache FwCfg Name: etc/e820 Item:0x25 Size: 0x3C 
Select Item: 0x2B
Cache FwCfg Name: etc/system-states Item:0x2B Size: 0x6 
Select Item: 0xE
Cache FwCfg Name: BootMenu Item:0xE Size: 0x2 
Select Item: 0x21
Cache FwCfg Name: bootorder Item:0x21 Size: 0x48 
QemuFwCfgInitCache Pass!!!
CMOS:
00: 24 00 21 00 13 00 01 03 05 26 26 02 00 80 00 00
10: 00 00 00 00 06 80 02 FF FF 00 00 00 00 00 00 00
20: 00 00 00 00 00 00 00 00 00 00 00 00 00 00 00 00
30: FF FF 20 00 00 7F 00 20 30 00 00 00 00 12 00 00
40: 00 00 00 00 00 00 00 00 00 00 00 00 00 00 00 00
50: 00 00 00 00 00 00 00 00 00 00 00 00 80 01 00 0F
60: 00 00 00 00 00 00 00 00 00 00 00 00 00 00 00 00
70: 00 00 00 00 00 00 00 00 00 00 00 00 00 00 00 00
Select Item: 0x19
Select Item: 0x2B
S3 support was detected on QEMU
Install PPI: 7408D748-FC8C-4EE6-9288-C4BEC092A410
Select Item: 0x19
Select Item: 0x19
Select Item: 0x25
PlatformGetFirstNonAddressCB: FirstNonAddress=0x280000000
Select Item: 0x19
Select Item: 0x19
PlatformSetupPagingLevel: using 4-level paging (PcdUse5LevelPageTable disabled)
PlatformAddressWidthFromCpuid: Signature: 'AuthenticAMD', PhysBits: 48, GuestPhysBits: 0, QemuQuirk: On, la57: Off, Valid: Yes
PlatformAddressWidthFromCpuid: limit PhysBits to 46 (4-level paging)
PlatformDynamicMmioWindow: using dynamic mmio window
PlatformDynamicMmioWindow:   Addr Space 0x400000000000 (65536 GB)
PlatformDynamicMmioWindow:   MMIO Space 0x80000000000 (8192 GB)
Select Item: 0x19
Select Item: 0x25
PlatformDynamicMmioWindow:   Pci64 Base 0x380000000000
PlatformDynamicMmioWindow:   Pci64 Size 0x80000000000
AddressWidthInitialization: Pci64Base=0x380000000000 Pci64Size=0x80000000000
Select Item: 0x5
PlatformMaxCpuCountInitialization: BootCpuCount=16 MaxCpuCount=16
Select Item: 0x19
Select Item: 0x25
PlatformGetLowMemoryCB: LowMemory=0x80000000
GetPeiMemoryCap: page tables:    520 KB (1/1/128/0 pages for levels 5/4/3/2)
GetPeiMemoryCap: ap stacks:      512 KB (16 cpus)
GetPeiMemoryCap: memory cap:   66568 KB
PublishPeiMemory: PhysMemAddressWidth=46 PeiMemoryCap=66568 KB
PeiInstallPeiMemory MemoryBegin 0x7BDFE000, MemoryLength 0x4102000
Select Item: 0x19
Select Item: 0x25
PlatformQemuInitializeRam called
PlatformIgvmParamReserve: 0x812000 +0x1000
Select Item: 0x19
Select Item: 0x25
Select Item: 0x19
Select Item: 0x25
PlatformAddHobCB: Reserved [0xFEFFC000, 0xFF000000)
PlatformAddHobCB: HighMemory [0x100000000, 0x280000000)
SecCoreStartupWithStack(0xFFFCC000, 0x820000)
Register PPI Notify: DCD0BE23-9586-40F4-B643-06522CED4EDE
Install PPI: 8C8CE578-8A3D-4F1C-9935-896185C32DD3
Install PPI: 5473C07A-3DCB-4DCA-BD6F-1E9689E7349A
The 0th FV[6938079B-B503-4E3D-9D24-B28337A25806] start address is 0x00000830000, size is 0x000D0000, handle is 0x830000
Register PPI Notify: 49EDB1C1-BF21-4761-BB12-EB0031AABB39
Register PPI Notify: EA7CA24B-DED5-4DAD-A389-BF827E8F9B38
Install PPI: B9E0ABFE-5979-4914-977F-6DEE78C278A6
Install PPI: DBE23AA9-A345-4B97-85B6-B226F1617389
Install PPI: 138F9CF4-F0E7-4721-8F49-F5FFECF42D40
Install PPI: 869C711D-649C-44FE-8B9E-2CBB2911C3E6
Register PPI Notify: 605EA650-C65C-42E1-BA80-91A52AB618C6
DiscoverPeimsAndOrderWithApriori(): Found 0x9 PEI FFS files in the 0th FV
Loading PEIM 9B3ADA4F-AE56-4C24-8DEA-F03B7558AE50
Loading PEIM at 0x0000083CAC0 EntryPoint=0x0000083FB5E PcdPeim.efi
Install PPI: 06E81C58-4AD7-44BC-8390-F10265F72480
Install PPI: 01F34D25-4DE2-23AD-3FF3-36353FF323F1
Install PPI: 4D8B155B-C059-4C8F-8926-06FD4331DB8A
Install PPI: A60C6B59-E459-425D-9C69-0BCC9CB27D81
Register PPI Notify: 605EA650-C65C-42E1-BA80-91A52AB618C6
Loading PEIM A3610442-E69F-4DF3-82CA-2360C4031A23
Loading PEIM at 0x00000841640 EntryPoint=0x00000842978 ReportStatusCodeRouterPei.efi
Install PPI: 0065D394-9951-4144-82A3-0AFC8579C251
Install PPI: 229832D3-7A30-4B36-B827-F40CB7D45436
Loading PEIM 9D225237-FA01-464C-A949-BAABC02D31D0
Loading PEIM at 0x000008436C0 EntryPoint=0x000008448B7 StatusCodeHandlerPei.efi
Loading PEIM FCB3A3D6-6274-411C-A548-BD0E717D533A
Loading PEIM at 0x000008455C0 EntryPoint=0x000008472F4 TdTcg2Pei.efi
Loading PEIM 222C386D-5ABC-4FB4-B124-FBB82488ACF4
Loading PEIM at 0x000008489C0 EntryPoint=0x000008550DC PlatformPei.efi
Platform PEIM Loaded
Select Item: 0x0
Select Item: 0x1
QemuFwCfgProbe: Supported 1, DMA 1
Select Item: 0x19
Select Item: 0x19
Select Item: 0x19
Select Item: 0x19
Select Item: 0x19
Select Item: 0x19
Select Item: 0x19
Select Item: 0x19
Select Item: 0x0
Cache FwCfg Name: QemuFwCfgSignature Item:0x0 Size: 0x4 
Select Item: 0x1
Cache FwCfg Name: QemuFwCfgInterfaceVersion Item:0x1 Size: 0x4 
Select Item: 0x19
Cache FwCfg Name: QemuFwCfgFileDri Item:0x19 Size: 0x404 
Select Item: 0x25
Cache FwCfg Name: etc/e820 Item:0x25 Size: 0x3C 
Select Item: 0x2B
Cache FwCfg Name: etc/system-states Item:0x2B Size: 0x6 
Select Item: 0xE
Cache FwCfg Name: BootMenu Item:0xE Size: 0x2 
Select Item: 0x21
Cache FwCfg Name: bootorder Item:0x21 Size: 0x48 
QemuFwCfgInitCache Pass!!!
CMOS:
00: 25 00 21 00 13 00 01 03 05 26 26 02 00 80 00 00
10: 00 00 00 00 06 80 02 FF FF 00 00 00 00 00 00 00
20: 00 00 00 00 00 00 00 00 00 00 00 00 00 00 00 00
30: FF FF 20 00 00 7F 00 20 30 00 00 00 00 12 00 00
40: 00 00 00 00 00 00 00 00 00 00 00 00 00 00 00 00
50: 00 00 00 00 00 00 00 00 00 00 00 00 80 01 00 0F
60: 00 00 00 00 00 00 00 00 00 00 00 00 00 00 00 00
70: 00 00 00 00 00 00 00 00 00 00 00 00 00 00 00 00
Select Item: 0x19
Select Item: 0x2B
S3 support was detected on QEMU
Install PPI: 7408D748-FC8C-4EE6-9288-C4BEC092A410
Select Item: 0x19
Select Item: 0x19
Select Item: 0x25
PlatformGetFirstNonAddressCB: FirstNonAddress=0x280000000
Select Item: 0x19
Select Item: 0x19
PlatformSetupPagingLevel: using 4-level paging (PcdUse5LevelPageTable disabled)
PlatformAddressWidthFromCpuid: Signature: 'AuthenticAMD', PhysBits: 48, GuestPhysBits: 0, QemuQuirk: On, la57: Off, Valid: Yes
PlatformAddressWidthFromCpuid: limit PhysBits to 46 (4-level paging)
PlatformDynamicMmioWindow: using dynamic mmio window
PlatformDynamicMmioWindow:   Addr Space 0x400000000000 (65536 GB)
PlatformDynamicMmioWindow:   MMIO Space 0x80000000000 (8192 GB)
Select Item: 0x19
Select Item: 0x25
PlatformDynamicMmioWindow:   Pci64 Base 0x380000000000
PlatformDynamicMmioWindow:   Pci64 Size 0x80000000000
AddressWidthInitialization: Pci64Base=0x380000000000 Pci64Size=0x80000000000
Select Item: 0x5
PlatformMaxCpuCountInitialization: BootCpuCount=16 MaxCpuCount=16
Select Item: 0x19
Select Item: 0x25
PlatformGetLowMemoryCB: LowMemory=0x80000000
GetPeiMemoryCap: page tables:    520 KB (1/1/128/0 pages for levels 5/4/3/2)
GetPeiMemoryCap: ap stacks:      512 KB (16 cpus)
GetPeiMemoryCap: memory cap:   66568 KB
PublishPeiMemory: PhysMemAddressWidth=46 PeiMemoryCap=66568 KB
PeiInstallPeiMemory MemoryBegin 0x7BDFE000, MemoryLength 0x4102000
Select Item: 0x19
Select Item: 0x25
PlatformQemuInitializeRam called
PlatformIgvmParamReserve: 0x812000 +0x1000
Select Item: 0x19
Select Item: 0x25
Select Item: 0x19
Select Item: 0x25
PlatformAddHobCB: Reserved [0xFEFFC000, 0xFF000000)
PlatformAddHobCB: HighMemory [0x100000000, 0x280000000)
SecCoreStartupWithStack(0xFFFCC000, 0x820000)
Register PPI Notify: DCD0BE23-9586-40F4-B643-06522CED4EDE
Install PPI: 8C8CE578-8A3D-4F1C-9935-896185C32DD3
Install PPI: 5473C07A-3DCB-4DCA-BD6F-1E9689E7349A
The 0th FV[6938079B-B503-4E3D-9D24-B28337A25806] start address is 0x00000830000, size is 0x000D0000, handle is 0x830000
Register PPI Notify: 49EDB1C1-BF21-4761-BB12-EB0031AABB39
Register PPI Notify: EA7CA24B-DED5-4DAD-A389-BF827E8F9B38
Install PPI: B9E0ABFE-5979-4914-977F-6DEE78C278A6
Install PPI: DBE23AA9-A345-4B97-85B6-B226F1617389
Install PPI: 138F9CF4-F0E7-4721-8F49-F5FFECF42D40
Install PPI: 869C711D-649C-44FE-8B9E-2CBB2911C3E6
Register PPI Notify: 605EA650-C65C-42E1-BA80-91A52AB618C6
DiscoverPeimsAndOrderWithApriori(): Found 0x9 PEI FFS files in the 0th FV
Loading PEIM 9B3ADA4F-AE56-4C24-8DEA-F03B7558AE50
Loading PEIM at 0x0000083CAC0 EntryPoint=0x0000083FB5E PcdPeim.efi
Install PPI: 06E81C58-4AD7-44BC-8390-F10265F72480
Install PPI: 01F34D25-4DE2-23AD-3FF3-36353FF323F1
Install PPI: 4D8B155B-C059-4C8F-8926-06FD4331DB8A
Install PPI: A60C6B59-E459-425D-9C69-0BCC9CB27D81
Register PPI Notify: 605EA650-C65C-42E1-BA80-91A52AB618C6
Loading PEIM A3610442-E69F-4DF3-82CA-2360C4031A23
Loading PEIM at 0x00000841640 EntryPoint=0x00000842978 ReportStatusCodeRouterPei.efi
Install PPI: 0065D394-9951-4144-82A3-0AFC8579C251
Install PPI: 229832D3-7A30-4B36-B827-F40CB7D45436
Loading PEIM 9D225237-FA01-464C-A949-BAABC02D31D0
Loading PEIM at 0x000008436C0 EntryPoint=0x000008448B7 StatusCodeHandlerPei.efi
Loading PEIM FCB3A3D6-6274-411C-A548-BD0E717D533A
Loading PEIM at 0x000008455C0 EntryPoint=0x000008472F4 TdTcg2Pei.efi
Loading PEIM 222C386D-5ABC-4FB4-B124-FBB82488ACF4
Loading PEIM at 0x000008489C0 EntryPoint=0x000008550DC PlatformPei.efi
Platform PEIM Loaded
Select Item: 0x0
Select Item: 0x1
QemuFwCfgProbe: Supported 1, DMA 1
Select Item: 0x19
Select Item: 0x19
Select Item: 0x19
Select Item: 0x19
Select Item: 0x19
Select Item: 0x19
Select Item: 0x19
Select Item: 0x19
Select Item: 0x0
Cache FwCfg Name: QemuFwCfgSignature Item:0x0 Size: 0x4 
Select Item: 0x1
Cache FwCfg Name: QemuFwCfgInterfaceVersion Item:0x1 Size: 0x4 
Select Item: 0x19
Cache FwCfg Name: QemuFwCfgFileDri Item:0x19 Size: 0x404 
Select Item: 0x25
Cache FwCfg Name: etc/e820 Item:0x25 Size: 0x3C 
Select Item: 0x2B
Cache FwCfg Name: etc/system-states Item:0x2B Size: 0x6 
Select Item: 0xE
Cache FwCfg Name: BootMenu Item:0xE Size: 0x2 
Select Item: 0x21
Cache FwCfg Name: bootorder Item:0x21 Size: 0x48 
QemuFwCfgInitCache Pass!!!
CMOS:
00: 26 00 21 00 13 00 01 03 05 26 26 02 10 80 00 00
10: 00 00 00 00 06 80 02 FF FF 00 00 00 00 00 00 00
20: 00 00 00 00 00 00 00 00 00 00 00 00 00 00 00 00
30: FF FF 20 00 00 7F 00 20 30 00 00 00 00 12 00 00
40: 00 00 00 00 00 00 00 00 00 00 00 00 00 00 00 00
50: 00 00 00 00 00 00 00 00 00 00 00 00 80 01 00 0F
60: 00 00 00 00 00 00 00 00 00 00 00 00 00 00 00 00
70: 00 00 00 00 00 00 00 00 00 00 00 00 00 00 00 00
Select Item: 0x19
Select Item: 0x2B
S3 support was detected on QEMU
Install PPI: 7408D748-FC8C-4EE6-9288-C4BEC092A410
Select Item: 0x19
Select Item: 0x19
Select Item: 0x25
PlatformGetFirstNonAddressCB: FirstNonAddress=0x280000000
Select Item: 0x19
Select Item: 0x19
PlatformSetupPagingLevel: using 4-level paging (PcdUse5LevelPageTable disabled)
PlatformAddressWidthFromCpuid: Signature: 'AuthenticAMD', PhysBits: 48, GuestPhysBits: 0, QemuQuirk: On, la57: Off, Valid: Yes
PlatformAddressWidthFromCpuid: limit PhysBits to 46 (4-level paging)
PlatformDynamicMmioWindow: using dynamic mmio window
PlatformDynamicMmioWindow:   Addr Space 0x400000000000 (65536 GB)
PlatformDynamicMmioWindow:   MMIO Space 0x80000000000 (8192 GB)
Select Item: 0x19
Select Item: 0x25
PlatformDynamicMmioWindow:   Pci64 Base 0x380000000000
PlatformDynamicMmioWindow:   Pci64 Size 0x80000000000
AddressWidthInitialization: Pci64Base=0x380000000000 Pci64Size=0x80000000000
Select Item: 0x5
PlatformMaxCpuCountInitialization: BootCpuCount=16 MaxCpuCount=16
Select Item: 0x19
Select Item: 0x25
PlatformGetLowMemoryCB: LowMemory=0x80000000
GetPeiMemoryCap: page tables:    520 KB (1/1/128/0 pages for levels 5/4/3/2)
GetPeiMemoryCap: ap stacks:      512 KB (16 cpus)
GetPeiMemoryCap: memory cap:   66568 KB
PublishPeiMemory: PhysMemAddressWidth=46 PeiMemoryCap=66568 KB
PeiInstallPeiMemory MemoryBegin 0x7BDFE000, MemoryLength 0x4102000
Select Item: 0x19
Select Item: 0x25
PlatformQemuInitializeRam called
PlatformIgvmParamReserve: 0x812000 +0x1000
Select Item: 0x19
Select Item: 0x25
Select Item: 0x19
Select Item: 0x25
PlatformAddHobCB: Reserved [0xFEFFC000, 0xFF000000)
PlatformAddHobCB: HighMemory [0x100000000, 0x280000000)
SecCoreStartupWithStack(0xFFFCC000, 0x820000)
Register PPI Notify: DCD0BE23-9586-40F4-B643-06522CED4EDE
Install PPI: 8C8CE578-8A3D-4F1C-9935-896185C32DD3
Install PPI: 5473C07A-3DCB-4DCA-BD6F-1E9689E7349A
The 0th FV[6938079B-B503-4E3D-9D24-B28337A25806] start address is 0x00000830000, size is 0x000D0000, handle is 0x830000
Register PPI Notify: 49EDB1C1-BF21-4761-BB12-EB0031AABB39
Register PPI Notify: EA7CA24B-DED5-4DAD-A389-BF827E8F9B38
Install PPI: B9E0ABFE-5979-4914-977F-6DEE78C278A6
Install PPI: DBE23AA9-A345-4B97-85B6-B226F1617389
Install PPI: 138F9CF4-F0E7-4721-8F49-F5FFECF42D40
Install PPI: 869C711D-649C-44FE-8B9E-2CBB2911C3E6
Register PPI Notify: 605EA650-C65C-42E1-BA80-91A52AB618C6
DiscoverPeimsAndOrderWithApriori(): Found 0x9 PEI FFS files in the 0th FV
Loading PEIM 9B3ADA4F-AE56-4C24-8DEA-F03B7558AE50
Loading PEIM at 0x0000083CAC0 EntryPoint=0x0000083FB5E PcdPeim.efi
Install PPI: 06E81C58-4AD7-44BC-8390-F10265F72480
Install PPI: 01F34D25-4DE2-23AD-3FF3-36353FF323F1
Install PPI: 4D8B155B-C059-4C8F-8926-06FD4331DB8A
Install PPI: A60C6B59-E459-425D-9C69-0BCC9CB27D81
Register PPI Notify: 605EA650-C65C-42E1-BA80-91A52AB618C6
Loading PEIM A3610442-E69F-4DF3-82CA-2360C4031A23
Loading PEIM at 0x00000841640 EntryPoint=0x00000842978 ReportStatusCodeRouterPei.efi
Install PPI: 0065D394-9951-4144-82A3-0AFC8579C251
Install PPI: 229832D3-7A30-4B36-B827-F40CB7D45436
Loading PEIM 9D225237-FA01-464C-A949-BAABC02D31D0
Loading PEIM at 0x000008436C0 EntryPoint=0x000008448B7 StatusCodeHandlerPei.efi
Loading PEIM FCB3A3D6-6274-411C-A548-BD0E717D533A
Loading PEIM at 0x000008455C0 EntryPoint=0x000008472F4 TdTcg2Pei.efi
Loading PEIM 222C386D-5ABC-4FB4-B124-FBB82488ACF4
Loading PEIM at 0x000008489C0 EntryPoint=0x000008550DC PlatformPei.efi
Platform PEIM Loaded
Select Item: 0x0
Select Item: 0x1
QemuFwCfgProbe: Supported 1, DMA 1
Select Item: 0x19
Select Item: 0x19
Select Item: 0x19
Select Item: 0x19
Select Item: 0x19
Select Item: 0x19
Select Item: 0x19
Select Item: 0x19
Select Item: 0x0
Cache FwCfg Name: QemuFwCfgSignature Item:0x0 Size: 0x4 
Select Item: 0x1
Cache FwCfg Name: QemuFwCfgInterfaceVersion Item:0x1 Size: 0x4 
Select Item: 0x19
Cache FwCfg Name: QemuFwCfgFileDri Item:0x19 Size: 0x404 
Select Item: 0x25
Cache FwCfg Name: etc/e820 Item:0x25 Size: 0x3C 
Select Item: 0x2B
Cache FwCfg Name: etc/system-states Item:0x2B Size: 0x6 
Select Item: 0xE
Cache FwCfg Name: BootMenu Item:0xE Size: 0x2 
Select Item: 0x21
Cache FwCfg Name: bootorder Item:0x21 Size: 0x48 
QemuFwCfgInitCache Pass!!!
CMOS:
00: 26 00 21 00 13 00 01 03 05 26 26 02 00 80 00 00
10: 00 00 00 00 06 80 02 FF FF 00 00 00 00 00 00 00
20: 00 00 00 00 00 00 00 00 00 00 00 00 00 00 00 00
30: FF FF 20 00 00 7F 00 20 30 00 00 00 00 12 00 00
40: 00 00 00 00 00 00 00 00 00 00 00 00 00 00 00 00
50: 00 00 00 00 00 00 00 00 00 00 00 00 80 01 00 0F
60: 00 00 00 00 00 00 00 00 00 00 00 00 00 00 00 00
70: 00 00 00 00 00 00 00 00 00 00 00 00 00 00 00 00
Select Item: 0x19
Select Item: 0x2B
S3 support was detected on QEMU
Install PPI: 7408D748-FC8C-4EE6-9288-C4BEC092A410
Select Item: 0x19
Select Item: 0x19
Select Item: 0x25
PlatformGetFirstNonAddressCB: FirstNonAddress=0x280000000
Select Item: 0x19
Select Item: 0x19
PlatformSetupPagingLevel: using 4-level paging (PcdUse5LevelPageTable disabled)
PlatformAddressWidthFromCpuid: Signature: 'AuthenticAMD', PhysBits: 48, GuestPhysBits: 0, QemuQuirk: On, la57: Off, Valid: Yes
PlatformAddressWidthFromCpuid: limit PhysBits to 46 (4-level paging)
PlatformDynamicMmioWindow: using dynamic mmio window
PlatformDynamicMmioWindow:   Addr Space 0x400000000000 (65536 GB)
PlatformDynamicMmioWindow:   MMIO Space 0x80000000000 (8192 GB)
Select Item: 0x19
Select Item: 0x25
PlatformDynamicMmioWindow:   Pci64 Base 0x380000000000
PlatformDynamicMmioWindow:   Pci64 Size 0x80000000000
AddressWidthInitialization: Pci64Base=0x380000000000 Pci64Size=0x80000000000
Select Item: 0x5
PlatformMaxCpuCountInitialization: BootCpuCount=16 MaxCpuCount=16
Select Item: 0x19
Select Item: 0x25
PlatformGetLowMemoryCB: LowMemory=0x80000000
GetPeiMemoryCap: page tables:    520 KB (1/1/128/0 pages for levels 5/4/3/2)
GetPeiMemoryCap: ap stacks:      512 KB (16 cpus)
GetPeiMemoryCap: memory cap:   66568 KB
PublishPeiMemory: PhysMemAddressWidth=46 PeiMemoryCap=66568 KB
PeiInstallPeiMemory MemoryBegin 0x7BDFE000, MemoryLength 0x4102000
Select Item: 0x19
Select Item: 0x25
PlatformQemuInitializeRam called
PlatformIgvmParamReserve: 0x812000 +0x1000
Select Item: 0x19
Select Item: 0x25
Select Item: 0x19
Select Item: 0x25
PlatformAddHobCB: Reserved [0xFEFFC000, 0xFF000000)
PlatformAddHobCB: HighMemory [0x100000000, 0x280000000)
SecCoreStartupWithStack(0xFFFCC000, 0x820000)
Register PPI Notify: DCD0BE23-9586-40F4-B643-06522CED4EDE
Install PPI: 8C8CE578-8A3D-4F1C-9935-896185C32DD3
Install PPI: 5473C07A-3DCB-4DCA-BD6F-1E9689E7349A
The 0th FV[6938079B-B503-4E3D-9D24-B28337A25806] start address is 0x00000830000, size is 0x000D0000, handle is 0x830000
Register PPI Notify: 49EDB1C1-BF21-4761-BB12-EB0031AABB39
Register PPI Notify: EA7CA24B-DED5-4DAD-A389-BF827E8F9B38
Install PPI: B9E0ABFE-5979-4914-977F-6DEE78C278A6
Install PPI: DBE23AA9-A345-4B97-85B6-B226F1617389
Install PPI: 138F9CF4-F0E7-4721-8F49-F5FFECF42D40
Install PPI: 869C711D-649C-44FE-8B9E-2CBB2911C3E6
Register PPI Notify: 605EA650-C65C-42E1-BA80-91A52AB618C6
DiscoverPeimsAndOrderWithApriori(): Found 0x9 PEI FFS files in the 0th FV
Loading PEIM 9B3ADA4F-AE56-4C24-8DEA-F03B7558AE50
Loading PEIM at 0x0000083CAC0 EntryPoint=0x0000083FB5E PcdPeim.efi
Install PPI: 06E81C58-4AD7-44BC-8390-F10265F72480
Install PPI: 01F34D25-4DE2-23AD-3FF3-36353FF323F1
Install PPI: 4D8B155B-C059-4C8F-8926-06FD4331DB8A
Install PPI: A60C6B59-E459-425D-9C69-0BCC9CB27D81
Register PPI Notify: 605EA650-C65C-42E1-BA80-91A52AB618C6
Loading PEIM A3610442-E69F-4DF3-82CA-2360C4031A23
Loading PEIM at 0x00000841640 EntryPoint=0x00000842978 ReportStatusCodeRouterPei.efi
Install PPI: 0065D394-9951-4144-82A3-0AFC8579C251
Install PPI: 229832D3-7A30-4B36-B827-F40CB7D45436
Loading PEIM 9D225237-FA01-464C-A949-BAABC02D31D0
Loading PEIM at 0x000008436C0 EntryPoint=0x000008448B7 StatusCodeHandlerPei.efi
Loading PEIM FCB3A3D6-6274-411C-A548-BD0E717D533A
Loading PEIM at 0x000008455C0 EntryPoint=0x000008472F4 TdTcg2Pei.efi
Loading PEIM 222C386D-5ABC-4FB4-B124-FBB82488ACF4
Loading PEIM at 0x000008489C0 EntryPoint=0x000008550DC PlatformPei.efi
Platform PEIM Loaded
Select Item: 0x0
Select Item: 0x1
QemuFwCfgProbe: Supported 1, DMA 1
Select Item: 0x19
Select Item: 0x19
Select Item: 0x19
Select Item: 0x19
Select Item: 0x19
Select Item: 0x19
Select Item: 0x19
Select Item: 0x19
Select Item: 0x0
Cache FwCfg Name: QemuFwCfgSignature Item:0x0 Size: 0x4 
Select Item: 0x1
Cache FwCfg Name: QemuFwCfgInterfaceVersion Item:0x1 Size: 0x4 
Select Item: 0x19
Cache FwCfg Name: QemuFwCfgFileDri Item:0x19 Size: 0x404 
Select Item: 0x25
Cache FwCfg Name: etc/e820 Item:0x25 Size: 0x3C 
Select Item: 0x2B
Cache FwCfg Name: etc/system-states Item:0x2B Size: 0x6 
Select Item: 0xE
Cache FwCfg Name: BootMenu Item:0xE Size: 0x2 
Select Item: 0x21
Cache FwCfg Name: bootorder Item:0x21 Size: 0x48 
QemuFwCfgInitCache Pass!!!
CMOS:
00: 27 00 21 00 13 00 01 03 05 26 26 02 00 80 00 00
10: 00 00 00 00 06 80 02 FF FF 00 00 00 00 00 00 00
20: 00 00 00 00 00 00 00 00 00 00 00 00 00 00 00 00
30: FF FF 20 00 00 7F 00 20 30 00 00 00 00 12 00 00
40: 00 00 00 00 00 00 00 00 00 00 00 00 00 00 00 00
50: 00 00 00 00 00 00 00 00 00 00 00 00 80 01 00 0F
60: 00 00 00 00 00 00 00 00 00 00 00 00 00 00 00 00
70: 00 00 00 00 00 00 00 00 00 00 00 00 00 00 00 00
Select Item: 0x19
Select Item: 0x2B
S3 support was detected on QEMU
Install PPI: 7408D748-FC8C-4EE6-9288-C4BEC092A410
Select Item: 0x19
Select Item: 0x19
Select Item: 0x25
PlatformGetFirstNonAddressCB: FirstNonAddress=0x280000000
Select Item: 0x19
Select Item: 0x19
PlatformSetupPagingLevel: using 4-level paging (PcdUse5LevelPageTable disabled)
PlatformAddressWidthFromCpuid: Signature: 'AuthenticAMD', PhysBits: 48, GuestPhysBits: 0, QemuQuirk: On, la57: Off, Valid: Yes
PlatformAddressWidthFromCpuid: limit PhysBits to 46 (4-level paging)
PlatformDynamicMmioWindow: using dynamic mmio window
PlatformDynamicMmioWindow:   Addr Space 0x400000000000 (65536 GB)
PlatformDynamicMmioWindow:   MMIO Space 0x80000000000 (8192 GB)
Select Item: 0x19
Select Item: 0x25
PlatformDynamicMmioWindow:   Pci64 Base 0x380000000000
PlatformDynamicMmioWindow:   Pci64 Size 0x80000000000
AddressWidthInitialization: Pci64Base=0x380000000000 Pci64Size=0x80000000000
Select Item: 0x5
PlatformMaxCpuCountInitialization: BootCpuCount=16 MaxCpuCount=16
Select Item: 0x19
Select Item: 0x25
PlatformGetLowMemoryCB: LowMemory=0x80000000
GetPeiMemoryCap: page tables:    520 KB (1/1/128/0 pages for levels 5/4/3/2)
GetPeiMemoryCap: ap stacks:      512 KB (16 cpus)
GetPeiMemoryCap: memory cap:   66568 KB
PublishPeiMemory: PhysMemAddressWidth=46 PeiMemoryCap=66568 KB
PeiInstallPeiMemory MemoryBegin 0x7BDFE000, MemoryLength 0x4102000
Select Item: 0x19
Select Item: 0x25
PlatformQemuInitializeRam called
PlatformIgvmParamReserve: 0x812000 +0x1000
Select Item: 0x19
Select Item: 0x25
Select Item: 0x19
Select Item: 0x25
PlatformAddHobCB: Reserved [0xFEFFC000, 0xFF000000)
PlatformAddHobCB: HighMemory [0x100000000, 0x280000000)
SecCoreStartupWithStack(0xFFFCC000, 0x820000)
Register PPI Notify: DCD0BE23-9586-40F4-B643-06522CED4EDE
Install PPI: 8C8CE578-8A3D-4F1C-9935-896185C32DD3
Install PPI: 5473C07A-3DCB-4DCA-BD6F-1E9689E7349A
The 0th FV[6938079B-B503-4E3D-9D24-B28337A25806] start address is 0x00000830000, size is 0x000D0000, handle is 0x830000
Register PPI Notify: 49EDB1C1-BF21-4761-BB12-EB0031AABB39
Register PPI Notify: EA7CA24B-DED5-4DAD-A389-BF827E8F9B38
Install PPI: B9E0ABFE-5979-4914-977F-6DEE78C278A6
Install PPI: DBE23AA9-A345-4B97-85B6-B226F1617389
Install PPI: 138F9CF4-F0E7-4721-8F49-F5FFECF42D40
Install PPI: 869C711D-649C-44FE-8B9E-2CBB2911C3E6
Register PPI Notify: 605EA650-C65C-42E1-BA80-91A52AB618C6
DiscoverPeimsAndOrderWithApriori(): Found 0x9 PEI FFS files in the 0th FV
Loading PEIM 9B3ADA4F-AE56-4C24-8DEA-F03B7558AE50
Loading PEIM at 0x0000083CAC0 EntryPoint=0x0000083FB5E PcdPeim.efi
Install PPI: 06E81C58-4AD7-44BC-8390-F10265F72480
Install PPI: 01F34D25-4DE2-23AD-3FF3-36353FF323F1
Install PPI: 4D8B155B-C059-4C8F-8926-06FD4331DB8A
Install PPI: A60C6B59-E459-425D-9C69-0BCC9CB27D81
Register PPI Notify: 605EA650-C65C-42E1-BA80-91A52AB618C6
Loading PEIM A3610442-E69F-4DF3-82CA-2360C4031A23
Loading PEIM at 0x00000841640 EntryPoint=0x00000842978 ReportStatusCodeRouterPei.efi
Install PPI: 0065D394-9951-4144-82A3-0AFC8579C251
Install PPI: 229832D3-7A30-4B36-B827-F40CB7D45436
Loading PEIM 9D225237-FA01-464C-A949-BAABC02D31D0
Loading PEIM at 0x000008436C0 EntryPoint=0x000008448B7 StatusCodeHandlerPei.efi
Loading PEIM FCB3A3D6-6274-411C-A548-BD0E717D533A
Loading PEIM at 0x000008455C0 EntryPoint=0x000008472F4 TdTcg2Pei.efi
Loading PEIM 222C386D-5ABC-4FB4-B124-FBB82488ACF4
Loading PEIM at 0x000008489C0 EntryPoint=0x000008550DC PlatformPei.efi
Platform PEIM Loaded
Select Item: 0x0
Select Item: 0x1
QemuFwCfgProbe: Supported 1, DMA 1
Select Item: 0x19
Select Item: 0x19
Select Item: 0x19
Select Item: 0x19
Select Item: 0x19
Select Item: 0x19
Select Item: 0x19
Select Item: 0x19
Select Item: 0x0
Cache FwCfg Name: QemuFwCfgSignature Item:0x0 Size: 0x4 
Select Item: 0x1
Cache FwCfg Name: QemuFwCfgInterfaceVersion Item:0x1 Size: 0x4 
Select Item: 0x19
Cache FwCfg Name: QemuFwCfgFileDri Item:0x19 Size: 0x404 
Select Item: 0x25
Cache FwCfg Name: etc/e820 Item:0x25 Size: 0x3C 
Select Item: 0x2B
Cache FwCfg Name: etc/system-states Item:0x2B Size: 0x6 
Select Item: 0xE
Cache FwCfg Name: BootMenu Item:0xE Size: 0x2 
Select Item: 0x21
Cache FwCfg Name: bootorder Item:0x21 Size: 0x48 
QemuFwCfgInitCache Pass!!!
CMOS:
00: 28 00 21 00 13 00 01 03 05 26 26 02 10 80 00 00
10: 00 00 00 00 06 80 02 FF FF 00 00 00 00 00 00 00
20: 00 00 00 00 00 00 00 00 00 00 00 00 00 00 00 00
30: FF FF 20 00 00 7F 00 20 30 00 00 00 00 12 00 00
40: 00 00 00 00 00 00 00 00 00 00 00 00 00 00 00 00
50: 00 00 00 00 00 00 00 00 00 00 00 00 80 01 00 0F
60: 00 00 00 00 00 00 00 00 00 00 00 00 00 00 00 00
70: 00 00 00 00 00 00 00 00 00 00 00 00 00 00 00 00
Select Item: 0x19
Select Item: 0x2B
S3 support was detected on QEMU
Install PPI: 7408D748-FC8C-4EE6-9288-C4BEC092A410
Select Item: 0x19
Select Item: 0x19
Select Item: 0x25
PlatformGetFirstNonAddressCB: FirstNonAddress=0x280000000
Select Item: 0x19
Select Item: 0x19
PlatformSetupPagingLevel: using 4-level paging (PcdUse5LevelPageTable disabled)
PlatformAddressWidthFromCpuid: Signature: 'AuthenticAMD', PhysBits: 48, GuestPhysBits: 0, QemuQuirk: On, la57: Off, Valid: Yes
PlatformAddressWidthFromCpuid: limit PhysBits to 46 (4-level paging)
PlatformDynamicMmioWindow: using dynamic mmio window
PlatformDynamicMmioWindow:   Addr Space 0x400000000000 (65536 GB)
PlatformDynamicMmioWindow:   MMIO Space 0x80000000000 (8192 GB)
Select Item: 0x19
Select Item: 0x25
PlatformDynamicMmioWindow:   Pci64 Base 0x380000000000
PlatformDynamicMmioWindow:   Pci64 Size 0x80000000000
AddressWidthInitialization: Pci64Base=0x380000000000 Pci64Size=0x80000000000
Select Item: 0x5
PlatformMaxCpuCountInitialization: BootCpuCount=16 MaxCpuCount=16
Select Item: 0x19
Select Item: 0x25
PlatformGetLowMemoryCB: LowMemory=0x80000000
GetPeiMemoryCap: page tables:    520 KB (1/1/128/0 pages for levels 5/4/3/2)
GetPeiMemoryCap: ap stacks:      512 KB (16 cpus)
GetPeiMemoryCap: memory cap:   66568 KB
PublishPeiMemory: PhysMemAddressWidth=46 PeiMemoryCap=66568 KB
PeiInstallPeiMemory MemoryBegin 0x7BDFE000, MemoryLength 0x4102000
Select Item: 0x19
Select Item: 0x25
PlatformQemuInitializeRam called
PlatformIgvmParamReserve: 0x812000 +0x1000
Select Item: 0x19
Select Item: 0x25
Select Item: 0x19
Select Item: 0x25
PlatformAddHobCB: Reserved [0xFEFFC000, 0xFF000000)
PlatformAddHobCB: HighMemory [0x100000000, 0x280000000)
SecCoreStartupWithStack(0xFFFCC000, 0x820000)
Register PPI Notify: DCD0BE23-9586-40F4-B643-06522CED4EDE
Install PPI: 8C8CE578-8A3D-4F1C-9935-896185C32DD3
Install PPI: 5473C07A-3DCB-4DCA-BD6F-1E9689E7349A
The 0th FV[6938079B-B503-4E3D-9D24-B28337A25806] start address is 0x00000830000, size is 0x000D0000, handle is 0x830000
Register PPI Notify: 49EDB1C1-BF21-4761-BB12-EB0031AABB39
Register PPI Notify: EA7CA24B-DED5-4DAD-A389-BF827E8F9B38
Install PPI: B9E0ABFE-5979-4914-977F-6DEE78C278A6
Install PPI: DBE23AA9-A345-4B97-85B6-B226F1617389
Install PPI: 138F9CF4-F0E7-4721-8F49-F5FFECF42D40
Install PPI: 869C711D-649C-44FE-8B9E-2CBB2911C3E6
Register PPI Notify: 605EA650-C65C-42E1-BA80-91A52AB618C6
DiscoverPeimsAndOrderWithApriori(): Found 0x9 PEI FFS files in the 0th FV
Loading PEIM 9B3ADA4F-AE56-4C24-8DEA-F03B7558AE50
Loading PEIM at 0x0000083CAC0 EntryPoint=0x0000083FB5E PcdPeim.efi
Install PPI: 06E81C58-4AD7-44BC-8390-F10265F72480
Install PPI: 01F34D25-4DE2-23AD-3FF3-36353FF323F1
Install PPI: 4D8B155B-C059-4C8F-8926-06FD4331DB8A
Install PPI: A60C6B59-E459-425D-9C69-0BCC9CB27D81
Register PPI Notify: 605EA650-C65C-42E1-BA80-91A52AB618C6
Loading PEIM A3610442-E69F-4DF3-82CA-2360C4031A23
Loading PEIM at 0x00000841640 EntryPoint=0x00000842978 ReportStatusCodeRouterPei.efi
Install PPI: 0065D394-9951-4144-82A3-0AFC8579C251
Install PPI: 229832D3-7A30-4B36-B827-F40CB7D45436
Loading PEIM 9D225237-FA01-464C-A949-BAABC02D31D0
Loading PEIM at 0x000008436C0 EntryPoint=0x000008448B7 StatusCodeHandlerPei.efi
Loading PEIM FCB3A3D6-6274-411C-A548-BD0E717D533A
Loading PEIM at 0x000008455C0 EntryPoint=0x000008472F4 TdTcg2Pei.efi
Loading PEIM 222C386D-5ABC-4FB4-B124-FBB82488ACF4
Loading PEIM at 0x000008489C0 EntryPoint=0x000008550DC PlatformPei.efi
Platform PEIM Loaded
Select Item: 0x0
Select Item: 0x1
QemuFwCfgProbe: Supported 1, DMA 1
Select Item: 0x19
Select Item: 0x19
Select Item: 0x19
Select Item: 0x19
Select Item: 0x19
Select Item: 0x19
Select Item: 0x19
Select Item: 0x19
Select Item: 0x0
Cache FwCfg Name: QemuFwCfgSignature Item:0x0 Size: 0x4 
Select Item: 0x1
Cache FwCfg Name: QemuFwCfgInterfaceVersion Item:0x1 Size: 0x4 
Select Item: 0x19
Cache FwCfg Name: QemuFwCfgFileDri Item:0x19 Size: 0x404 
Select Item: 0x25
Cache FwCfg Name: etc/e820 Item:0x25 Size: 0x3C 
Select Item: 0x2B
Cache FwCfg Name: etc/system-states Item:0x2B Size: 0x6 
Select Item: 0xE
Cache FwCfg Name: BootMenu Item:0xE Size: 0x2 
Select Item: 0x21
Cache FwCfg Name: bootorder Item:0x21 Size: 0x48 
QemuFwCfgInitCache Pass!!!
CMOS:
00: 29 00 21 00 13 00 01 03 05 26 26 02 10 80 00 00
10: 00 00 00 00 06 80 02 FF FF 00 00 00 00 00 00 00
20: 00 00 00 00 00 00 00 00 00 00 00 00 00 00 00 00
30: FF FF 20 00 00 7F 00 20 30 00 00 00 00 12 00 00
40: 00 00 00 00 00 00 00 00 00 00 00 00 00 00 00 00
50: 00 00 00 00 00 00 00 00 00 00 00 00 80 01 00 0F
60: 00 00 00 00 00 00 00 00 00 00 00 00 00 00 00 00
70: 00 00 00 00 00 00 00 00 00 00 00 00 00 00 00 00
Select Item: 0x19
Select Item: 0x2B
S3 support was detected on QEMU
Install PPI: 7408D748-FC8C-4EE6-9288-C4BEC092A410
Select Item: 0x19
Select Item: 0x19
Select Item: 0x25
PlatformGetFirstNonAddressCB: FirstNonAddress=0x280000000
Select Item: 0x19
Select Item: 0x19
PlatformSetupPagingLevel: using 4-level paging (PcdUse5LevelPageTable disabled)
PlatformAddressWidthFromCpuid: Signature: 'AuthenticAMD', PhysBits: 48, GuestPhysBits: 0, QemuQuirk: On, la57: Off, Valid: Yes
PlatformAddressWidthFromCpuid: limit PhysBits to 46 (4-level paging)
PlatformDynamicMmioWindow: using dynamic mmio window
PlatformDynamicMmioWindow:   Addr Space 0x400000000000 (65536 GB)
PlatformDynamicMmioWindow:   MMIO Space 0x80000000000 (8192 GB)
Select Item: 0x19
Select Item: 0x25
PlatformDynamicMmioWindow:   Pci64 Base 0x380000000000
PlatformDynamicMmioWindow:   Pci64 Size 0x80000000000
AddressWidthInitialization: Pci64Base=0x380000000000 Pci64Size=0x80000000000
Select Item: 0x5
PlatformMaxCpuCountInitialization: BootCpuCount=16 MaxCpuCount=16
Select Item: 0x19
Select Item: 0x25
PlatformGetLowMemoryCB: LowMemory=0x80000000
GetPeiMemoryCap: page tables:    520 KB (1/1/128/0 pages for levels 5/4/3/2)
GetPeiMemoryCap: ap stacks:      512 KB (16 cpus)
GetPeiMemoryCap: memory cap:   66568 KB
PublishPeiMemory: PhysMemAddressWidth=46 PeiMemoryCap=66568 KB
PeiInstallPeiMemory MemoryBegin 0x7BDFE000, MemoryLength 0x4102000
Select Item: 0x19
Select Item: 0x25
PlatformQemuInitializeRam called
PlatformIgvmParamReserve: 0x812000 +0x1000
Select Item: 0x19
Select Item: 0x25
Select Item: 0x19
Select Item: 0x25
PlatformAddHobCB: Reserved [0xFEFFC000, 0xFF000000)
PlatformAddHobCB: HighMemory [0x100000000, 0x280000000)
SecCoreStartupWithStack(0xFFFCC000, 0x820000)
Register PPI Notify: DCD0BE23-9586-40F4-B643-06522CED4EDE
Install PPI: 8C8CE578-8A3D-4F1C-9935-896185C32DD3
Install PPI: 5473C07A-3DCB-4DCA-BD6F-1E9689E7349A
The 0th FV[6938079B-B503-4E3D-9D24-B28337A25806] start address is 0x00000830000, size is 0x000D0000, handle is 0x830000
Register PPI Notify: 49EDB1C1-BF21-4761-BB12-EB0031AABB39
Register PPI Notify: EA7CA24B-DED5-4DAD-A389-BF827E8F9B38
Install PPI: B9E0ABFE-5979-4914-977F-6DEE78C278A6
Install PPI: DBE23AA9-A345-4B97-85B6-B226F1617389
Install PPI: 138F9CF4-F0E7-4721-8F49-F5FFECF42D40
Install PPI: 869C711D-649C-44FE-8B9E-2CBB2911C3E6
Register PPI Notify: 605EA650-C65C-42E1-BA80-91A52AB618C6
DiscoverPeimsAndOrderWithApriori(): Found 0x9 PEI FFS files in the 0th FV
Loading PEIM 9B3ADA4F-AE56-4C24-8DEA-F03B7558AE50
Loading PEIM at 0x0000083CAC0 EntryPoint=0x0000083FB5E PcdPeim.efi
Install PPI: 06E81C58-4AD7-44BC-8390-F10265F72480
Install PPI: 01F34D25-4DE2-23AD-3FF3-36353FF323F1
Install PPI: 4D8B155B-C059-4C8F-8926-06FD4331DB8A
Install PPI: A60C6B59-E459-425D-9C69-0BCC9CB27D81
Register PPI Notify: 605EA650-C65C-42E1-BA80-91A52AB618C6
Loading PEIM A3610442-E69F-4DF3-82CA-2360C4031A23
Loading PEIM at 0x00000841640 EntryPoint=0x00000842978 ReportStatusCodeRouterPei.efi
Install PPI: 0065D394-9951-4144-82A3-0AFC8579C251
Install PPI: 229832D3-7A30-4B36-B827-F40CB7D45436
Loading PEIM 9D225237-FA01-464C-A949-BAABC02D31D0
Loading PEIM at 0x000008436C0 EntryPoint=0x000008448B7 StatusCodeHandlerPei.efi
Loading PEIM FCB3A3D6-6274-411C-A548-BD0E717D533A
Loading PEIM at 0x000008455C0 EntryPoint=0x000008472F4 TdTcg2Pei.efi
Loading PEIM 222C386D-5ABC-4FB4-B124-FBB82488ACF4
Loading PEIM at 0x000008489C0 EntryPoint=0x000008550DC PlatformPei.efi
Platform PEIM Loaded
Select Item: 0x0
Select Item: 0x1
QemuFwCfgProbe: Supported 1, DMA 1
Select Item: 0x19
Select Item: 0x19
Select Item: 0x19
Select Item: 0x19
Select Item: 0x19
Select Item: 0x19
Select Item: 0x19
Select Item: 0x19
Select Item: 0x0
Cache FwCfg Name: QemuFwCfgSignature Item:0x0 Size: 0x4 
Select Item: 0x1
Cache FwCfg Name: QemuFwCfgInterfaceVersion Item:0x1 Size: 0x4 
Select Item: 0x19
Cache FwCfg Name: QemuFwCfgFileDri Item:0x19 Size: 0x404 
Select Item: 0x25
Cache FwCfg Name: etc/e820 Item:0x25 Size: 0x3C 
Select Item: 0x2B
Cache FwCfg Name: etc/system-states Item:0x2B Size: 0x6 
Select Item: 0xE
Cache FwCfg Name: BootMenu Item:0xE Size: 0x2 
Select Item: 0x21
Cache FwCfg Name: bootorder Item:0x21 Size: 0x48 
QemuFwCfgInitCache Pass!!!
CMOS:
00: 29 00 21 00 13 00 01 03 05 26 26 02 00 80 00 00
10: 00 00 00 00 06 80 02 FF FF 00 00 00 00 00 00 00
20: 00 00 00 00 00 00 00 00 00 00 00 00 00 00 00 00
30: FF FF 20 00 00 7F 00 20 30 00 00 00 00 12 00 00
40: 00 00 00 00 00 00 00 00 00 00 00 00 00 00 00 00
50: 00 00 00 00 00 00 00 00 00 00 00 00 80 01 00 0F
60: 00 00 00 00 00 00 00 00 00 00 00 00 00 00 00 00
70: 00 00 00 00 00 00 00 00 00 00 00 00 00 00 00 00
Select Item: 0x19
Select Item: 0x2B
S3 support was detected on QEMU
Install PPI: 7408D748-FC8C-4EE6-9288-C4BEC092A410
Select Item: 0x19
Select Item: 0x19
Select Item: 0x25
PlatformGetFirstNonAddressCB: FirstNonAddress=0x280000000
Select Item: 0x19
Select Item: 0x19
PlatformSetupPagingLevel: using 4-level paging (PcdUse5LevelPageTable disabled)
PlatformAddressWidthFromCpuid: Signature: 'AuthenticAMD', PhysBits: 48, GuestPhysBits: 0, QemuQuirk: On, la57: Off, Valid: Yes
PlatformAddressWidthFromCpuid: limit PhysBits to 46 (4-level paging)
PlatformDynamicMmioWindow: using dynamic mmio window
PlatformDynamicMmioWindow:   Addr Space 0x400000000000 (65536 GB)
PlatformDynamicMmioWindow:   MMIO Space 0x80000000000 (8192 GB)
Select Item: 0x19
Select Item: 0x25
PlatformDynamicMmioWindow:   Pci64 Base 0x380000000000
PlatformDynamicMmioWindow:   Pci64 Size 0x80000000000
AddressWidthInitialization: Pci64Base=0x380000000000 Pci64Size=0x80000000000
Select Item: 0x5
PlatformMaxCpuCountInitialization: BootCpuCount=16 MaxCpuCount=16
Select Item: 0x19
Select Item: 0x25
PlatformGetLowMemoryCB: LowMemory=0x80000000
GetPeiMemoryCap: page tables:    520 KB (1/1/128/0 pages for levels 5/4/3/2)
GetPeiMemoryCap: ap stacks:      512 KB (16 cpus)
GetPeiMemoryCap: memory cap:   66568 KB
PublishPeiMemory: PhysMemAddressWidth=46 PeiMemoryCap=66568 KB
PeiInstallPeiMemory MemoryBegin 0x7BDFE000, MemoryLength 0x4102000
Select Item: 0x19
Select Item: 0x25
PlatformQemuInitializeRam called
PlatformIgvmParamReserve: 0x812000 +0x1000
Select Item: 0x19
Select Item: 0x25
Select Item: 0x19
Select Item: 0x25
PlatformAddHobCB: Reserved [0xFEFFC000, 0xFF000000)
PlatformAddHobCB: HighMemory [0x100000000, 0x280000000)
SecCoreStartupWithStack(0xFFFCC000, 0x820000)
Register PPI Notify: DCD0BE23-9586-40F4-B643-06522CED4EDE
Install PPI: 8C8CE578-8A3D-4F1C-9935-896185C32DD3
Install PPI: 5473C07A-3DCB-4DCA-BD6F-1E9689E7349A
The 0th FV[6938079B-B503-4E3D-9D24-B28337A25806] start address is 0x00000830000, size is 0x000D0000, handle is 0x830000
Register PPI Notify: 49EDB1C1-BF21-4761-BB12-EB0031AABB39
Register PPI Notify: EA7CA24B-DED5-4DAD-A389-BF827E8F9B38
Install PPI: B9E0ABFE-5979-4914-977F-6DEE78C278A6
Install PPI: DBE23AA9-A345-4B97-85B6-B226F1617389
Install PPI: 138F9CF4-F0E7-4721-8F49-F5FFECF42D40
Install PPI: 869C711D-649C-44FE-8B9E-2CBB2911C3E6
Register PPI Notify: 605EA650-C65C-42E1-BA80-91A52AB618C6
DiscoverPeimsAndOrderWithApriori(): Found 0x9 PEI FFS files in the 0th FV
Loading PEIM 9B3ADA4F-AE56-4C24-8DEA-F03B7558AE50
Loading PEIM at 0x0000083CAC0 EntryPoint=0x0000083FB5E PcdPeim.efi
Install PPI: 06E81C58-4AD7-44BC-8390-F10265F72480
Install PPI: 01F34D25-4DE2-23AD-3FF3-36353FF323F1
Install PPI: 4D8B155B-C059-4C8F-8926-06FD4331DB8A
Install PPI: A60C6B59-E459-425D-9C69-0BCC9CB27D81
Register PPI Notify: 605EA650-C65C-42E1-BA80-91A52AB618C6
Loading PEIM A3610442-E69F-4DF3-82CA-2360C4031A23
Loading PEIM at 0x00000841640 EntryPoint=0x00000842978 ReportStatusCodeRouterPei.efi
Install PPI: 0065D394-9951-4144-82A3-0AFC8579C251
Install PPI: 229832D3-7A30-4B36-B827-F40CB7D45436
Loading PEIM 9D225237-FA01-464C-A949-BAABC02D31D0
Loading PEIM at 0x000008436C0 EntryPoint=0x000008448B7 StatusCodeHandlerPei.efi
Loading PEIM FCB3A3D6-6274-411C-A548-BD0E717D533A
Loading PEIM at 0x000008455C0 EntryPoint=0x000008472F4 TdTcg2Pei.efi
Loading PEIM 222C386D-5ABC-4FB4-B124-FBB82488ACF4
Loading PEIM at 0x000008489C0 EntryPoint=0x000008550DC PlatformPei.efi
Platform PEIM Loaded
Select Item: 0x0
Select Item: 0x1
QemuFwCfgProbe: Supported 1, DMA 1
Select Item: 0x19
Select Item: 0x19
Select Item: 0x19
Select Item: 0x19
Select Item: 0x19
Select Item: 0x19
Select Item: 0x19
Select Item: 0x19
Select Item: 0x0
Cache FwCfg Name: QemuFwCfgSignature Item:0x0 Size: 0x4 
Select Item: 0x1
Cache FwCfg Name: QemuFwCfgInterfaceVersion Item:0x1 Size: 0x4 
Select Item: 0x19
Cache FwCfg Name: QemuFwCfgFileDri Item:0x19 Size: 0x404 
Select Item: 0x25
Cache FwCfg Name: etc/e820 Item:0x25 Size: 0x3C 
Select Item: 0x2B
Cache FwCfg Name: etc/system-states Item:0x2B Size: 0x6 
Select Item: 0xE
Cache FwCfg Name: BootMenu Item:0xE Size: 0x2 
Select Item: 0x21
Cache FwCfg Name: bootorder Item:0x21 Size: 0x48 
QemuFwCfgInitCache Pass!!!
CMOS:
00: 30 00 21 00 13 00 01 03 05 26 26 02 10 80 00 00
10: 00 00 00 00 06 80 02 FF FF 00 00 00 00 00 00 00
20: 00 00 00 00 00 00 00 00 00 00 00 00 00 00 00 00
30: FF FF 20 00 00 7F 00 20 30 00 00 00 00 12 00 00
40: 00 00 00 00 00 00 00 00 00 00 00 00 00 00 00 00
50: 00 00 00 00 00 00 00 00 00 00 00 00 80 01 00 0F
60: 00 00 00 00 00 00 00 00 00 00 00 00 00 00 00 00
70: 00 00 00 00 00 00 00 00 00 00 00 00 00 00 00 00
Select Item: 0x19
Select Item: 0x2B
S3 support was detected on QEMU
Install PPI: 7408D748-FC8C-4EE6-9288-C4BEC092A410
Select Item: 0x19
Select Item: 0x19
Select Item: 0x25
PlatformGetFirstNonAddressCB: FirstNonAddress=0x280000000
Select Item: 0x19
Select Item: 0x19
PlatformSetupPagingLevel: using 4-level paging (PcdUse5LevelPageTable disabled)
PlatformAddressWidthFromCpuid: Signature: 'AuthenticAMD', PhysBits: 48, GuestPhysBits: 0, QemuQuirk: On, la57: Off, Valid: Yes
PlatformAddressWidthFromCpuid: limit PhysBits to 46 (4-level paging)
PlatformDynamicMmioWindow: using dynamic mmio window
PlatformDynamicMmioWindow:   Addr Space 0x400000000000 (65536 GB)
PlatformDynamicMmioWindow:   MMIO Space 0x80000000000 (8192 GB)
Select Item: 0x19
Select Item: 0x25
PlatformDynamicMmioWindow:   Pci64 Base 0x380000000000
PlatformDynamicMmioWindow:   Pci64 Size 0x80000000000
AddressWidthInitialization: Pci64Base=0x380000000000 Pci64Size=0x80000000000
Select Item: 0x5
PlatformMaxCpuCountInitialization: BootCpuCount=16 MaxCpuCount=16
Select Item: 0x19
Select Item: 0x25
PlatformGetLowMemoryCB: LowMemory=0x80000000
GetPeiMemoryCap: page tables:    520 KB (1/1/128/0 pages for levels 5/4/3/2)
GetPeiMemoryCap: ap stacks:      512 KB (16 cpus)
GetPeiMemoryCap: memory cap:   66568 KB
PublishPeiMemory: PhysMemAddressWidth=46 PeiMemoryCap=66568 KB
PeiInstallPeiMemory MemoryBegin 0x7BDFE000, MemoryLength 0x4102000
Select Item: 0x19
Select Item: 0x25
PlatformQemuInitializeRam called
PlatformIgvmParamReserve: 0x812000 +0x1000
Select Item: 0x19
Select Item: 0x25
Select Item: 0x19
Select Item: 0x25
PlatformAddHobCB: Reserved [0xFEFFC000, 0xFF000000)
PlatformAddHobCB: HighMemory [0x100000000, 0x280000000)
SecCoreStartupWithStack(0xFFFCC000, 0x820000)
Register PPI Notify: DCD0BE23-9586-40F4-B643-06522CED4EDE
Install PPI: 8C8CE578-8A3D-4F1C-9935-896185C32DD3
Install PPI: 5473C07A-3DCB-4DCA-BD6F-1E9689E7349A
The 0th FV[6938079B-B503-4E3D-9D24-B28337A25806] start address is 0x00000830000, size is 0x000D0000, handle is 0x830000
Register PPI Notify: 49EDB1C1-BF21-4761-BB12-EB0031AABB39
Register PPI Notify: EA7CA24B-DED5-4DAD-A389-BF827E8F9B38
Install PPI: B9E0ABFE-5979-4914-977F-6DEE78C278A6
Install PPI: DBE23AA9-A345-4B97-85B6-B226F1617389
Install PPI: 138F9CF4-F0E7-4721-8F49-F5FFECF42D40
Install PPI: 869C711D-649C-44FE-8B9E-2CBB2911C3E6
Register PPI Notify: 605EA650-C65C-42E1-BA80-91A52AB618C6
DiscoverPeimsAndOrderWithApriori(): Found 0x9 PEI FFS files in the 0th FV
Loading PEIM 9B3ADA4F-AE56-4C24-8DEA-F03B7558AE50
Loading PEIM at 0x0000083CAC0 EntryPoint=0x0000083FB5E PcdPeim.efi
Install PPI: 06E81C58-4AD7-44BC-8390-F10265F72480
Install PPI: 01F34D25-4DE2-23AD-3FF3-36353FF323F1
Install PPI: 4D8B155B-C059-4C8F-8926-06FD4331DB8A
Install PPI: A60C6B59-E459-425D-9C69-0BCC9CB27D81
Register PPI Notify: 605EA650-C65C-42E1-BA80-91A52AB618C6
Loading PEIM A3610442-E69F-4DF3-82CA-2360C4031A23
Loading PEIM at 0x00000841640 EntryPoint=0x00000842978 ReportStatusCodeRouterPei.efi
Install PPI: 0065D394-9951-4144-82A3-0AFC8579C251
Install PPI: 229832D3-7A30-4B36-B827-F40CB7D45436
Loading PEIM 9D225237-FA01-464C-A949-BAABC02D31D0
Loading PEIM at 0x000008436C0 EntryPoint=0x000008448B7 StatusCodeHandlerPei.efi
Loading PEIM FCB3A3D6-6274-411C-A548-BD0E717D533A
Loading PEIM at 0x000008455C0 EntryPoint=0x000008472F4 TdTcg2Pei.efi
Loading PEIM 222C386D-5ABC-4FB4-B124-FBB82488ACF4
Loading PEIM at 0x000008489C0 EntryPoint=0x000008550DC PlatformPei.efi
Platform PEIM Loaded
Select Item: 0x0
Select Item: 0x1
QemuFwCfgProbe: Supported 1, DMA 1
Select Item: 0x19
Select Item: 0x19
Select Item: 0x19
Select Item: 0x19
Select Item: 0x19
Select Item: 0x19
Select Item: 0x19
Select Item: 0x19
Select Item: 0x0
Cache FwCfg Name: QemuFwCfgSignature Item:0x0 Size: 0x4 
Select Item: 0x1
Cache FwCfg Name: QemuFwCfgInterfaceVersion Item:0x1 Size: 0x4 
Select Item: 0x19
Cache FwCfg Name: QemuFwCfgFileDri Item:0x19 Size: 0x404 
Select Item: 0x25
Cache FwCfg Name: etc/e820 Item:0x25 Size: 0x3C 
Select Item: 0x2B
Cache FwCfg Name: etc/system-states Item:0x2B Size: 0x6 
Select Item: 0xE
Cache FwCfg Name: BootMenu Item:0xE Size: 0x2 
Select Item: 0x21
Cache FwCfg Name: bootorder Item:0x21 Size: 0x48 
QemuFwCfgInitCache Pass!!!
CMOS:
00: 31 00 21 00 13 00 01 03 05 26 26 02 10 80 00 00
10: 00 00 00 00 06 80 02 FF FF 00 00 00 00 00 00 00
20: 00 00 00 00 00 00 00 00 00 00 00 00 00 00 00 00
30: FF FF 20 00 00 7F 00 20 30 00 00 00 00 12 00 00
40: 00 00 00 00 00 00 00 00 00 00 00 00 00 00 00 00
50: 00 00 00 00 00 00 00 00 00 00 00 00 80 01 00 0F
60: 00 00 00 00 00 00 00 00 00 00 00 00 00 00 00 00
70: 00 00 00 00 00 00 00 00 00 00 00 00 00 00 00 00
Select Item: 0x19
Select Item: 0x2B
S3 support was detected on QEMU
Install PPI: 7408D748-FC8C-4EE6-9288-C4BEC092A410
Select Item: 0x19
Select Item: 0x19
Select Item: 0x25
PlatformGetFirstNonAddressCB: FirstNonAddress=0x280000000
Select Item: 0x19
Select Item: 0x19
PlatformSetupPagingLevel: using 4-level paging (PcdUse5LevelPageTable disabled)
PlatformAddressWidthFromCpuid: Signature: 'AuthenticAMD', PhysBits: 48, GuestPhysBits: 0, QemuQuirk: On, la57: Off, Valid: Yes
PlatformAddressWidthFromCpuid: limit PhysBits to 46 (4-level paging)
PlatformDynamicMmioWindow: using dynamic mmio window
PlatformDynamicMmioWindow:   Addr Space 0x400000000000 (65536 GB)
PlatformDynamicMmioWindow:   MMIO Space 0x80000000000 (8192 GB)
Select Item: 0x19
Select Item: 0x25
PlatformDynamicMmioWindow:   Pci64 Base 0x380000000000
PlatformDynamicMmioWindow:   Pci64 Size 0x80000000000
AddressWidthInitialization: Pci64Base=0x380000000000 Pci64Size=0x80000000000
Select Item: 0x5
PlatformMaxCpuCountInitialization: BootCpuCount=16 MaxCpuCount=16
Select Item: 0x19
Select Item: 0x25
PlatformGetLowMemoryCB: LowMemory=0x80000000
GetPeiMemoryCap: page tables:    520 KB (1/1/128/0 pages for levels 5/4/3/2)
GetPeiMemoryCap: ap stacks:      512 KB (16 cpus)
GetPeiMemoryCap: memory cap:   66568 KB
PublishPeiMemory: PhysMemAddressWidth=46 PeiMemoryCap=66568 KB
PeiInstallPeiMemory MemoryBegin 0x7BDFE000, MemoryLength 0x4102000
Select Item: 0x19
Select Item: 0x25
PlatformQemuInitializeRam called
PlatformIgvmParamReserve: 0x812000 +0x1000
Select Item: 0x19
Select Item: 0x25
Select Item: 0x19
Select Item: 0x25
PlatformAddHobCB: Reserved [0xFEFFC000, 0xFF000000)
PlatformAddHobCB: HighMemory [0x100000000, 0x280000000)
SecCoreStartupWithStack(0xFFFCC000, 0x820000)
Register PPI Notify: DCD0BE23-9586-40F4-B643-06522CED4EDE
Install PPI: 8C8CE578-8A3D-4F1C-9935-896185C32DD3
Install PPI: 5473C07A-3DCB-4DCA-BD6F-1E9689E7349A
The 0th FV[6938079B-B503-4E3D-9D24-B28337A25806] start address is 0x00000830000, size is 0x000D0000, handle is 0x830000
Register PPI Notify: 49EDB1C1-BF21-4761-BB12-EB0031AABB39
Register PPI Notify: EA7CA24B-DED5-4DAD-A389-BF827E8F9B38
Install PPI: B9E0ABFE-5979-4914-977F-6DEE78C278A6
Install PPI: DBE23AA9-A345-4B97-85B6-B226F1617389
Install PPI: 138F9CF4-F0E7-4721-8F49-F5FFECF42D40
Install PPI: 869C711D-649C-44FE-8B9E-2CBB2911C3E6
Register PPI Notify: 605EA650-C65C-42E1-BA80-91A52AB618C6
DiscoverPeimsAndOrderWithApriori(): Found 0x9 PEI FFS files in the 0th FV
Loading PEIM 9B3ADA4F-AE56-4C24-8DEA-F03B7558AE50
Loading PEIM at 0x0000083CAC0 EntryPoint=0x0000083FB5E PcdPeim.efi
Install PPI: 06E81C58-4AD7-44BC-8390-F10265F72480
Install PPI: 01F34D25-4DE2-23AD-3FF3-36353FF323F1
Install PPI: 4D8B155B-C059-4C8F-8926-06FD4331DB8A
Install PPI: A60C6B59-E459-425D-9C69-0BCC9CB27D81
Register PPI Notify: 605EA650-C65C-42E1-BA80-91A52AB618C6
Loading PEIM A3610442-E69F-4DF3-82CA-2360C4031A23
Loading PEIM at 0x00000841640 EntryPoint=0x00000842978 ReportStatusCodeRouterPei.efi
Install PPI: 0065D394-9951-4144-82A3-0AFC8579C251
Install PPI: 229832D3-7A30-4B36-B827-F40CB7D45436
Loading PEIM 9D225237-FA01-464C-A949-BAABC02D31D0
Loading PEIM at 0x000008436C0 EntryPoint=0x000008448B7 StatusCodeHandlerPei.efi
Loading PEIM FCB3A3D6-6274-411C-A548-BD0E717D533A
Loading PEIM at 0x000008455C0 EntryPoint=0x000008472F4 TdTcg2Pei.efi
Loading PEIM 222C386D-5ABC-4FB4-B124-FBB82488ACF4
Loading PEIM at 0x000008489C0 EntryPoint=0x000008550DC PlatformPei.efi
Platform PEIM Loaded
Select Item: 0x0
Select Item: 0x1
QemuFwCfgProbe: Supported 1, DMA 1
Select Item: 0x19
Select Item: 0x19
Select Item: 0x19
Select Item: 0x19
Select Item: 0x19
Select Item: 0x19
Select Item: 0x19
Select Item: 0x19
Select Item: 0x0
Cache FwCfg Name: QemuFwCfgSignature Item:0x0 Size: 0x4 
Select Item: 0x1
Cache FwCfg Name: QemuFwCfgInterfaceVersion Item:0x1 Size: 0x4 
Select Item: 0x19
Cache FwCfg Name: QemuFwCfgFileDri Item:0x19 Size: 0x404 
Select Item: 0x25
Cache FwCfg Name: etc/e820 Item:0x25 Size: 0x3C 
Select Item: 0x2B
Cache FwCfg Name: etc/system-states Item:0x2B Size: 0x6 
Select Item: 0xE
Cache FwCfg Name: BootMenu Item:0xE Size: 0x2 
Select Item: 0x21
Cache FwCfg Name: bootorder Item:0x21 Size: 0x48 
QemuFwCfgInitCache Pass!!!
CMOS:
00: 31 00 21 00 13 00 01 03 05 26 26 02 00 80 00 00
10: 00 00 00 00 06 80 02 FF FF 00 00 00 00 00 00 00
20: 00 00 00 00 00 00 00 00 00 00 00 00 00 00 00 00
30: FF FF 20 00 00 7F 00 20 30 00 00 00 00 12 00 00
40: 00 00 00 00 00 00 00 00 00 00 00 00 00 00 00 00
50: 00 00 00 00 00 00 00 00 00 00 00 00 80 01 00 0F
60: 00 00 00 00 00 00 00 00 00 00 00 00 00 00 00 00
70: 00 00 00 00 00 00 00 00 00 00 00 00 00 00 00 00
Select Item: 0x19
Select Item: 0x2B
S3 support was detected on QEMU
Install PPI: 7408D748-FC8C-4EE6-9288-C4BEC092A410
Select Item: 0x19
Select Item: 0x19
Select Item: 0x25
PlatformGetFirstNonAddressCB: FirstNonAddress=0x280000000
Select Item: 0x19
Select Item: 0x19
PlatformSetupPagingLevel: using 4-level paging (PcdUse5LevelPageTable disabled)
PlatformAddressWidthFromCpuid: Signature: 'AuthenticAMD', PhysBits: 48, GuestPhysBits: 0, QemuQuirk: On, la57: Off, Valid: Yes
PlatformAddressWidthFromCpuid: limit PhysBits to 46 (4-level paging)
PlatformDynamicMmioWindow: using dynamic mmio window
PlatformDynamicMmioWindow:   Addr Space 0x400000000000 (65536 GB)
PlatformDynamicMmioWindow:   MMIO Space 0x80000000000 (8192 GB)
Select Item: 0x19
Select Item: 0x25
PlatformDynamicMmioWindow:   Pci64 Base 0x380000000000
PlatformDynamicMmioWindow:   Pci64 Size 0x80000000000
AddressWidthInitialization: Pci64Base=0x380000000000 Pci64Size=0x80000000000
Select Item: 0x5
PlatformMaxCpuCountInitialization: BootCpuCount=16 MaxCpuCount=16
Select Item: 0x19
Select Item: 0x25
PlatformGetLowMemoryCB: LowMemory=0x80000000
GetPeiMemoryCap: page tables:    520 KB (1/1/128/0 pages for levels 5/4/3/2)
GetPeiMemoryCap: ap stacks:      512 KB (16 cpus)
GetPeiMemoryCap: memory cap:   66568 KB
PublishPeiMemory: PhysMemAddressWidth=46 PeiMemoryCap=66568 KB
PeiInstallPeiMemory MemoryBegin 0x7BDFE000, MemoryLength 0x4102000
Select Item: 0x19
Select Item: 0x25
PlatformQemuInitializeRam called
PlatformIgvmParamReserve: 0x812000 +0x1000
Select Item: 0x19
Select Item: 0x25
Select Item: 0x19
Select Item: 0x25
PlatformAddHobCB: Reserved [0xFEFFC000, 0xFF000000)
PlatformAddHobCB: HighMemory [0x100000000, 0x280000000)
SecCoreStartupWithStack(0xFFFCC000, 0x820000)
Register PPI Notify: DCD0BE23-9586-40F4-B643-06522CED4EDE
Install PPI: 8C8CE578-8A3D-4F1C-9935-896185C32DD3
Install PPI: 5473C07A-3DCB-4DCA-BD6F-1E9689E7349A
The 0th FV[6938079B-B503-4E3D-9D24-B28337A25806] start address is 0x00000830000, size is 0x000D0000, handle is 0x830000
Register PPI Notify: 49EDB1C1-BF21-4761-BB12-EB0031AABB39
Register PPI Notify: EA7CA24B-DED5-4DAD-A389-BF827E8F9B38
Install PPI: B9E0ABFE-5979-4914-977F-6DEE78C278A6
Install PPI: DBE23AA9-A345-4B97-85B6-B226F1617389
Install PPI: 138F9CF4-F0E7-4721-8F49-F5FFECF42D40
Install PPI: 869C711D-649C-44FE-8B9E-2CBB2911C3E6
Register PPI Notify: 605EA650-C65C-42E1-BA80-91A52AB618C6
DiscoverPeimsAndOrderWithApriori(): Found 0x9 PEI FFS files in the 0th FV
Loading PEIM 9B3ADA4F-AE56-4C24-8DEA-F03B7558AE50
Loading PEIM at 0x0000083CAC0 EntryPoint=0x0000083FB5E PcdPeim.efi
Install PPI: 06E81C58-4AD7-44BC-8390-F10265F72480
Install PPI: 01F34D25-4DE2-23AD-3FF3-36353FF323F1
Install PPI: 4D8B155B-C059-4C8F-8926-06FD4331DB8A
Install PPI: A60C6B59-E459-425D-9C69-0BCC9CB27D81
Register PPI Notify: 605EA650-C65C-42E1-BA80-91A52AB618C6
Loading PEIM A3610442-E69F-4DF3-82CA-2360C4031A23
Loading PEIM at 0x00000841640 EntryPoint=0x00000842978 ReportStatusCodeRouterPei.efi
Install PPI: 0065D394-9951-4144-82A3-0AFC8579C251
Install PPI: 229832D3-7A30-4B36-B827-F40CB7D45436
Loading PEIM 9D225237-FA01-464C-A949-BAABC02D31D0
Loading PEIM at 0x000008436C0 EntryPoint=0x000008448B7 StatusCodeHandlerPei.efi
Loading PEIM FCB3A3D6-6274-411C-A548-BD0E717D533A
Loading PEIM at 0x000008455C0 EntryPoint=0x000008472F4 TdTcg2Pei.efi
Loading PEIM 222C386D-5ABC-4FB4-B124-FBB82488ACF4
Loading PEIM at 0x000008489C0 EntryPoint=0x000008550DC PlatformPei.efi
Platform PEIM Loaded
Select Item: 0x0
Select Item: 0x1
QemuFwCfgProbe: Supported 1, DMA 1
Select Item: 0x19
Select Item: 0x19
Select Item: 0x19
Select Item: 0x19
Select Item: 0x19
Select Item: 0x19
Select Item: 0x19
Select Item: 0x19
Select Item: 0x0
Cache FwCfg Name: QemuFwCfgSignature Item:0x0 Size: 0x4 
Select Item: 0x1
Cache FwCfg Name: QemuFwCfgInterfaceVersion Item:0x1 Size: 0x4 
Select Item: 0x19
Cache FwCfg Name: QemuFwCfgFileDri Item:0x19 Size: 0x404 
Select Item: 0x25
Cache FwCfg Name: etc/e820 Item:0x25 Size: 0x3C 
Select Item: 0x2B
Cache FwCfg Name: etc/system-states Item:0x2B Size: 0x6 
Select Item: 0xE
Cache FwCfg Name: BootMenu Item:0xE Size: 0x2 
Select Item: 0x21
Cache FwCfg Name: bootorder Item:0x21 Size: 0x48 
QemuFwCfgInitCache Pass!!!
CMOS:
00: 32 00 21 00 13 00 01 03 05 26 26 02 10 80 00 00
10: 00 00 00 00 06 80 02 FF FF 00 00 00 00 00 00 00
20: 00 00 00 00 00 00 00 00 00 00 00 00 00 00 00 00
30: FF FF 20 00 00 7F 00 20 30 00 00 00 00 12 00 00
40: 00 00 00 00 00 00 00 00 00 00 00 00 00 00 00 00
50: 00 00 00 00 00 00 00 00 00 00 00 00 80 01 00 0F
60: 00 00 00 00 00 00 00 00 00 00 00 00 00 00 00 00
70: 00 00 00 00 00 00 00 00 00 00 00 00 00 00 00 00
Select Item: 0x19
Select Item: 0x2B
S3 support was detected on QEMU
Install PPI: 7408D748-FC8C-4EE6-9288-C4BEC092A410
Select Item: 0x19
Select Item: 0x19
Select Item: 0x25
PlatformGetFirstNonAddressCB: FirstNonAddress=0x280000000
Select Item: 0x19
Select Item: 0x19
PlatformSetupPagingLevel: using 4-level paging (PcdUse5LevelPageTable disabled)
PlatformAddressWidthFromCpuid: Signature: 'AuthenticAMD', PhysBits: 48, GuestPhysBits: 0, QemuQuirk: On, la57: Off, Valid: Yes
PlatformAddressWidthFromCpuid: limit PhysBits to 46 (4-level paging)
PlatformDynamicMmioWindow: using dynamic mmio window
PlatformDynamicMmioWindow:   Addr Space 0x400000000000 (65536 GB)
PlatformDynamicMmioWindow:   MMIO Space 0x80000000000 (8192 GB)
Select Item: 0x19
Select Item: 0x25
PlatformDynamicMmioWindow:   Pci64 Base 0x380000000000
PlatformDynamicMmioWindow:   Pci64 Size 0x80000000000
AddressWidthInitialization: Pci64Base=0x380000000000 Pci64Size=0x80000000000
Select Item: 0x5
PlatformMaxCpuCountInitialization: BootCpuCount=16 MaxCpuCount=16
Select Item: 0x19
Select Item: 0x25
PlatformGetLowMemoryCB: LowMemory=0x80000000
GetPeiMemoryCap: page tables:    520 KB (1/1/128/0 pages for levels 5/4/3/2)
GetPeiMemoryCap: ap stacks:      512 KB (16 cpus)
GetPeiMemoryCap: memory cap:   66568 KB
PublishPeiMemory: PhysMemAddressWidth=46 PeiMemoryCap=66568 KB
PeiInstallPeiMemory MemoryBegin 0x7BDFE000, MemoryLength 0x4102000
Select Item: 0x19
Select Item: 0x25
PlatformQemuInitializeRam called
PlatformIgvmParamReserve: 0x812000 +0x1000
Select Item: 0x19
Select Item: 0x25
Select Item: 0x19
Select Item: 0x25
PlatformAddHobCB: Reserved [0xFEFFC000, 0xFF000000)
PlatformAddHobCB: HighMemory [0x100000000, 0x280000000)
SecCoreStartupWithStack(0xFFFCC000, 0x820000)
Register PPI Notify: DCD0BE23-9586-40F4-B643-06522CED4EDE
Install PPI: 8C8CE578-8A3D-4F1C-9935-896185C32DD3
Install PPI: 5473C07A-3DCB-4DCA-BD6F-1E9689E7349A
The 0th FV[6938079B-B503-4E3D-9D24-B28337A25806] start address is 0x00000830000, size is 0x000D0000, handle is 0x830000
Register PPI Notify: 49EDB1C1-BF21-4761-BB12-EB0031AABB39
Register PPI Notify: EA7CA24B-DED5-4DAD-A389-BF827E8F9B38
Install PPI: B9E0ABFE-5979-4914-977F-6DEE78C278A6
Install PPI: DBE23AA9-A345-4B97-85B6-B226F1617389
Install PPI: 138F9CF4-F0E7-4721-8F49-F5FFECF42D40
Install PPI: 869C711D-649C-44FE-8B9E-2CBB2911C3E6
Register PPI Notify: 605EA650-C65C-42E1-BA80-91A52AB618C6
DiscoverPeimsAndOrderWithApriori(): Found 0x9 PEI FFS files in the 0th FV
Loading PEIM 9B3ADA4F-AE56-4C24-8DEA-F03B7558AE50
Loading PEIM at 0x0000083CAC0 EntryPoint=0x0000083FB5E PcdPeim.efi
Install PPI: 06E81C58-4AD7-44BC-8390-F10265F72480
Install PPI: 01F34D25-4DE2-23AD-3FF3-36353FF323F1
Install PPI: 4D8B155B-C059-4C8F-8926-06FD4331DB8A
Install PPI: A60C6B59-E459-425D-9C69-0BCC9CB27D81
Register PPI Notify: 605EA650-C65C-42E1-BA80-91A52AB618C6
Loading PEIM A3610442-E69F-4DF3-82CA-2360C4031A23
Loading PEIM at 0x00000841640 EntryPoint=0x00000842978 ReportStatusCodeRouterPei.efi
Install PPI: 0065D394-9951-4144-82A3-0AFC8579C251
Install PPI: 229832D3-7A30-4B36-B827-F40CB7D45436
Loading PEIM 9D225237-FA01-464C-A949-BAABC02D31D0
Loading PEIM at 0x000008436C0 EntryPoint=0x000008448B7 StatusCodeHandlerPei.efi
Loading PEIM FCB3A3D6-6274-411C-A548-BD0E717D533A
Loading PEIM at 0x000008455C0 EntryPoint=0x000008472F4 TdTcg2Pei.efi
Loading PEIM 222C386D-5ABC-4FB4-B124-FBB82488ACF4
Loading PEIM at 0x000008489C0 EntryPoint=0x000008550DC PlatformPei.efi
Platform PEIM Loaded
Select Item: 0x0
Select Item: 0x1
QemuFwCfgProbe: Supported 1, DMA 1
Select Item: 0x19
Select Item: 0x19
Select Item: 0x19
Select Item: 0x19
Select Item: 0x19
Select Item: 0x19
Select Item: 0x19
Select Item: 0x19
Select Item: 0x0
Cache FwCfg Name: QemuFwCfgSignature Item:0x0 Size: 0x4 
Select Item: 0x1
Cache FwCfg Name: QemuFwCfgInterfaceVersion Item:0x1 Size: 0x4 
Select Item: 0x19
Cache FwCfg Name: QemuFwCfgFileDri Item:0x19 Size: 0x404 
Select Item: 0x25
Cache FwCfg Name: etc/e820 Item:0x25 Size: 0x3C 
Select Item: 0x2B
Cache FwCfg Name: etc/system-states Item:0x2B Size: 0x6 
Select Item: 0xE
Cache FwCfg Name: BootMenu Item:0xE Size: 0x2 
Select Item: 0x21
Cache FwCfg Name: bootorder Item:0x21 Size: 0x48 
QemuFwCfgInitCache Pass!!!
CMOS:
00: 32 00 21 00 13 00 01 03 05 26 26 02 00 80 00 00
10: 00 00 00 00 06 80 02 FF FF 00 00 00 00 00 00 00
20: 00 00 00 00 00 00 00 00 00 00 00 00 00 00 00 00
30: FF FF 20 00 00 7F 00 20 30 00 00 00 00 12 00 00
40: 00 00 00 00 00 00 00 00 00 00 00 00 00 00 00 00
50: 00 00 00 00 00 00 00 00 00 00 00 00 80 01 00 0F
60: 00 00 00 00 00 00 00 00 00 00 00 00 00 00 00 00
70: 00 00 00 00 00 00 00 00 00 00 00 00 00 00 00 00
Select Item: 0x19
Select Item: 0x2B
S3 support was detected on QEMU
Install PPI: 7408D748-FC8C-4EE6-9288-C4BEC092A410
Select Item: 0x19
Select Item: 0x19
Select Item: 0x25
PlatformGetFirstNonAddressCB: FirstNonAddress=0x280000000
Select Item: 0x19
Select Item: 0x19
PlatformSetupPagingLevel: using 4-level paging (PcdUse5LevelPageTable disabled)
PlatformAddressWidthFromCpuid: Signature: 'AuthenticAMD', PhysBits: 48, GuestPhysBits: 0, QemuQuirk: On, la57: Off, Valid: Yes
PlatformAddressWidthFromCpuid: limit PhysBits to 46 (4-level paging)
PlatformDynamicMmioWindow: using dynamic mmio window
PlatformDynamicMmioWindow:   Addr Space 0x400000000000 (65536 GB)
PlatformDynamicMmioWindow:   MMIO Space 0x80000000000 (8192 GB)
Select Item: 0x19
Select Item: 0x25
PlatformDynamicMmioWindow:   Pci64 Base 0x380000000000
PlatformDynamicMmioWindow:   Pci64 Size 0x80000000000
AddressWidthInitialization: Pci64Base=0x380000000000 Pci64Size=0x80000000000
Select Item: 0x5
PlatformMaxCpuCountInitialization: BootCpuCount=16 MaxCpuCount=16
Select Item: 0x19
Select Item: 0x25
PlatformGetLowMemoryCB: LowMemory=0x80000000
GetPeiMemoryCap: page tables:    520 KB (1/1/128/0 pages for levels 5/4/3/2)
GetPeiMemoryCap: ap stacks:      512 KB (16 cpus)
GetPeiMemoryCap: memory cap:   66568 KB
PublishPeiMemory: PhysMemAddressWidth=46 PeiMemoryCap=66568 KB
PeiInstallPeiMemory MemoryBegin 0x7BDFE000, MemoryLength 0x4102000
Select Item: 0x19
Select Item: 0x25
PlatformQemuInitializeRam called
PlatformIgvmParamReserve: 0x812000 +0x1000
Select Item: 0x19
Select Item: 0x25
Select Item: 0x19
Select Item: 0x25
PlatformAddHobCB: Reserved [0xFEFFC000, 0xFF000000)
PlatformAddHobCB: HighMemory [0x100000000, 0x280000000)
SecCoreStartupWithStack(0xFFFCC000, 0x820000)
Register PPI Notify: DCD0BE23-9586-40F4-B643-06522CED4EDE
Install PPI: 8C8CE578-8A3D-4F1C-9935-896185C32DD3
Install PPI: 5473C07A-3DCB-4DCA-BD6F-1E9689E7349A
The 0th FV[6938079B-B503-4E3D-9D24-B28337A25806] start address is 0x00000830000, size is 0x000D0000, handle is 0x830000
Register PPI Notify: 49EDB1C1-BF21-4761-BB12-EB0031AABB39
Register PPI Notify: EA7CA24B-DED5-4DAD-A389-BF827E8F9B38
Install PPI: B9E0ABFE-5979-4914-977F-6DEE78C278A6
Install PPI: DBE23AA9-A345-4B97-85B6-B226F1617389
Install PPI: 138F9CF4-F0E7-4721-8F49-F5FFECF42D40
Install PPI: 869C711D-649C-44FE-8B9E-2CBB2911C3E6
Register PPI Notify: 605EA650-C65C-42E1-BA80-91A52AB618C6
DiscoverPeimsAndOrderWithApriori(): Found 0x9 PEI FFS files in the 0th FV
Loading PEIM 9B3ADA4F-AE56-4C24-8DEA-F03B7558AE50
Loading PEIM at 0x0000083CAC0 EntryPoint=0x0000083FB5E PcdPeim.efi
Install PPI: 06E81C58-4AD7-44BC-8390-F10265F72480
Install PPI: 01F34D25-4DE2-23AD-3FF3-36353FF323F1
Install PPI: 4D8B155B-C059-4C8F-8926-06FD4331DB8A
Install PPI: A60C6B59-E459-425D-9C69-0BCC9CB27D81
Register PPI Notify: 605EA650-C65C-42E1-BA80-91A52AB618C6
Loading PEIM A3610442-E69F-4DF3-82CA-2360C4031A23
Loading PEIM at 0x00000841640 EntryPoint=0x00000842978 ReportStatusCodeRouterPei.efi
Install PPI: 0065D394-9951-4144-82A3-0AFC8579C251
Install PPI: 229832D3-7A30-4B36-B827-F40CB7D45436
Loading PEIM 9D225237-FA01-464C-A949-BAABC02D31D0
Loading PEIM at 0x000008436C0 EntryPoint=0x000008448B7 StatusCodeHandlerPei.efi
Loading PEIM FCB3A3D6-6274-411C-A548-BD0E717D533A
Loading PEIM at 0x000008455C0 EntryPoint=0x000008472F4 TdTcg2Pei.efi
Loading PEIM 222C386D-5ABC-4FB4-B124-FBB82488ACF4
Loading PEIM at 0x000008489C0 EntryPoint=0x000008550DC PlatformPei.efi
Platform PEIM Loaded
Select Item: 0x0
Select Item: 0x1
QemuFwCfgProbe: Supported 1, DMA 1
Select Item: 0x19
Select Item: 0x19
Select Item: 0x19
Select Item: 0x19
Select Item: 0x19
Select Item: 0x19
Select Item: 0x19
Select Item: 0x19
Select Item: 0x0
Cache FwCfg Name: QemuFwCfgSignature Item:0x0 Size: 0x4 
Select Item: 0x1
Cache FwCfg Name: QemuFwCfgInterfaceVersion Item:0x1 Size: 0x4 
Select Item: 0x19
Cache FwCfg Name: QemuFwCfgFileDri Item:0x19 Size: 0x404 
Select Item: 0x25
Cache FwCfg Name: etc/e820 Item:0x25 Size: 0x3C 
Select Item: 0x2B
Cache FwCfg Name: etc/system-states Item:0x2B Size: 0x6 
Select Item: 0xE
Cache FwCfg Name: BootMenu Item:0xE Size: 0x2 
Select Item: 0x21
Cache FwCfg Name: bootorder Item:0x21 Size: 0x48 
QemuFwCfgInitCache Pass!!!
CMOS:
00: 33 00 21 00 13 00 01 03 05 26 26 02 00 80 00 00
10: 00 00 00 00 06 80 02 FF FF 00 00 00 00 00 00 00
20: 00 00 00 00 00 00 00 00 00 00 00 00 00 00 00 00
30: FF FF 20 00 00 7F 00 20 30 00 00 00 00 12 00 00
40: 00 00 00 00 00 00 00 00 00 00 00 00 00 00 00 00
50: 00 00 00 00 00 00 00 00 00 00 00 00 80 01 00 0F
60: 00 00 00 00 00 00 00 00 00 00 00 00 00 00 00 00
70: 00 00 00 00 00 00 00 00 00 00 00 00 00 00 00 00
Select Item: 0x19
Select Item: 0x2B
S3 support was detected on QEMU
Install PPI: 7408D748-FC8C-4EE6-9288-C4BEC092A410
Select Item: 0x19
Select Item: 0x19
Select Item: 0x25
PlatformGetFirstNonAddressCB: FirstNonAddress=0x280000000
Select Item: 0x19
Select Item: 0x19
PlatformSetupPagingLevel: using 4-level paging (PcdUse5LevelPageTable disabled)
PlatformAddressWidthFromCpuid: Signature: 'AuthenticAMD', PhysBits: 48, GuestPhysBits: 0, QemuQuirk: On, la57: Off, Valid: Yes
PlatformAddressWidthFromCpuid: limit PhysBits to 46 (4-level paging)
PlatformDynamicMmioWindow: using dynamic mmio window
PlatformDynamicMmioWindow:   Addr Space 0x400000000000 (65536 GB)
PlatformDynamicMmioWindow:   MMIO Space 0x80000000000 (8192 GB)
Select Item: 0x19
Select Item: 0x25
PlatformDynamicMmioWindow:   Pci64 Base 0x380000000000
PlatformDynamicMmioWindow:   Pci64 Size 0x80000000000
AddressWidthInitialization: Pci64Base=0x380000000000 Pci64Size=0x80000000000
Select Item: 0x5
PlatformMaxCpuCountInitialization: BootCpuCount=16 MaxCpuCount=16
Select Item: 0x19
Select Item: 0x25
PlatformGetLowMemoryCB: LowMemory=0x80000000
GetPeiMemoryCap: page tables:    520 KB (1/1/128/0 pages for levels 5/4/3/2)
GetPeiMemoryCap: ap stacks:      512 KB (16 cpus)
GetPeiMemoryCap: memory cap:   66568 KB
PublishPeiMemory: PhysMemAddressWidth=46 PeiMemoryCap=66568 KB
PeiInstallPeiMemory MemoryBegin 0x7BDFE000, MemoryLength 0x4102000
Select Item: 0x19
Select Item: 0x25
PlatformQemuInitializeRam called
PlatformIgvmParamReserve: 0x812000 +0x1000
Select Item: 0x19
Select Item: 0x25
Select Item: 0x19
Select Item: 0x25
PlatformAddHobCB: Reserved [0xFEFFC000, 0xFF000000)
PlatformAddHobCB: HighMemory [0x100000000, 0x280000000)
SecCoreStartupWithStack(0xFFFCC000, 0x820000)
Register PPI Notify: DCD0BE23-9586-40F4-B643-06522CED4EDE
Install PPI: 8C8CE578-8A3D-4F1C-9935-896185C32DD3
Install PPI: 5473C07A-3DCB-4DCA-BD6F-1E9689E7349A
The 0th FV[6938079B-B503-4E3D-9D24-B28337A25806] start address is 0x00000830000, size is 0x000D0000, handle is 0x830000
Register PPI Notify: 49EDB1C1-BF21-4761-BB12-EB0031AABB39
Register PPI Notify: EA7CA24B-DED5-4DAD-A389-BF827E8F9B38
Install PPI: B9E0ABFE-5979-4914-977F-6DEE78C278A6
Install PPI: DBE23AA9-A345-4B97-85B6-B226F1617389
Install PPI: 138F9CF4-F0E7-4721-8F49-F5FFECF42D40
Install PPI: 869C711D-649C-44FE-8B9E-2CBB2911C3E6
Register PPI Notify: 605EA650-C65C-42E1-BA80-91A52AB618C6
DiscoverPeimsAndOrderWithApriori(): Found 0x9 PEI FFS files in the 0th FV
Loading PEIM 9B3ADA4F-AE56-4C24-8DEA-F03B7558AE50
Loading PEIM at 0x0000083CAC0 EntryPoint=0x0000083FB5E PcdPeim.efi
Install PPI: 06E81C58-4AD7-44BC-8390-F10265F72480
Install PPI: 01F34D25-4DE2-23AD-3FF3-36353FF323F1
Install PPI: 4D8B155B-C059-4C8F-8926-06FD4331DB8A
Install PPI: A60C6B59-E459-425D-9C69-0BCC9CB27D81
Register PPI Notify: 605EA650-C65C-42E1-BA80-91A52AB618C6
Loading PEIM A3610442-E69F-4DF3-82CA-2360C4031A23
Loading PEIM at 0x00000841640 EntryPoint=0x00000842978 ReportStatusCodeRouterPei.efi
Install PPI: 0065D394-9951-4144-82A3-0AFC8579C251
Install PPI: 229832D3-7A30-4B36-B827-F40CB7D45436
Loading PEIM 9D225237-FA01-464C-A949-BAABC02D31D0
Loading PEIM at 0x000008436C0 EntryPoint=0x000008448B7 StatusCodeHandlerPei.efi
Loading PEIM FCB3A3D6-6274-411C-A548-BD0E717D533A
Loading PEIM at 0x000008455C0 EntryPoint=0x000008472F4 TdTcg2Pei.efi
Loading PEIM 222C386D-5ABC-4FB4-B124-FBB82488ACF4
Loading PEIM at 0x000008489C0 EntryPoint=0x000008550DC PlatformPei.efi
Platform PEIM Loaded
Select Item: 0x0
Select Item: 0x1
QemuFwCfgProbe: Supported 1, DMA 1
Select Item: 0x19
Select Item: 0x19
Select Item: 0x19
Select Item: 0x19
Select Item: 0x19
Select Item: 0x19
Select Item: 0x19
Select Item: 0x19
Select Item: 0x0
Cache FwCfg Name: QemuFwCfgSignature Item:0x0 Size: 0x4 
Select Item: 0x1
Cache FwCfg Name: QemuFwCfgInterfaceVersion Item:0x1 Size: 0x4 
Select Item: 0x19
Cache FwCfg Name: QemuFwCfgFileDri Item:0x19 Size: 0x404 
Select Item: 0x25
Cache FwCfg Name: etc/e820 Item:0x25 Size: 0x3C 
Select Item: 0x2B
Cache FwCfg Name: etc/system-states Item:0x2B Size: 0x6 
Select Item: 0xE
Cache FwCfg Name: BootMenu Item:0xE Size: 0x2 
Select Item: 0x21
Cache FwCfg Name: bootorder Item:0x21 Size: 0x48 
QemuFwCfgInitCache Pass!!!
CMOS:
00: 34 00 21 00 13 00 01 03 05 26 26 02 10 80 00 00
10: 00 00 00 00 06 80 02 FF FF 00 00 00 00 00 00 00
20: 00 00 00 00 00 00 00 00 00 00 00 00 00 00 00 00
30: FF FF 20 00 00 7F 00 20 30 00 00 00 00 12 00 00
40: 00 00 00 00 00 00 00 00 00 00 00 00 00 00 00 00
50: 00 00 00 00 00 00 00 00 00 00 00 00 80 01 00 0F
60: 00 00 00 00 00 00 00 00 00 00 00 00 00 00 00 00
70: 00 00 00 00 00 00 00 00 00 00 00 00 00 00 00 00
Select Item: 0x19
Select Item: 0x2B
S3 support was detected on QEMU
Install PPI: 7408D748-FC8C-4EE6-9288-C4BEC092A410
Select Item: 0x19
Select Item: 0x19
Select Item: 0x25
PlatformGetFirstNonAddressCB: FirstNonAddress=0x280000000
Select Item: 0x19
Select Item: 0x19
PlatformSetupPagingLevel: using 4-level paging (PcdUse5LevelPageTable disabled)
PlatformAddressWidthFromCpuid: Signature: 'AuthenticAMD', PhysBits: 48, GuestPhysBits: 0, QemuQuirk: On, la57: Off, Valid: Yes
PlatformAddressWidthFromCpuid: limit PhysBits to 46 (4-level paging)
PlatformDynamicMmioWindow: using dynamic mmio window
PlatformDynamicMmioWindow:   Addr Space 0x400000000000 (65536 GB)
PlatformDynamicMmioWindow:   MMIO Space 0x80000000000 (8192 GB)
Select Item: 0x19
Select Item: 0x25
PlatformDynamicMmioWindow:   Pci64 Base 0x380000000000
PlatformDynamicMmioWindow:   Pci64 Size 0x80000000000
AddressWidthInitialization: Pci64Base=0x380000000000 Pci64Size=0x80000000000
Select Item: 0x5
PlatformMaxCpuCountInitialization: BootCpuCount=16 MaxCpuCount=16
Select Item: 0x19
Select Item: 0x25
PlatformGetLowMemoryCB: LowMemory=0x80000000
GetPeiMemoryCap: page tables:    520 KB (1/1/128/0 pages for levels 5/4/3/2)
GetPeiMemoryCap: ap stacks:      512 KB (16 cpus)
GetPeiMemoryCap: memory cap:   66568 KB
PublishPeiMemory: PhysMemAddressWidth=46 PeiMemoryCap=66568 KB
PeiInstallPeiMemory MemoryBegin 0x7BDFE000, MemoryLength 0x4102000
Select Item: 0x19
Select Item: 0x25
PlatformQemuInitializeRam called
PlatformIgvmParamReserve: 0x812000 +0x1000
Select Item: 0x19
Select Item: 0x25
Select Item: 0x19
Select Item: 0x25
PlatformAddHobCB: Reserved [0xFEFFC000, 0xFF000000)
PlatformAddHobCB: HighMemory [0x100000000, 0x280000000)
SecCoreStartupWithStack(0xFFFCC000, 0x820000)
Register PPI Notify: DCD0BE23-9586-40F4-B643-06522CED4EDE
Install PPI: 8C8CE578-8A3D-4F1C-9935-896185C32DD3
Install PPI: 5473C07A-3DCB-4DCA-BD6F-1E9689E7349A
The 0th FV[6938079B-B503-4E3D-9D24-B28337A25806] start address is 0x00000830000, size is 0x000D0000, handle is 0x830000
Register PPI Notify: 49EDB1C1-BF21-4761-BB12-EB0031AABB39
Register PPI Notify: EA7CA24B-DED5-4DAD-A389-BF827E8F9B38
Install PPI: B9E0ABFE-5979-4914-977F-6DEE78C278A6
Install PPI: DBE23AA9-A345-4B97-85B6-B226F1617389
Install PPI: 138F9CF4-F0E7-4721-8F49-F5FFECF42D40
Install PPI: 869C711D-649C-44FE-8B9E-2CBB2911C3E6
Register PPI Notify: 605EA650-C65C-42E1-BA80-91A52AB618C6
DiscoverPeimsAndOrderWithApriori(): Found 0x9 PEI FFS files in the 0th FV
Loading PEIM 9B3ADA4F-AE56-4C24-8DEA-F03B7558AE50
Loading PEIM at 0x0000083CAC0 EntryPoint=0x0000083FB5E PcdPeim.efi
Install PPI: 06E81C58-4AD7-44BC-8390-F10265F72480
Install PPI: 01F34D25-4DE2-23AD-3FF3-36353FF323F1
Install PPI: 4D8B155B-C059-4C8F-8926-06FD4331DB8A
Install PPI: A60C6B59-E459-425D-9C69-0BCC9CB27D81
Register PPI Notify: 605EA650-C65C-42E1-BA80-91A52AB618C6
Loading PEIM A3610442-E69F-4DF3-82CA-2360C4031A23
Loading PEIM at 0x00000841640 EntryPoint=0x00000842978 ReportStatusCodeRouterPei.efi
Install PPI: 0065D394-9951-4144-82A3-0AFC8579C251
Install PPI: 229832D3-7A30-4B36-B827-F40CB7D45436
Loading PEIM 9D225237-FA01-464C-A949-BAABC02D31D0
Loading PEIM at 0x000008436C0 EntryPoint=0x000008448B7 StatusCodeHandlerPei.efi
Loading PEIM FCB3A3D6-6274-411C-A548-BD0E717D533A
Loading PEIM at 0x000008455C0 EntryPoint=0x000008472F4 TdTcg2Pei.efi
Loading PEIM 222C386D-5ABC-4FB4-B124-FBB82488ACF4
Loading PEIM at 0x000008489C0 EntryPoint=0x000008550DC PlatformPei.efi
Platform PEIM Loaded
Select Item: 0x0
Select Item: 0x1
QemuFwCfgProbe: Supported 1, DMA 1
Select Item: 0x19
Select Item: 0x19
Select Item: 0x19
Select Item: 0x19
Select Item: 0x19
Select Item: 0x19
Select Item: 0x19
Select Item: 0x19
Select Item: 0x0
Cache FwCfg Name: QemuFwCfgSignature Item:0x0 Size: 0x4 
Select Item: 0x1
Cache FwCfg Name: QemuFwCfgInterfaceVersion Item:0x1 Size: 0x4 
Select Item: 0x19
Cache FwCfg Name: QemuFwCfgFileDri Item:0x19 Size: 0x404 
Select Item: 0x25
Cache FwCfg Name: etc/e820 Item:0x25 Size: 0x3C 
Select Item: 0x2B
Cache FwCfg Name: etc/system-states Item:0x2B Size: 0x6 
Select Item: 0xE
Cache FwCfg Name: BootMenu Item:0xE Size: 0x2 
Select Item: 0x21
Cache FwCfg Name: bootorder Item:0x21 Size: 0x48 
QemuFwCfgInitCache Pass!!!
CMOS:
00: 34 00 21 00 13 00 01 03 05 26 26 02 00 80 00 00
10: 00 00 00 00 06 80 02 FF FF 00 00 00 00 00 00 00
20: 00 00 00 00 00 00 00 00 00 00 00 00 00 00 00 00
30: FF FF 20 00 00 7F 00 20 30 00 00 00 00 12 00 00
40: 00 00 00 00 00 00 00 00 00 00 00 00 00 00 00 00
50: 00 00 00 00 00 00 00 00 00 00 00 00 80 01 00 0F
60: 00 00 00 00 00 00 00 00 00 00 00 00 00 00 00 00
70: 00 00 00 00 00 00 00 00 00 00 00 00 00 00 00 00
Select Item: 0x19
Select Item: 0x2B
S3 support was detected on QEMU
Install PPI: 7408D748-FC8C-4EE6-9288-C4BEC092A410
Select Item: 0x19
Select Item: 0x19
Select Item: 0x25
PlatformGetFirstNonAddressCB: FirstNonAddress=0x280000000
Select Item: 0x19
Select Item: 0x19
PlatformSetupPagingLevel: using 4-level paging (PcdUse5LevelPageTable disabled)
PlatformAddressWidthFromCpuid: Signature: 'AuthenticAMD', PhysBits: 48, GuestPhysBits: 0, QemuQuirk: On, la57: Off, Valid: Yes
PlatformAddressWidthFromCpuid: limit PhysBits to 46 (4-level paging)
PlatformDynamicMmioWindow: using dynamic mmio window
PlatformDynamicMmioWindow:   Addr Space 0x400000000000 (65536 GB)
PlatformDynamicMmioWindow:   MMIO Space 0x80000000000 (8192 GB)
Select Item: 0x19
Select Item: 0x25
PlatformDynamicMmioWindow:   Pci64 Base 0x380000000000
PlatformDynamicMmioWindow:   Pci64 Size 0x80000000000
AddressWidthInitialization: Pci64Base=0x380000000000 Pci64Size=0x80000000000
Select Item: 0x5
PlatformMaxCpuCountInitialization: BootCpuCount=16 MaxCpuCount=16
Select Item: 0x19
Select Item: 0x25
PlatformGetLowMemoryCB: LowMemory=0x80000000
GetPeiMemoryCap: page tables:    520 KB (1/1/128/0 pages for levels 5/4/3/2)
GetPeiMemoryCap: ap stacks:      512 KB (16 cpus)
GetPeiMemoryCap: memory cap:   66568 KB
PublishPeiMemory: PhysMemAddressWidth=46 PeiMemoryCap=66568 KB
PeiInstallPeiMemory MemoryBegin 0x7BDFE000, MemoryLength 0x4102000
Select Item: 0x19
Select Item: 0x25
PlatformQemuInitializeRam called
PlatformIgvmParamReserve: 0x812000 +0x1000
Select Item: 0x19
Select Item: 0x25
Select Item: 0x19
Select Item: 0x25
PlatformAddHobCB: Reserved [0xFEFFC000, 0xFF000000)
PlatformAddHobCB: HighMemory [0x100000000, 0x280000000)
SecCoreStartupWithStack(0xFFFCC000, 0x820000)
Register PPI Notify: DCD0BE23-9586-40F4-B643-06522CED4EDE
Install PPI: 8C8CE578-8A3D-4F1C-9935-896185C32DD3
Install PPI: 5473C07A-3DCB-4DCA-BD6F-1E9689E7349A
The 0th FV[6938079B-B503-4E3D-9D24-B28337A25806] start address is 0x00000830000, size is 0x000D0000, handle is 0x830000
Register PPI Notify: 49EDB1C1-BF21-4761-BB12-EB0031AABB39
Register PPI Notify: EA7CA24B-DED5-4DAD-A389-BF827E8F9B38
Install PPI: B9E0ABFE-5979-4914-977F-6DEE78C278A6
Install PPI: DBE23AA9-A345-4B97-85B6-B226F1617389
Install PPI: 138F9CF4-F0E7-4721-8F49-F5FFECF42D40
Install PPI: 869C711D-649C-44FE-8B9E-2CBB2911C3E6
Register PPI Notify: 605EA650-C65C-42E1-BA80-91A52AB618C6
DiscoverPeimsAndOrderWithApriori(): Found 0x9 PEI FFS files in the 0th FV
Loading PEIM 9B3ADA4F-AE56-4C24-8DEA-F03B7558AE50
Loading PEIM at 0x0000083CAC0 EntryPoint=0x0000083FB5E PcdPeim.efi
Install PPI: 06E81C58-4AD7-44BC-8390-F10265F72480
Install PPI: 01F34D25-4DE2-23AD-3FF3-36353FF323F1
Install PPI: 4D8B155B-C059-4C8F-8926-06FD4331DB8A
Install PPI: A60C6B59-E459-425D-9C69-0BCC9CB27D81
Register PPI Notify: 605EA650-C65C-42E1-BA80-91A52AB618C6
Loading PEIM A3610442-E69F-4DF3-82CA-2360C4031A23
Loading PEIM at 0x00000841640 EntryPoint=0x00000842978 ReportStatusCodeRouterPei.efi
Install PPI: 0065D394-9951-4144-82A3-0AFC8579C251
Install PPI: 229832D3-7A30-4B36-B827-F40CB7D45436
Loading PEIM 9D225237-FA01-464C-A949-BAABC02D31D0
Loading PEIM at 0x000008436C0 EntryPoint=0x000008448B7 StatusCodeHandlerPei.efi
Loading PEIM FCB3A3D6-6274-411C-A548-BD0E717D533A
Loading PEIM at 0x000008455C0 EntryPoint=0x000008472F4 TdTcg2Pei.efi
Loading PEIM 222C386D-5ABC-4FB4-B124-FBB82488ACF4
Loading PEIM at 0x000008489C0 EntryPoint=0x000008550DC PlatformPei.efi
Platform PEIM Loaded
Select Item: 0x0
Select Item: 0x1
QemuFwCfgProbe: Supported 1, DMA 1
Select Item: 0x19
Select Item: 0x19
Select Item: 0x19
Select Item: 0x19
Select Item: 0x19
Select Item: 0x19
Select Item: 0x19
Select Item: 0x19
Select Item: 0x0
Cache FwCfg Name: QemuFwCfgSignature Item:0x0 Size: 0x4 
Select Item: 0x1
Cache FwCfg Name: QemuFwCfgInterfaceVersion Item:0x1 Size: 0x4 
Select Item: 0x19
Cache FwCfg Name: QemuFwCfgFileDri Item:0x19 Size: 0x404 
Select Item: 0x25
Cache FwCfg Name: etc/e820 Item:0x25 Size: 0x3C 
Select Item: 0x2B
Cache FwCfg Name: etc/system-states Item:0x2B Size: 0x6 
Select Item: 0xE
Cache FwCfg Name: BootMenu Item:0xE Size: 0x2 
Select Item: 0x21
Cache FwCfg Name: bootorder Item:0x21 Size: 0x48 
QemuFwCfgInitCache Pass!!!
CMOS:
00: 35 00 21 00 13 00 01 03 05 26 26 02 10 80 00 00
10: 00 00 00 00 06 80 02 FF FF 00 00 00 00 00 00 00
20: 00 00 00 00 00 00 00 00 00 00 00 00 00 00 00 00
30: FF FF 20 00 00 7F 00 20 30 00 00 00 00 12 00 00
40: 00 00 00 00 00 00 00 00 00 00 00 00 00 00 00 00
50: 00 00 00 00 00 00 00 00 00 00 00 00 80 01 00 0F
60: 00 00 00 00 00 00 00 00 00 00 00 00 00 00 00 00
70: 00 00 00 00 00 00 00 00 00 00 00 00 00 00 00 00
Select Item: 0x19
Select Item: 0x2B
S3 support was detected on QEMU
Install PPI: 7408D748-FC8C-4EE6-9288-C4BEC092A410
Select Item: 0x19
Select Item: 0x19
Select Item: 0x25
PlatformGetFirstNonAddressCB: FirstNonAddress=0x280000000
Select Item: 0x19
Select Item: 0x19
PlatformSetupPagingLevel: using 4-level paging (PcdUse5LevelPageTable disabled)
PlatformAddressWidthFromCpuid: Signature: 'AuthenticAMD', PhysBits: 48, GuestPhysBits: 0, QemuQuirk: On, la57: Off, Valid: Yes
PlatformAddressWidthFromCpuid: limit PhysBits to 46 (4-level paging)
PlatformDynamicMmioWindow: using dynamic mmio window
PlatformDynamicMmioWindow:   Addr Space 0x400000000000 (65536 GB)
PlatformDynamicMmioWindow:   MMIO Space 0x80000000000 (8192 GB)
Select Item: 0x19
Select Item: 0x25
PlatformDynamicMmioWindow:   Pci64 Base 0x380000000000
PlatformDynamicMmioWindow:   Pci64 Size 0x80000000000
AddressWidthInitialization: Pci64Base=0x380000000000 Pci64Size=0x80000000000
Select Item: 0x5
PlatformMaxCpuCountInitialization: BootCpuCount=16 MaxCpuCount=16
Select Item: 0x19
Select Item: 0x25
PlatformGetLowMemoryCB: LowMemory=0x80000000
GetPeiMemoryCap: page tables:    520 KB (1/1/128/0 pages for levels 5/4/3/2)
GetPeiMemoryCap: ap stacks:      512 KB (16 cpus)
GetPeiMemoryCap: memory cap:   66568 KB
PublishPeiMemory: PhysMemAddressWidth=46 PeiMemoryCap=66568 KB
PeiInstallPeiMemory MemoryBegin 0x7BDFE000, MemoryLength 0x4102000
Select Item: 0x19
Select Item: 0x25
PlatformQemuInitializeRam called
PlatformIgvmParamReserve: 0x812000 +0x1000
Select Item: 0x19
Select Item: 0x25
Select Item: 0x19
Select Item: 0x25
PlatformAddHobCB: Reserved [0xFEFFC000, 0xFF000000)
PlatformAddHobCB: HighMemory [0x100000000, 0x280000000)
SecCoreStartupWithStack(0xFFFCC000, 0x820000)
Register PPI Notify: DCD0BE23-9586-40F4-B643-06522CED4EDE
Install PPI: 8C8CE578-8A3D-4F1C-9935-896185C32DD3
Install PPI: 5473C07A-3DCB-4DCA-BD6F-1E9689E7349A
The 0th FV[6938079B-B503-4E3D-9D24-B28337A25806] start address is 0x00000830000, size is 0x000D0000, handle is 0x830000
Register PPI Notify: 49EDB1C1-BF21-4761-BB12-EB0031AABB39
Register PPI Notify: EA7CA24B-DED5-4DAD-A389-BF827E8F9B38
Install PPI: B9E0ABFE-5979-4914-977F-6DEE78C278A6
Install PPI: DBE23AA9-A345-4B97-85B6-B226F1617389
Install PPI: 138F9CF4-F0E7-4721-8F49-F5FFECF42D40
Install PPI: 869C711D-649C-44FE-8B9E-2CBB2911C3E6
Register PPI Notify: 605EA650-C65C-42E1-BA80-91A52AB618C6
DiscoverPeimsAndOrderWithApriori(): Found 0x9 PEI FFS files in the 0th FV
Loading PEIM 9B3ADA4F-AE56-4C24-8DEA-F03B7558AE50
Loading PEIM at 0x0000083CAC0 EntryPoint=0x0000083FB5E PcdPeim.efi
Install PPI: 06E81C58-4AD7-44BC-8390-F10265F72480
Install PPI: 01F34D25-4DE2-23AD-3FF3-36353FF323F1
Install PPI: 4D8B155B-C059-4C8F-8926-06FD4331DB8A
Install PPI: A60C6B59-E459-425D-9C69-0BCC9CB27D81
Register PPI Notify: 605EA650-C65C-42E1-BA80-91A52AB618C6
Loading PEIM A3610442-E69F-4DF3-82CA-2360C4031A23
Loading PEIM at 0x00000841640 EntryPoint=0x00000842978 ReportStatusCodeRouterPei.efi
Install PPI: 0065D394-9951-4144-82A3-0AFC8579C251
Install PPI: 229832D3-7A30-4B36-B827-F40CB7D45436
Loading PEIM 9D225237-FA01-464C-A949-BAABC02D31D0
Loading PEIM at 0x000008436C0 EntryPoint=0x000008448B7 StatusCodeHandlerPei.efi
Loading PEIM FCB3A3D6-6274-411C-A548-BD0E717D533A
Loading PEIM at 0x000008455C0 EntryPoint=0x000008472F4 TdTcg2Pei.efi
Loading PEIM 222C386D-5ABC-4FB4-B124-FBB82488ACF4
Loading PEIM at 0x000008489C0 EntryPoint=0x000008550DC PlatformPei.efi
Platform PEIM Loaded
Select Item: 0x0
Select Item: 0x1
QemuFwCfgProbe: Supported 1, DMA 1
Select Item: 0x19
Select Item: 0x19
Select Item: 0x19
Select Item: 0x19
Select Item: 0x19
Select Item: 0x19
Select Item: 0x19
Select Item: 0x19
Select Item: 0x0
Cache FwCfg Name: QemuFwCfgSignature Item:0x0 Size: 0x4 
Select Item: 0x1
Cache FwCfg Name: QemuFwCfgInterfaceVersion Item:0x1 Size: 0x4 
Select Item: 0x19
Cache FwCfg Name: QemuFwCfgFileDri Item:0x19 Size: 0x404 
Select Item: 0x25
Cache FwCfg Name: etc/e820 Item:0x25 Size: 0x3C 
Select Item: 0x2B
Cache FwCfg Name: etc/system-states Item:0x2B Size: 0x6 
Select Item: 0xE
Cache FwCfg Name: BootMenu Item:0xE Size: 0x2 
Select Item: 0x21
Cache FwCfg Name: bootorder Item:0x21 Size: 0x48 
QemuFwCfgInitCache Pass!!!
CMOS:
00: 36 00 21 00 13 00 01 03 05 26 26 02 10 80 00 00
10: 00 00 00 00 06 80 02 FF FF 00 00 00 00 00 00 00
20: 00 00 00 00 00 00 00 00 00 00 00 00 00 00 00 00
30: FF FF 20 00 00 7F 00 20 30 00 00 00 00 12 00 00
40: 00 00 00 00 00 00 00 00 00 00 00 00 00 00 00 00
50: 00 00 00 00 00 00 00 00 00 00 00 00 80 01 00 0F
60: 00 00 00 00 00 00 00 00 00 00 00 00 00 00 00 00
70: 00 00 00 00 00 00 00 00 00 00 00 00 00 00 00 00
Select Item: 0x19
Select Item: 0x2B
S3 support was detected on QEMU
Install PPI: 7408D748-FC8C-4EE6-9288-C4BEC092A410
Select Item: 0x19
Select Item: 0x19
Select Item: 0x25
PlatformGetFirstNonAddressCB: FirstNonAddress=0x280000000
Select Item: 0x19
Select Item: 0x19
PlatformSetupPagingLevel: using 4-level paging (PcdUse5LevelPageTable disabled)
PlatformAddressWidthFromCpuid: Signature: 'AuthenticAMD', PhysBits: 48, GuestPhysBits: 0, QemuQuirk: On, la57: Off, Valid: Yes
PlatformAddressWidthFromCpuid: limit PhysBits to 46 (4-level paging)
PlatformDynamicMmioWindow: using dynamic mmio window
PlatformDynamicMmioWindow:   Addr Space 0x400000000000 (65536 GB)
PlatformDynamicMmioWindow:   MMIO Space 0x80000000000 (8192 GB)
Select Item: 0x19
Select Item: 0x25
PlatformDynamicMmioWindow:   Pci64 Base 0x380000000000
PlatformDynamicMmioWindow:   Pci64 Size 0x80000000000
AddressWidthInitialization: Pci64Base=0x380000000000 Pci64Size=0x80000000000
Select Item: 0x5
PlatformMaxCpuCountInitialization: BootCpuCount=16 MaxCpuCount=16
Select Item: 0x19
Select Item: 0x25
PlatformGetLowMemoryCB: LowMemory=0x80000000
GetPeiMemoryCap: page tables:    520 KB (1/1/128/0 pages for levels 5/4/3/2)
GetPeiMemoryCap: ap stacks:      512 KB (16 cpus)
GetPeiMemoryCap: memory cap:   66568 KB
PublishPeiMemory: PhysMemAddressWidth=46 PeiMemoryCap=66568 KB
PeiInstallPeiMemory MemoryBegin 0x7BDFE000, MemoryLength 0x4102000
Select Item: 0x19
Select Item: 0x25
PlatformQemuInitializeRam called
PlatformIgvmParamReserve: 0x812000 +0x1000
Select Item: 0x19
Select Item: 0x25
Select Item: 0x19
Select Item: 0x25
PlatformAddHobCB: Reserved [0xFEFFC000, 0xFF000000)
PlatformAddHobCB: HighMemory [0x100000000, 0x280000000)
SecCoreStartupWithStack(0xFFFCC000, 0x820000)
Register PPI Notify: DCD0BE23-9586-40F4-B643-06522CED4EDE
Install PPI: 8C8CE578-8A3D-4F1C-9935-896185C32DD3
Install PPI: 5473C07A-3DCB-4DCA-BD6F-1E9689E7349A
The 0th FV[6938079B-B503-4E3D-9D24-B28337A25806] start address is 0x00000830000, size is 0x000D0000, handle is 0x830000
Register PPI Notify: 49EDB1C1-BF21-4761-BB12-EB0031AABB39
Register PPI Notify: EA7CA24B-DED5-4DAD-A389-BF827E8F9B38
Install PPI: B9E0ABFE-5979-4914-977F-6DEE78C278A6
Install PPI: DBE23AA9-A345-4B97-85B6-B226F1617389
Install PPI: 138F9CF4-F0E7-4721-8F49-F5FFECF42D40
Install PPI: 869C711D-649C-44FE-8B9E-2CBB2911C3E6
Register PPI Notify: 605EA650-C65C-42E1-BA80-91A52AB618C6
DiscoverPeimsAndOrderWithApriori(): Found 0x9 PEI FFS files in the 0th FV
Loading PEIM 9B3ADA4F-AE56-4C24-8DEA-F03B7558AE50
Loading PEIM at 0x0000083CAC0 EntryPoint=0x0000083FB5E PcdPeim.efi
Install PPI: 06E81C58-4AD7-44BC-8390-F10265F72480
Install PPI: 01F34D25-4DE2-23AD-3FF3-36353FF323F1
Install PPI: 4D8B155B-C059-4C8F-8926-06FD4331DB8A
Install PPI: A60C6B59-E459-425D-9C69-0BCC9CB27D81
Register PPI Notify: 605EA650-C65C-42E1-BA80-91A52AB618C6
Loading PEIM A3610442-E69F-4DF3-82CA-2360C4031A23
Loading PEIM at 0x00000841640 EntryPoint=0x00000842978 ReportStatusCodeRouterPei.efi
Install PPI: 0065D394-9951-4144-82A3-0AFC8579C251
Install PPI: 229832D3-7A30-4B36-B827-F40CB7D45436
Loading PEIM 9D225237-FA01-464C-A949-BAABC02D31D0
Loading PEIM at 0x000008436C0 EntryPoint=0x000008448B7 StatusCodeHandlerPei.efi
Loading PEIM FCB3A3D6-6274-411C-A548-BD0E717D533A
Loading PEIM at 0x000008455C0 EntryPoint=0x000008472F4 TdTcg2Pei.efi
Loading PEIM 222C386D-5ABC-4FB4-B124-FBB82488ACF4
Loading PEIM at 0x000008489C0 EntryPoint=0x000008550DC PlatformPei.efi
Platform PEIM Loaded
Select Item: 0x0
Select Item: 0x1
QemuFwCfgProbe: Supported 1, DMA 1
Select Item: 0x19
Select Item: 0x19
Select Item: 0x19
Select Item: 0x19
Select Item: 0x19
Select Item: 0x19
Select Item: 0x19
Select Item: 0x19
Select Item: 0x0
Cache FwCfg Name: QemuFwCfgSignature Item:0x0 Size: 0x4 
Select Item: 0x1
Cache FwCfg Name: QemuFwCfgInterfaceVersion Item:0x1 Size: 0x4 
Select Item: 0x19
Cache FwCfg Name: QemuFwCfgFileDri Item:0x19 Size: 0x404 
Select Item: 0x25
Cache FwCfg Name: etc/e820 Item:0x25 Size: 0x3C 
Select Item: 0x2B
Cache FwCfg Name: etc/system-states Item:0x2B Size: 0x6 
Select Item: 0xE
Cache FwCfg Name: BootMenu Item:0xE Size: 0x2 
Select Item: 0x21
Cache FwCfg Name: bootorder Item:0x21 Size: 0x48 
QemuFwCfgInitCache Pass!!!
CMOS:
00: 36 00 21 00 13 00 01 03 05 26 26 02 00 80 00 00
10: 00 00 00 00 06 80 02 FF FF 00 00 00 00 00 00 00
20: 00 00 00 00 00 00 00 00 00 00 00 00 00 00 00 00
30: FF FF 20 00 00 7F 00 20 30 00 00 00 00 12 00 00
40: 00 00 00 00 00 00 00 00 00 00 00 00 00 00 00 00
50: 00 00 00 00 00 00 00 00 00 00 00 00 80 01 00 0F
60: 00 00 00 00 00 00 00 00 00 00 00 00 00 00 00 00
70: 00 00 00 00 00 00 00 00 00 00 00 00 00 00 00 00
Select Item: 0x19
Select Item: 0x2B
S3 support was detected on QEMU
Install PPI: 7408D748-FC8C-4EE6-9288-C4BEC092A410
Select Item: 0x19
Select Item: 0x19
Select Item: 0x25
PlatformGetFirstNonAddressCB: FirstNonAddress=0x280000000
Select Item: 0x19
Select Item: 0x19
PlatformSetupPagingLevel: using 4-level paging (PcdUse5LevelPageTable disabled)
PlatformAddressWidthFromCpuid: Signature: 'AuthenticAMD', PhysBits: 48, GuestPhysBits: 0, QemuQuirk: On, la57: Off, Valid: Yes
PlatformAddressWidthFromCpuid: limit PhysBits to 46 (4-level paging)
PlatformDynamicMmioWindow: using dynamic mmio window
PlatformDynamicMmioWindow:   Addr Space 0x400000000000 (65536 GB)
PlatformDynamicMmioWindow:   MMIO Space 0x80000000000 (8192 GB)
Select Item: 0x19
Select Item: 0x25
PlatformDynamicMmioWindow:   Pci64 Base 0x380000000000
PlatformDynamicMmioWindow:   Pci64 Size 0x80000000000
AddressWidthInitialization: Pci64Base=0x380000000000 Pci64Size=0x80000000000
Select Item: 0x5
PlatformMaxCpuCountInitialization: BootCpuCount=16 MaxCpuCount=16
Select Item: 0x19
Select Item: 0x25
PlatformGetLowMemoryCB: LowMemory=0x80000000
GetPeiMemoryCap: page tables:    520 KB (1/1/128/0 pages for levels 5/4/3/2)
GetPeiMemoryCap: ap stacks:      512 KB (16 cpus)
GetPeiMemoryCap: memory cap:   66568 KB
PublishPeiMemory: PhysMemAddressWidth=46 PeiMemoryCap=66568 KB
PeiInstallPeiMemory MemoryBegin 0x7BDFE000, MemoryLength 0x4102000
Select Item: 0x19
Select Item: 0x25
PlatformQemuInitializeRam called
PlatformIgvmParamReserve: 0x812000 +0x1000
Select Item: 0x19
Select Item: 0x25
Select Item: 0x19
Select Item: 0x25
PlatformAddHobCB: Reserved [0xFEFFC000, 0xFF000000)
PlatformAddHobCB: HighMemory [0x100000000, 0x280000000)
SecCoreStartupWithStack(0xFFFCC000, 0x820000)
Register PPI Notify: DCD0BE23-9586-40F4-B643-06522CED4EDE
Install PPI: 8C8CE578-8A3D-4F1C-9935-896185C32DD3
Install PPI: 5473C07A-3DCB-4DCA-BD6F-1E9689E7349A
The 0th FV[6938079B-B503-4E3D-9D24-B28337A25806] start address is 0x00000830000, size is 0x000D0000, handle is 0x830000
Register PPI Notify: 49EDB1C1-BF21-4761-BB12-EB0031AABB39
Register PPI Notify: EA7CA24B-DED5-4DAD-A389-BF827E8F9B38
Install PPI: B9E0ABFE-5979-4914-977F-6DEE78C278A6
Install PPI: DBE23AA9-A345-4B97-85B6-B226F1617389
Install PPI: 138F9CF4-F0E7-4721-8F49-F5FFECF42D40
Install PPI: 869C711D-649C-44FE-8B9E-2CBB2911C3E6
Register PPI Notify: 605EA650-C65C-42E1-BA80-91A52AB618C6
DiscoverPeimsAndOrderWithApriori(): Found 0x9 PEI FFS files in the 0th FV
Loading PEIM 9B3ADA4F-AE56-4C24-8DEA-F03B7558AE50
Loading PEIM at 0x0000083CAC0 EntryPoint=0x0000083FB5E PcdPeim.efi
Install PPI: 06E81C58-4AD7-44BC-8390-F10265F72480
Install PPI: 01F34D25-4DE2-23AD-3FF3-36353FF323F1
Install PPI: 4D8B155B-C059-4C8F-8926-06FD4331DB8A
Install PPI: A60C6B59-E459-425D-9C69-0BCC9CB27D81
Register PPI Notify: 605EA650-C65C-42E1-BA80-91A52AB618C6
Loading PEIM A3610442-E69F-4DF3-82CA-2360C4031A23
Loading PEIM at 0x00000841640 EntryPoint=0x00000842978 ReportStatusCodeRouterPei.efi
Install PPI: 0065D394-9951-4144-82A3-0AFC8579C251
Install PPI: 229832D3-7A30-4B36-B827-F40CB7D45436
Loading PEIM 9D225237-FA01-464C-A949-BAABC02D31D0
Loading PEIM at 0x000008436C0 EntryPoint=0x000008448B7 StatusCodeHandlerPei.efi
Loading PEIM FCB3A3D6-6274-411C-A548-BD0E717D533A
Loading PEIM at 0x000008455C0 EntryPoint=0x000008472F4 TdTcg2Pei.efi
Loading PEIM 222C386D-5ABC-4FB4-B124-FBB82488ACF4
Loading PEIM at 0x000008489C0 EntryPoint=0x000008550DC PlatformPei.efi
Platform PEIM Loaded
Select Item: 0x0
Select Item: 0x1
QemuFwCfgProbe: Supported 1, DMA 1
Select Item: 0x19
Select Item: 0x19
Select Item: 0x19
Select Item: 0x19
Select Item: 0x19
Select Item: 0x19
Select Item: 0x19
Select Item: 0x19
Select Item: 0x0
Cache FwCfg Name: QemuFwCfgSignature Item:0x0 Size: 0x4 
Select Item: 0x1
Cache FwCfg Name: QemuFwCfgInterfaceVersion Item:0x1 Size: 0x4 
Select Item: 0x19
Cache FwCfg Name: QemuFwCfgFileDri Item:0x19 Size: 0x404 
Select Item: 0x25
Cache FwCfg Name: etc/e820 Item:0x25 Size: 0x3C 
Select Item: 0x2B
Cache FwCfg Name: etc/system-states Item:0x2B Size: 0x6 
Select Item: 0xE
Cache FwCfg Name: BootMenu Item:0xE Size: 0x2 
Select Item: 0x21
Cache FwCfg Name: bootorder Item:0x21 Size: 0x48 
QemuFwCfgInitCache Pass!!!
CMOS:
00: 37 00 21 00 13 00 01 03 05 26 26 02 10 80 00 00
10: 00 00 00 00 06 80 02 FF FF 00 00 00 00 00 00 00
20: 00 00 00 00 00 00 00 00 00 00 00 00 00 00 00 00
30: FF FF 20 00 00 7F 00 20 30 00 00 00 00 12 00 00
40: 00 00 00 00 00 00 00 00 00 00 00 00 00 00 00 00
50: 00 00 00 00 00 00 00 00 00 00 00 00 80 01 00 0F
60: 00 00 00 00 00 00 00 00 00 00 00 00 00 00 00 00
70: 00 00 00 00 00 00 00 00 00 00 00 00 00 00 00 00
Select Item: 0x19
Select Item: 0x2B
S3 support was detected on QEMU
Install PPI: 7408D748-FC8C-4EE6-9288-C4BEC092A410
Select Item: 0x19
Select Item: 0x19
Select Item: 0x25
PlatformGetFirstNonAddressCB: FirstNonAddress=0x280000000
Select Item: 0x19
Select Item: 0x19
PlatformSetupPagingLevel: using 4-level paging (PcdUse5LevelPageTable disabled)
PlatformAddressWidthFromCpuid: Signature: 'AuthenticAMD', PhysBits: 48, GuestPhysBits: 0, QemuQuirk: On, la57: Off, Valid: Yes
PlatformAddressWidthFromCpuid: limit PhysBits to 46 (4-level paging)
PlatformDynamicMmioWindow: using dynamic mmio window
PlatformDynamicMmioWindow:   Addr Space 0x400000000000 (65536 GB)
PlatformDynamicMmioWindow:   MMIO Space 0x80000000000 (8192 GB)
Select Item: 0x19
Select Item: 0x25
PlatformDynamicMmioWindow:   Pci64 Base 0x380000000000
PlatformDynamicMmioWindow:   Pci64 Size 0x80000000000
AddressWidthInitialization: Pci64Base=0x380000000000 Pci64Size=0x80000000000
Select Item: 0x5
PlatformMaxCpuCountInitialization: BootCpuCount=16 MaxCpuCount=16
Select Item: 0x19
Select Item: 0x25
PlatformGetLowMemoryCB: LowMemory=0x80000000
GetPeiMemoryCap: page tables:    520 KB (1/1/128/0 pages for levels 5/4/3/2)
GetPeiMemoryCap: ap stacks:      512 KB (16 cpus)
GetPeiMemoryCap: memory cap:   66568 KB
PublishPeiMemory: PhysMemAddressWidth=46 PeiMemoryCap=66568 KB
PeiInstallPeiMemory MemoryBegin 0x7BDFE000, MemoryLength 0x4102000
Select Item: 0x19
Select Item: 0x25
PlatformQemuInitializeRam called
PlatformIgvmParamReserve: 0x812000 +0x1000
Select Item: 0x19
Select Item: 0x25
Select Item: 0x19
Select Item: 0x25
PlatformAddHobCB: Reserved [0xFEFFC000, 0xFF000000)
PlatformAddHobCB: HighMemory [0x100000000, 0x280000000)
SecCoreStartupWithStack(0xFFFCC000, 0x820000)
Register PPI Notify: DCD0BE23-9586-40F4-B643-06522CED4EDE
Install PPI: 8C8CE578-8A3D-4F1C-9935-896185C32DD3
Install PPI: 5473C07A-3DCB-4DCA-BD6F-1E9689E7349A
The 0th FV[6938079B-B503-4E3D-9D24-B28337A25806] start address is 0x00000830000, size is 0x000D0000, handle is 0x830000
Register PPI Notify: 49EDB1C1-BF21-4761-BB12-EB0031AABB39
Register PPI Notify: EA7CA24B-DED5-4DAD-A389-BF827E8F9B38
Install PPI: B9E0ABFE-5979-4914-977F-6DEE78C278A6
Install PPI: DBE23AA9-A345-4B97-85B6-B226F1617389
Install PPI: 138F9CF4-F0E7-4721-8F49-F5FFECF42D40
Install PPI: 869C711D-649C-44FE-8B9E-2CBB2911C3E6
Register PPI Notify: 605EA650-C65C-42E1-BA80-91A52AB618C6
DiscoverPeimsAndOrderWithApriori(): Found 0x9 PEI FFS files in the 0th FV
Loading PEIM 9B3ADA4F-AE56-4C24-8DEA-F03B7558AE50
Loading PEIM at 0x0000083CAC0 EntryPoint=0x0000083FB5E PcdPeim.efi
Install PPI: 06E81C58-4AD7-44BC-8390-F10265F72480
Install PPI: 01F34D25-4DE2-23AD-3FF3-36353FF323F1
Install PPI: 4D8B155B-C059-4C8F-8926-06FD4331DB8A
Install PPI: A60C6B59-E459-425D-9C69-0BCC9CB27D81
Register PPI Notify: 605EA650-C65C-42E1-BA80-91A52AB618C6
Loading PEIM A3610442-E69F-4DF3-82CA-2360C4031A23
Loading PEIM at 0x00000841640 EntryPoint=0x00000842978 ReportStatusCodeRouterPei.efi
Install PPI: 0065D394-9951-4144-82A3-0AFC8579C251
Install PPI: 229832D3-7A30-4B36-B827-F40CB7D45436
Loading PEIM 9D225237-FA01-464C-A949-BAABC02D31D0
Loading PEIM at 0x000008436C0 EntryPoint=0x000008448B7 StatusCodeHandlerPei.efi
Loading PEIM FCB3A3D6-6274-411C-A548-BD0E717D533A
Loading PEIM at 0x000008455C0 EntryPoint=0x000008472F4 TdTcg2Pei.efi
Loading PEIM 222C386D-5ABC-4FB4-B124-FBB82488ACF4
Loading PEIM at 0x000008489C0 EntryPoint=0x000008550DC PlatformPei.efi
Platform PEIM Loaded
Select Item: 0x0
Select Item: 0x1
QemuFwCfgProbe: Supported 1, DMA 1
Select Item: 0x19
Select Item: 0x19
Select Item: 0x19
Select Item: 0x19
Select Item: 0x19
Select Item: 0x19
Select Item: 0x19
Select Item: 0x19
Select Item: 0x0
Cache FwCfg Name: QemuFwCfgSignature Item:0x0 Size: 0x4 
Select Item: 0x1
Cache FwCfg Name: QemuFwCfgInterfaceVersion Item:0x1 Size: 0x4 
Select Item: 0x19
Cache FwCfg Name: QemuFwCfgFileDri Item:0x19 Size: 0x404 
Select Item: 0x25
Cache FwCfg Name: etc/e820 Item:0x25 Size: 0x3C 
Select Item: 0x2B
Cache FwCfg Name: etc/system-states Item:0x2B Size: 0x6 
Select Item: 0xE
Cache FwCfg Name: BootMenu Item:0xE Size: 0x2 
Select Item: 0x21
Cache FwCfg Name: bootorder Item:0x21 Size: 0x48 
QemuFwCfgInitCache Pass!!!
CMOS:
00: 38 00 21 00 13 00 01 03 05 26 26 02 10 80 00 00
10: 00 00 00 00 06 80 02 FF FF 00 00 00 00 00 00 00
20: 00 00 00 00 00 00 00 00 00 00 00 00 00 00 00 00
30: FF FF 20 00 00 7F 00 20 30 00 00 00 00 12 00 00
40: 00 00 00 00 00 00 00 00 00 00 00 00 00 00 00 00
50: 00 00 00 00 00 00 00 00 00 00 00 00 80 01 00 0F
60: 00 00 00 00 00 00 00 00 00 00 00 00 00 00 00 00
70: 00 00 00 00 00 00 00 00 00 00 00 00 00 00 00 00
Select Item: 0x19
Select Item: 0x2B
S3 support was detected on QEMU
Install PPI: 7408D748-FC8C-4EE6-9288-C4BEC092A410
Select Item: 0x19
Select Item: 0x19
Select Item: 0x25
PlatformGetFirstNonAddressCB: FirstNonAddress=0x280000000
Select Item: 0x19
Select Item: 0x19
PlatformSetupPagingLevel: using 4-level paging (PcdUse5LevelPageTable disabled)
PlatformAddressWidthFromCpuid: Signature: 'AuthenticAMD', PhysBits: 48, GuestPhysBits: 0, QemuQuirk: On, la57: Off, Valid: Yes
PlatformAddressWidthFromCpuid: limit PhysBits to 46 (4-level paging)
PlatformDynamicMmioWindow: using dynamic mmio window
PlatformDynamicMmioWindow:   Addr Space 0x400000000000 (65536 GB)
PlatformDynamicMmioWindow:   MMIO Space 0x80000000000 (8192 GB)
Select Item: 0x19
Select Item: 0x25
PlatformDynamicMmioWindow:   Pci64 Base 0x380000000000
PlatformDynamicMmioWindow:   Pci64 Size 0x80000000000
AddressWidthInitialization: Pci64Base=0x380000000000 Pci64Size=0x80000000000
Select Item: 0x5
PlatformMaxCpuCountInitialization: BootCpuCount=16 MaxCpuCount=16
Select Item: 0x19
Select Item: 0x25
PlatformGetLowMemoryCB: LowMemory=0x80000000
GetPeiMemoryCap: page tables:    520 KB (1/1/128/0 pages for levels 5/4/3/2)
GetPeiMemoryCap: ap stacks:      512 KB (16 cpus)
GetPeiMemoryCap: memory cap:   66568 KB
PublishPeiMemory: PhysMemAddressWidth=46 PeiMemoryCap=66568 KB
PeiInstallPeiMemory MemoryBegin 0x7BDFE000, MemoryLength 0x4102000
Select Item: 0x19
Select Item: 0x25
PlatformQemuInitializeRam called
PlatformIgvmParamReserve: 0x812000 +0x1000
Select Item: 0x19
Select Item: 0x25
Select Item: 0x19
Select Item: 0x25
PlatformAddHobCB: Reserved [0xFEFFC000, 0xFF000000)
PlatformAddHobCB: HighMemory [0x100000000, 0x280000000)
SecCoreStartupWithStack(0xFFFCC000, 0x820000)
Register PPI Notify: DCD0BE23-9586-40F4-B643-06522CED4EDE
Install PPI: 8C8CE578-8A3D-4F1C-9935-896185C32DD3
Install PPI: 5473C07A-3DCB-4DCA-BD6F-1E9689E7349A
The 0th FV[6938079B-B503-4E3D-9D24-B28337A25806] start address is 0x00000830000, size is 0x000D0000, handle is 0x830000
Register PPI Notify: 49EDB1C1-BF21-4761-BB12-EB0031AABB39
Register PPI Notify: EA7CA24B-DED5-4DAD-A389-BF827E8F9B38
Install PPI: B9E0ABFE-5979-4914-977F-6DEE78C278A6
Install PPI: DBE23AA9-A345-4B97-85B6-B226F1617389
Install PPI: 138F9CF4-F0E7-4721-8F49-F5FFECF42D40
Install PPI: 869C711D-649C-44FE-8B9E-2CBB2911C3E6
Register PPI Notify: 605EA650-C65C-42E1-BA80-91A52AB618C6
DiscoverPeimsAndOrderWithApriori(): Found 0x9 PEI FFS files in the 0th FV
Loading PEIM 9B3ADA4F-AE56-4C24-8DEA-F03B7558AE50
Loading PEIM at 0x0000083CAC0 EntryPoint=0x0000083FB5E PcdPeim.efi
Install PPI: 06E81C58-4AD7-44BC-8390-F10265F72480
Install PPI: 01F34D25-4DE2-23AD-3FF3-36353FF323F1
Install PPI: 4D8B155B-C059-4C8F-8926-06FD4331DB8A
Install PPI: A60C6B59-E459-425D-9C69-0BCC9CB27D81
Register PPI Notify: 605EA650-C65C-42E1-BA80-91A52AB618C6
Loading PEIM A3610442-E69F-4DF3-82CA-2360C4031A23
Loading PEIM at 0x00000841640 EntryPoint=0x00000842978 ReportStatusCodeRouterPei.efi
Install PPI: 0065D394-9951-4144-82A3-0AFC8579C251
Install PPI: 229832D3-7A30-4B36-B827-F40CB7D45436
Loading PEIM 9D225237-FA01-464C-A949-BAABC02D31D0
Loading PEIM at 0x000008436C0 EntryPoint=0x000008448B7 StatusCodeHandlerPei.efi
Loading PEIM FCB3A3D6-6274-411C-A548-BD0E717D533A
Loading PEIM at 0x000008455C0 EntryPoint=0x000008472F4 TdTcg2Pei.efi
Loading PEIM 222C386D-5ABC-4FB4-B124-FBB82488ACF4
Loading PEIM at 0x000008489C0 EntryPoint=0x000008550DC PlatformPei.efi
Platform PEIM Loaded
Select Item: 0x0
Select Item: 0x1
QemuFwCfgProbe: Supported 1, DMA 1
Select Item: 0x19
Select Item: 0x19
Select Item: 0x19
Select Item: 0x19
Select Item: 0x19
Select Item: 0x19
Select Item: 0x19
Select Item: 0x19
Select Item: 0x0
Cache FwCfg Name: QemuFwCfgSignature Item:0x0 Size: 0x4 
Select Item: 0x1
Cache FwCfg Name: QemuFwCfgInterfaceVersion Item:0x1 Size: 0x4 
Select Item: 0x19
Cache FwCfg Name: QemuFwCfgFileDri Item:0x19 Size: 0x404 
Select Item: 0x25
Cache FwCfg Name: etc/e820 Item:0x25 Size: 0x3C 
Select Item: 0x2B
Cache FwCfg Name: etc/system-states Item:0x2B Size: 0x6 
Select Item: 0xE
Cache FwCfg Name: BootMenu Item:0xE Size: 0x2 
Select Item: 0x21
Cache FwCfg Name: bootorder Item:0x21 Size: 0x48 
QemuFwCfgInitCache Pass!!!
CMOS:
00: 38 00 21 00 13 00 01 03 05 26 26 02 00 80 00 00
10: 00 00 00 00 06 80 02 FF FF 00 00 00 00 00 00 00
20: 00 00 00 00 00 00 00 00 00 00 00 00 00 00 00 00
30: FF FF 20 00 00 7F 00 20 30 00 00 00 00 12 00 00
40: 00 00 00 00 00 00 00 00 00 00 00 00 00 00 00 00
50: 00 00 00 00 00 00 00 00 00 00 00 00 80 01 00 0F
60: 00 00 00 00 00 00 00 00 00 00 00 00 00 00 00 00
70: 00 00 00 00 00 00 00 00 00 00 00 00 00 00 00 00
Select Item: 0x19
Select Item: 0x2B
S3 support was detected on QEMU
Install PPI: 7408D748-FC8C-4EE6-9288-C4BEC092A410
Select Item: 0x19
Select Item: 0x19
Select Item: 0x25
PlatformGetFirstNonAddressCB: FirstNonAddress=0x280000000
Select Item: 0x19
Select Item: 0x19
PlatformSetupPagingLevel: using 4-level paging (PcdUse5LevelPageTable disabled)
PlatformAddressWidthFromCpuid: Signature: 'AuthenticAMD', PhysBits: 48, GuestPhysBits: 0, QemuQuirk: On, la57: Off, Valid: Yes
PlatformAddressWidthFromCpuid: limit PhysBits to 46 (4-level paging)
PlatformDynamicMmioWindow: using dynamic mmio window
PlatformDynamicMmioWindow:   Addr Space 0x400000000000 (65536 GB)
PlatformDynamicMmioWindow:   MMIO Space 0x80000000000 (8192 GB)
Select Item: 0x19
Select Item: 0x25
PlatformDynamicMmioWindow:   Pci64 Base 0x380000000000
PlatformDynamicMmioWindow:   Pci64 Size 0x80000000000
AddressWidthInitialization: Pci64Base=0x380000000000 Pci64Size=0x80000000000
Select Item: 0x5
PlatformMaxCpuCountInitialization: BootCpuCount=16 MaxCpuCount=16
Select Item: 0x19
Select Item: 0x25
PlatformGetLowMemoryCB: LowMemory=0x80000000
GetPeiMemoryCap: page tables:    520 KB (1/1/128/0 pages for levels 5/4/3/2)
GetPeiMemoryCap: ap stacks:      512 KB (16 cpus)
GetPeiMemoryCap: memory cap:   66568 KB
PublishPeiMemory: PhysMemAddressWidth=46 PeiMemoryCap=66568 KB
PeiInstallPeiMemory MemoryBegin 0x7BDFE000, MemoryLength 0x4102000
Select Item: 0x19
Select Item: 0x25
PlatformQemuInitializeRam called
PlatformIgvmParamReserve: 0x812000 +0x1000
Select Item: 0x19
Select Item: 0x25
Select Item: 0x19
Select Item: 0x25
PlatformAddHobCB: Reserved [0xFEFFC000, 0xFF000000)
PlatformAddHobCB: HighMemory [0x100000000, 0x280000000)
SecCoreStartupWithStack(0xFFFCC000, 0x820000)
Register PPI Notify: DCD0BE23-9586-40F4-B643-06522CED4EDE
Install PPI: 8C8CE578-8A3D-4F1C-9935-896185C32DD3
Install PPI: 5473C07A-3DCB-4DCA-BD6F-1E9689E7349A
The 0th FV[6938079B-B503-4E3D-9D24-B28337A25806] start address is 0x00000830000, size is 0x000D0000, handle is 0x830000
Register PPI Notify: 49EDB1C1-BF21-4761-BB12-EB0031AABB39
Register PPI Notify: EA7CA24B-DED5-4DAD-A389-BF827E8F9B38
Install PPI: B9E0ABFE-5979-4914-977F-6DEE78C278A6
Install PPI: DBE23AA9-A345-4B97-85B6-B226F1617389
Install PPI: 138F9CF4-F0E7-4721-8F49-F5FFECF42D40
Install PPI: 869C711D-649C-44FE-8B9E-2CBB2911C3E6
Register PPI Notify: 605EA650-C65C-42E1-BA80-91A52AB618C6
DiscoverPeimsAndOrderWithApriori(): Found 0x9 PEI FFS files in the 0th FV
Loading PEIM 9B3ADA4F-AE56-4C24-8DEA-F03B7558AE50
Loading PEIM at 0x0000083CAC0 EntryPoint=0x0000083FB5E PcdPeim.efi
Install PPI: 06E81C58-4AD7-44BC-8390-F10265F72480
Install PPI: 01F34D25-4DE2-23AD-3FF3-36353FF323F1
Install PPI: 4D8B155B-C059-4C8F-8926-06FD4331DB8A
Install PPI: A60C6B59-E459-425D-9C69-0BCC9CB27D81
Register PPI Notify: 605EA650-C65C-42E1-BA80-91A52AB618C6
Loading PEIM A3610442-E69F-4DF3-82CA-2360C4031A23
Loading PEIM at 0x00000841640 EntryPoint=0x00000842978 ReportStatusCodeRouterPei.efi
Install PPI: 0065D394-9951-4144-82A3-0AFC8579C251
Install PPI: 229832D3-7A30-4B36-B827-F40CB7D45436
Loading PEIM 9D225237-FA01-464C-A949-BAABC02D31D0
Loading PEIM at 0x000008436C0 EntryPoint=0x000008448B7 StatusCodeHandlerPei.efi
Loading PEIM FCB3A3D6-6274-411C-A548-BD0E717D533A
Loading PEIM at 0x000008455C0 EntryPoint=0x000008472F4 TdTcg2Pei.efi
Loading PEIM 222C386D-5ABC-4FB4-B124-FBB82488ACF4
Loading PEIM at 0x000008489C0 EntryPoint=0x000008550DC PlatformPei.efi
Platform PEIM Loaded
Select Item: 0x0
Select Item: 0x1
QemuFwCfgProbe: Supported 1, DMA 1
Select Item: 0x19
Select Item: 0x19
Select Item: 0x19
Select Item: 0x19
Select Item: 0x19
Select Item: 0x19
Select Item: 0x19
Select Item: 0x19
Select Item: 0x0
Cache FwCfg Name: QemuFwCfgSignature Item:0x0 Size: 0x4 
Select Item: 0x1
Cache FwCfg Name: QemuFwCfgInterfaceVersion Item:0x1 Size: 0x4 
Select Item: 0x19
Cache FwCfg Name: QemuFwCfgFileDri Item:0x19 Size: 0x404 
Select Item: 0x25
Cache FwCfg Name: etc/e820 Item:0x25 Size: 0x3C 
Select Item: 0x2B
Cache FwCfg Name: etc/system-states Item:0x2B Size: 0x6 
Select Item: 0xE
Cache FwCfg Name: BootMenu Item:0xE Size: 0x2 
Select Item: 0x21
Cache FwCfg Name: bootorder Item:0x21 Size: 0x48 
QemuFwCfgInitCache Pass!!!
CMOS:
00: 39 00 21 00 13 00 01 03 05 26 26 02 10 80 00 00
10: 00 00 00 00 06 80 02 FF FF 00 00 00 00 00 00 00
20: 00 00 00 00 00 00 00 00 00 00 00 00 00 00 00 00
30: FF FF 20 00 00 7F 00 20 30 00 00 00 00 12 00 00
40: 00 00 00 00 00 00 00 00 00 00 00 00 00 00 00 00
50: 00 00 00 00 00 00 00 00 00 00 00 00 80 01 00 0F
60: 00 00 00 00 00 00 00 00 00 00 00 00 00 00 00 00
70: 00 00 00 00 00 00 00 00 00 00 00 00 00 00 00 00
Select Item: 0x19
Select Item: 0x2B
S3 support was detected on QEMU
Install PPI: 7408D748-FC8C-4EE6-9288-C4BEC092A410
Select Item: 0x19
Select Item: 0x19
Select Item: 0x25
PlatformGetFirstNonAddressCB: FirstNonAddress=0x280000000
Select Item: 0x19
Select Item: 0x19
PlatformSetupPagingLevel: using 4-level paging (PcdUse5LevelPageTable disabled)
PlatformAddressWidthFromCpuid: Signature: 'AuthenticAMD', PhysBits: 48, GuestPhysBits: 0, QemuQuirk: On, la57: Off, Valid: Yes
PlatformAddressWidthFromCpuid: limit PhysBits to 46 (4-level paging)
PlatformDynamicMmioWindow: using dynamic mmio window
PlatformDynamicMmioWindow:   Addr Space 0x400000000000 (65536 GB)
PlatformDynamicMmioWindow:   MMIO Space 0x80000000000 (8192 GB)
Select Item: 0x19
Select Item: 0x25
PlatformDynamicMmioWindow:   Pci64 Base 0x380000000000
PlatformDynamicMmioWindow:   Pci64 Size 0x80000000000
AddressWidthInitialization: Pci64Base=0x380000000000 Pci64Size=0x80000000000
Select Item: 0x5
PlatformMaxCpuCountInitialization: BootCpuCount=16 MaxCpuCount=16
Select Item: 0x19
Select Item: 0x25
PlatformGetLowMemoryCB: LowMemory=0x80000000
GetPeiMemoryCap: page tables:    520 KB (1/1/128/0 pages for levels 5/4/3/2)
GetPeiMemoryCap: ap stacks:      512 KB (16 cpus)
GetPeiMemoryCap: memory cap:   66568 KB
PublishPeiMemory: PhysMemAddressWidth=46 PeiMemoryCap=66568 KB
PeiInstallPeiMemory MemoryBegin 0x7BDFE000, MemoryLength 0x4102000
Select Item: 0x19
Select Item: 0x25
PlatformQemuInitializeRam called
PlatformIgvmParamReserve: 0x812000 +0x1000
Select Item: 0x19
Select Item: 0x25
Select Item: 0x19
Select Item: 0x25
PlatformAddHobCB: Reserved [0xFEFFC000, 0xFF000000)
PlatformAddHobCB: HighMemory [0x100000000, 0x280000000)
SecCoreStartupWithStack(0xFFFCC000, 0x820000)
Register PPI Notify: DCD0BE23-9586-40F4-B643-06522CED4EDE
Install PPI: 8C8CE578-8A3D-4F1C-9935-896185C32DD3
Install PPI: 5473C07A-3DCB-4DCA-BD6F-1E9689E7349A
The 0th FV[6938079B-B503-4E3D-9D24-B28337A25806] start address is 0x00000830000, size is 0x000D0000, handle is 0x830000
Register PPI Notify: 49EDB1C1-BF21-4761-BB12-EB0031AABB39
Register PPI Notify: EA7CA24B-DED5-4DAD-A389-BF827E8F9B38
Install PPI: B9E0ABFE-5979-4914-977F-6DEE78C278A6
Install PPI: DBE23AA9-A345-4B97-85B6-B226F1617389
Install PPI: 138F9CF4-F0E7-4721-8F49-F5FFECF42D40
Install PPI: 869C711D-649C-44FE-8B9E-2CBB2911C3E6
Register PPI Notify: 605EA650-C65C-42E1-BA80-91A52AB618C6
DiscoverPeimsAndOrderWithApriori(): Found 0x9 PEI FFS files in the 0th FV
Loading PEIM 9B3ADA4F-AE56-4C24-8DEA-F03B7558AE50
Loading PEIM at 0x0000083CAC0 EntryPoint=0x0000083FB5E PcdPeim.efi
Install PPI: 06E81C58-4AD7-44BC-8390-F10265F72480
Install PPI: 01F34D25-4DE2-23AD-3FF3-36353FF323F1
Install PPI: 4D8B155B-C059-4C8F-8926-06FD4331DB8A
Install PPI: A60C6B59-E459-425D-9C69-0BCC9CB27D81
Register PPI Notify: 605EA650-C65C-42E1-BA80-91A52AB618C6
Loading PEIM A3610442-E69F-4DF3-82CA-2360C4031A23
Loading PEIM at 0x00000841640 EntryPoint=0x00000842978 ReportStatusCodeRouterPei.efi
Install PPI: 0065D394-9951-4144-82A3-0AFC8579C251
Install PPI: 229832D3-7A30-4B36-B827-F40CB7D45436
Loading PEIM 9D225237-FA01-464C-A949-BAABC02D31D0
Loading PEIM at 0x000008436C0 EntryPoint=0x000008448B7 StatusCodeHandlerPei.efi
Loading PEIM FCB3A3D6-6274-411C-A548-BD0E717D533A
Loading PEIM at 0x000008455C0 EntryPoint=0x000008472F4 TdTcg2Pei.efi
Loading PEIM 222C386D-5ABC-4FB4-B124-FBB82488ACF4
Loading PEIM at 0x000008489C0 EntryPoint=0x000008550DC PlatformPei.efi
Platform PEIM Loaded
Select Item: 0x0
Select Item: 0x1
QemuFwCfgProbe: Supported 1, DMA 1
Select Item: 0x19
Select Item: 0x19
Select Item: 0x19
Select Item: 0x19
Select Item: 0x19
Select Item: 0x19
Select Item: 0x19
Select Item: 0x19
Select Item: 0x0
Cache FwCfg Name: QemuFwCfgSignature Item:0x0 Size: 0x4 
Select Item: 0x1
Cache FwCfg Name: QemuFwCfgInterfaceVersion Item:0x1 Size: 0x4 
Select Item: 0x19
Cache FwCfg Name: QemuFwCfgFileDri Item:0x19 Size: 0x404 
Select Item: 0x25
Cache FwCfg Name: etc/e820 Item:0x25 Size: 0x3C 
Select Item: 0x2B
Cache FwCfg Name: etc/system-states Item:0x2B Size: 0x6 
Select Item: 0xE
Cache FwCfg Name: BootMenu Item:0xE Size: 0x2 
Select Item: 0x21
Cache FwCfg Name: bootorder Item:0x21 Size: 0x48 
QemuFwCfgInitCache Pass!!!
CMOS:
00: 39 00 21 00 13 00 01 03 05 26 26 02 00 80 00 00
10: 00 00 00 00 06 80 02 FF FF 00 00 00 00 00 00 00
20: 00 00 00 00 00 00 00 00 00 00 00 00 00 00 00 00
30: FF FF 20 00 00 7F 00 20 30 00 00 00 00 12 00 00
40: 00 00 00 00 00 00 00 00 00 00 00 00 00 00 00 00
50: 00 00 00 00 00 00 00 00 00 00 00 00 80 01 00 0F
60: 00 00 00 00 00 00 00 00 00 00 00 00 00 00 00 00
70: 00 00 00 00 00 00 00 00 00 00 00 00 00 00 00 00
Select Item: 0x19
Select Item: 0x2B
S3 support was detected on QEMU
Install PPI: 7408D748-FC8C-4EE6-9288-C4BEC092A410
Select Item: 0x19
Select Item: 0x19
Select Item: 0x25
PlatformGetFirstNonAddressCB: FirstNonAddress=0x280000000
Select Item: 0x19
Select Item: 0x19
PlatformSetupPagingLevel: using 4-level paging (PcdUse5LevelPageTable disabled)
PlatformAddressWidthFromCpuid: Signature: 'AuthenticAMD', PhysBits: 48, GuestPhysBits: 0, QemuQuirk: On, la57: Off, Valid: Yes
PlatformAddressWidthFromCpuid: limit PhysBits to 46 (4-level paging)
PlatformDynamicMmioWindow: using dynamic mmio window
PlatformDynamicMmioWindow:   Addr Space 0x400000000000 (65536 GB)
PlatformDynamicMmioWindow:   MMIO Space 0x80000000000 (8192 GB)
Select Item: 0x19
Select Item: 0x25
PlatformDynamicMmioWindow:   Pci64 Base 0x380000000000
PlatformDynamicMmioWindow:   Pci64 Size 0x80000000000
AddressWidthInitialization: Pci64Base=0x380000000000 Pci64Size=0x80000000000
Select Item: 0x5
PlatformMaxCpuCountInitialization: BootCpuCount=16 MaxCpuCount=16
Select Item: 0x19
Select Item: 0x25
PlatformGetLowMemoryCB: LowMemory=0x80000000
GetPeiMemoryCap: page tables:    520 KB (1/1/128/0 pages for levels 5/4/3/2)
GetPeiMemoryCap: ap stacks:      512 KB (16 cpus)
GetPeiMemoryCap: memory cap:   66568 KB
PublishPeiMemory: PhysMemAddressWidth=46 PeiMemoryCap=66568 KB
PeiInstallPeiMemory MemoryBegin 0x7BDFE000, MemoryLength 0x4102000
Select Item: 0x19
Select Item: 0x25
PlatformQemuInitializeRam called
PlatformIgvmParamReserve: 0x812000 +0x1000
Select Item: 0x19
Select Item: 0x25
Select Item: 0x19
Select Item: 0x25
PlatformAddHobCB: Reserved [0xFEFFC000, 0xFF000000)
PlatformAddHobCB: HighMemory [0x100000000, 0x280000000)
SecCoreStartupWithStack(0xFFFCC000, 0x820000)
Register PPI Notify: DCD0BE23-9586-40F4-B643-06522CED4EDE
Install PPI: 8C8CE578-8A3D-4F1C-9935-896185C32DD3
Install PPI: 5473C07A-3DCB-4DCA-BD6F-1E9689E7349A
The 0th FV[6938079B-B503-4E3D-9D24-B28337A25806] start address is 0x00000830000, size is 0x000D0000, handle is 0x830000
Register PPI Notify: 49EDB1C1-BF21-4761-BB12-EB0031AABB39
Register PPI Notify: EA7CA24B-DED5-4DAD-A389-BF827E8F9B38
Install PPI: B9E0ABFE-5979-4914-977F-6DEE78C278A6
Install PPI: DBE23AA9-A345-4B97-85B6-B226F1617389
Install PPI: 138F9CF4-F0E7-4721-8F49-F5FFECF42D40
Install PPI: 869C711D-649C-44FE-8B9E-2CBB2911C3E6
Register PPI Notify: 605EA650-C65C-42E1-BA80-91A52AB618C6
DiscoverPeimsAndOrderWithApriori(): Found 0x9 PEI FFS files in the 0th FV
Loading PEIM 9B3ADA4F-AE56-4C24-8DEA-F03B7558AE50
Loading PEIM at 0x0000083CAC0 EntryPoint=0x0000083FB5E PcdPeim.efi
Install PPI: 06E81C58-4AD7-44BC-8390-F10265F72480
Install PPI: 01F34D25-4DE2-23AD-3FF3-36353FF323F1
Install PPI: 4D8B155B-C059-4C8F-8926-06FD4331DB8A
Install PPI: A60C6B59-E459-425D-9C69-0BCC9CB27D81
Register PPI Notify: 605EA650-C65C-42E1-BA80-91A52AB618C6
Loading PEIM A3610442-E69F-4DF3-82CA-2360C4031A23
Loading PEIM at 0x00000841640 EntryPoint=0x00000842978 ReportStatusCodeRouterPei.efi
Install PPI: 0065D394-9951-4144-82A3-0AFC8579C251
Install PPI: 229832D3-7A30-4B36-B827-F40CB7D45436
Loading PEIM 9D225237-FA01-464C-A949-BAABC02D31D0
Loading PEIM at 0x000008436C0 EntryPoint=0x000008448B7 StatusCodeHandlerPei.efi
Loading PEIM FCB3A3D6-6274-411C-A548-BD0E717D533A
Loading PEIM at 0x000008455C0 EntryPoint=0x000008472F4 TdTcg2Pei.efi
Loading PEIM 222C386D-5ABC-4FB4-B124-FBB82488ACF4
Loading PEIM at 0x000008489C0 EntryPoint=0x000008550DC PlatformPei.efi
Platform PEIM Loaded
Select Item: 0x0
Select Item: 0x1
QemuFwCfgProbe: Supported 1, DMA 1
Select Item: 0x19
Select Item: 0x19
Select Item: 0x19
Select Item: 0x19
Select Item: 0x19
Select Item: 0x19
Select Item: 0x19
Select Item: 0x19
Select Item: 0x0
Cache FwCfg Name: QemuFwCfgSignature Item:0x0 Size: 0x4 
Select Item: 0x1
Cache FwCfg Name: QemuFwCfgInterfaceVersion Item:0x1 Size: 0x4 
Select Item: 0x19
Cache FwCfg Name: QemuFwCfgFileDri Item:0x19 Size: 0x404 
Select Item: 0x25
Cache FwCfg Name: etc/e820 Item:0x25 Size: 0x3C 
Select Item: 0x2B
Cache FwCfg Name: etc/system-states Item:0x2B Size: 0x6 
Select Item: 0xE
Cache FwCfg Name: BootMenu Item:0xE Size: 0x2 
Select Item: 0x21
Cache FwCfg Name: bootorder Item:0x21 Size: 0x48 
QemuFwCfgInitCache Pass!!!
CMOS:
00: 40 00 21 00 13 00 01 03 05 26 26 02 00 80 00 00
10: 00 00 00 00 06 80 02 FF FF 00 00 00 00 00 00 00
20: 00 00 00 00 00 00 00 00 00 00 00 00 00 00 00 00
30: FF FF 20 00 00 7F 00 20 30 00 00 00 00 12 00 00
40: 00 00 00 00 00 00 00 00 00 00 00 00 00 00 00 00
50: 00 00 00 00 00 00 00 00 00 00 00 00 80 01 00 0F
60: 00 00 00 00 00 00 00 00 00 00 00 00 00 00 00 00
70: 00 00 00 00 00 00 00 00 00 00 00 00 00 00 00 00
Select Item: 0x19
Select Item: 0x2B
S3 support was detected on QEMU
Install PPI: 7408D748-FC8C-4EE6-9288-C4BEC092A410
Select Item: 0x19
Select Item: 0x19
Select Item: 0x25
PlatformGetFirstNonAddressCB: FirstNonAddress=0x280000000
Select Item: 0x19
Select Item: 0x19
PlatformSetupPagingLevel: using 4-level paging (PcdUse5LevelPageTable disabled)
PlatformAddressWidthFromCpuid: Signature: 'AuthenticAMD', PhysBits: 48, GuestPhysBits: 0, QemuQuirk: On, la57: Off, Valid: Yes
PlatformAddressWidthFromCpuid: limit PhysBits to 46 (4-level paging)
PlatformDynamicMmioWindow: using dynamic mmio window
PlatformDynamicMmioWindow:   Addr Space 0x400000000000 (65536 GB)
PlatformDynamicMmioWindow:   MMIO Space 0x80000000000 (8192 GB)
Select Item: 0x19
Select Item: 0x25
PlatformDynamicMmioWindow:   Pci64 Base 0x380000000000
PlatformDynamicMmioWindow:   Pci64 Size 0x80000000000
AddressWidthInitialization: Pci64Base=0x380000000000 Pci64Size=0x80000000000
Select Item: 0x5
PlatformMaxCpuCountInitialization: BootCpuCount=16 MaxCpuCount=16
Select Item: 0x19
Select Item: 0x25
PlatformGetLowMemoryCB: LowMemory=0x80000000
GetPeiMemoryCap: page tables:    520 KB (1/1/128/0 pages for levels 5/4/3/2)
GetPeiMemoryCap: ap stacks:      512 KB (16 cpus)
GetPeiMemoryCap: memory cap:   66568 KB
PublishPeiMemory: PhysMemAddressWidth=46 PeiMemoryCap=66568 KB
PeiInstallPeiMemory MemoryBegin 0x7BDFE000, MemoryLength 0x4102000
Select Item: 0x19
Select Item: 0x25
PlatformQemuInitializeRam called
PlatformIgvmParamReserve: 0x812000 +0x1000
Select Item: 0x19
Select Item: 0x25
Select Item: 0x19
Select Item: 0x25
PlatformAddHobCB: Reserved [0xFEFFC000, 0xFF000000)
PlatformAddHobCB: HighMemory [0x100000000, 0x280000000)
SecCoreStartupWithStack(0xFFFCC000, 0x820000)
Register PPI Notify: DCD0BE23-9586-40F4-B643-06522CED4EDE
Install PPI: 8C8CE578-8A3D-4F1C-9935-896185C32DD3
Install PPI: 5473C07A-3DCB-4DCA-BD6F-1E9689E7349A
The 0th FV[6938079B-B503-4E3D-9D24-B28337A25806] start address is 0x00000830000, size is 0x000D0000, handle is 0x830000
Register PPI Notify: 49EDB1C1-BF21-4761-BB12-EB0031AABB39
Register PPI Notify: EA7CA24B-DED5-4DAD-A389-BF827E8F9B38
Install PPI: B9E0ABFE-5979-4914-977F-6DEE78C278A6
Install PPI: DBE23AA9-A345-4B97-85B6-B226F1617389
Install PPI: 138F9CF4-F0E7-4721-8F49-F5FFECF42D40
Install PPI: 869C711D-649C-44FE-8B9E-2CBB2911C3E6
Register PPI Notify: 605EA650-C65C-42E1-BA80-91A52AB618C6
DiscoverPeimsAndOrderWithApriori(): Found 0x9 PEI FFS files in the 0th FV
Loading PEIM 9B3ADA4F-AE56-4C24-8DEA-F03B7558AE50
Loading PEIM at 0x0000083CAC0 EntryPoint=0x0000083FB5E PcdPeim.efi
Install PPI: 06E81C58-4AD7-44BC-8390-F10265F72480
Install PPI: 01F34D25-4DE2-23AD-3FF3-36353FF323F1
Install PPI: 4D8B155B-C059-4C8F-8926-06FD4331DB8A
Install PPI: A60C6B59-E459-425D-9C69-0BCC9CB27D81
Register PPI Notify: 605EA650-C65C-42E1-BA80-91A52AB618C6
Loading PEIM A3610442-E69F-4DF3-82CA-2360C4031A23
Loading PEIM at 0x00000841640 EntryPoint=0x00000842978 ReportStatusCodeRouterPei.efi
Install PPI: 0065D394-9951-4144-82A3-0AFC8579C251
Install PPI: 229832D3-7A30-4B36-B827-F40CB7D45436
Loading PEIM 9D225237-FA01-464C-A949-BAABC02D31D0
Loading PEIM at 0x000008436C0 EntryPoint=0x000008448B7 StatusCodeHandlerPei.efi
Loading PEIM FCB3A3D6-6274-411C-A548-BD0E717D533A
Loading PEIM at 0x000008455C0 EntryPoint=0x000008472F4 TdTcg2Pei.efi
Loading PEIM 222C386D-5ABC-4FB4-B124-FBB82488ACF4
Loading PEIM at 0x000008489C0 EntryPoint=0x000008550DC PlatformPei.efi
Platform PEIM Loaded
Select Item: 0x0
Select Item: 0x1
QemuFwCfgProbe: Supported 1, DMA 1
Select Item: 0x19
Select Item: 0x19
Select Item: 0x19
Select Item: 0x19
Select Item: 0x19
Select Item: 0x19
Select Item: 0x19
Select Item: 0x19
Select Item: 0x0
Cache FwCfg Name: QemuFwCfgSignature Item:0x0 Size: 0x4 
Select Item: 0x1
Cache FwCfg Name: QemuFwCfgInterfaceVersion Item:0x1 Size: 0x4 
Select Item: 0x19
Cache FwCfg Name: QemuFwCfgFileDri Item:0x19 Size: 0x404 
Select Item: 0x25
Cache FwCfg Name: etc/e820 Item:0x25 Size: 0x3C 
Select Item: 0x2B
Cache FwCfg Name: etc/system-states Item:0x2B Size: 0x6 
Select Item: 0xE
Cache FwCfg Name: BootMenu Item:0xE Size: 0x2 
Select Item: 0x21
Cache FwCfg Name: bootorder Item:0x21 Size: 0x48 
QemuFwCfgInitCache Pass!!!
CMOS:
00: 41 00 21 00 13 00 01 03 05 26 26 02 10 80 00 00
10: 00 00 00 00 06 80 02 FF FF 00 00 00 00 00 00 00
20: 00 00 00 00 00 00 00 00 00 00 00 00 00 00 00 00
30: FF FF 20 00 00 7F 00 20 30 00 00 00 00 12 00 00
40: 00 00 00 00 00 00 00 00 00 00 00 00 00 00 00 00
50: 00 00 00 00 00 00 00 00 00 00 00 00 80 01 00 0F
60: 00 00 00 00 00 00 00 00 00 00 00 00 00 00 00 00
70: 00 00 00 00 00 00 00 00 00 00 00 00 00 00 00 00
Select Item: 0x19
Select Item: 0x2B
S3 support was detected on QEMU
Install PPI: 7408D748-FC8C-4EE6-9288-C4BEC092A410
Select Item: 0x19
Select Item: 0x19
Select Item: 0x25
PlatformGetFirstNonAddressCB: FirstNonAddress=0x280000000
Select Item: 0x19
Select Item: 0x19
PlatformSetupPagingLevel: using 4-level paging (PcdUse5LevelPageTable disabled)
PlatformAddressWidthFromCpuid: Signature: 'AuthenticAMD', PhysBits: 48, GuestPhysBits: 0, QemuQuirk: On, la57: Off, Valid: Yes
PlatformAddressWidthFromCpuid: limit PhysBits to 46 (4-level paging)
PlatformDynamicMmioWindow: using dynamic mmio window
PlatformDynamicMmioWindow:   Addr Space 0x400000000000 (65536 GB)
PlatformDynamicMmioWindow:   MMIO Space 0x80000000000 (8192 GB)
Select Item: 0x19
Select Item: 0x25
PlatformDynamicMmioWindow:   Pci64 Base 0x380000000000
PlatformDynamicMmioWindow:   Pci64 Size 0x80000000000
AddressWidthInitialization: Pci64Base=0x380000000000 Pci64Size=0x80000000000
Select Item: 0x5
PlatformMaxCpuCountInitialization: BootCpuCount=16 MaxCpuCount=16
Select Item: 0x19
Select Item: 0x25
PlatformGetLowMemoryCB: LowMemory=0x80000000
GetPeiMemoryCap: page tables:    520 KB (1/1/128/0 pages for levels 5/4/3/2)
GetPeiMemoryCap: ap stacks:      512 KB (16 cpus)
GetPeiMemoryCap: memory cap:   66568 KB
PublishPeiMemory: PhysMemAddressWidth=46 PeiMemoryCap=66568 KB
PeiInstallPeiMemory MemoryBegin 0x7BDFE000, MemoryLength 0x4102000
Select Item: 0x19
Select Item: 0x25
PlatformQemuInitializeRam called
PlatformIgvmParamReserve: 0x812000 +0x1000
Select Item: 0x19
Select Item: 0x25
Select Item: 0x19
Select Item: 0x25
PlatformAddHobCB: Reserved [0xFEFFC000, 0xFF000000)
PlatformAddHobCB: HighMemory [0x100000000, 0x280000000)
SecCoreStartupWithStack(0xFFFCC000, 0x820000)
Register PPI Notify: DCD0BE23-9586-40F4-B643-06522CED4EDE
Install PPI: 8C8CE578-8A3D-4F1C-9935-896185C32DD3
Install PPI: 5473C07A-3DCB-4DCA-BD6F-1E9689E7349A
The 0th FV[6938079B-B503-4E3D-9D24-B28337A25806] start address is 0x00000830000, size is 0x000D0000, handle is 0x830000
Register PPI Notify: 49EDB1C1-BF21-4761-BB12-EB0031AABB39
Register PPI Notify: EA7CA24B-DED5-4DAD-A389-BF827E8F9B38
Install PPI: B9E0ABFE-5979-4914-977F-6DEE78C278A6
Install PPI: DBE23AA9-A345-4B97-85B6-B226F1617389
Install PPI: 138F9CF4-F0E7-4721-8F49-F5FFECF42D40
Install PPI: 869C711D-649C-44FE-8B9E-2CBB2911C3E6
Register PPI Notify: 605EA650-C65C-42E1-BA80-91A52AB618C6
DiscoverPeimsAndOrderWithApriori(): Found 0x9 PEI FFS files in the 0th FV
Loading PEIM 9B3ADA4F-AE56-4C24-8DEA-F03B7558AE50
Loading PEIM at 0x0000083CAC0 EntryPoint=0x0000083FB5E PcdPeim.efi
Install PPI: 06E81C58-4AD7-44BC-8390-F10265F72480
Install PPI: 01F34D25-4DE2-23AD-3FF3-36353FF323F1
Install PPI: 4D8B155B-C059-4C8F-8926-06FD4331DB8A
Install PPI: A60C6B59-E459-425D-9C69-0BCC9CB27D81
Register PPI Notify: 605EA650-C65C-42E1-BA80-91A52AB618C6
Loading PEIM A3610442-E69F-4DF3-82CA-2360C4031A23
Loading PEIM at 0x00000841640 EntryPoint=0x00000842978 ReportStatusCodeRouterPei.efi
Install PPI: 0065D394-9951-4144-82A3-0AFC8579C251
Install PPI: 229832D3-7A30-4B36-B827-F40CB7D45436
Loading PEIM 9D225237-FA01-464C-A949-BAABC02D31D0
Loading PEIM at 0x000008436C0 EntryPoint=0x000008448B7 StatusCodeHandlerPei.efi
Loading PEIM FCB3A3D6-6274-411C-A548-BD0E717D533A
Loading PEIM at 0x000008455C0 EntryPoint=0x000008472F4 TdTcg2Pei.efi
Loading PEIM 222C386D-5ABC-4FB4-B124-FBB82488ACF4
Loading PEIM at 0x000008489C0 EntryPoint=0x000008550DC PlatformPei.efi
Platform PEIM Loaded
Select Item: 0x0
Select Item: 0x1
QemuFwCfgProbe: Supported 1, DMA 1
Select Item: 0x19
Select Item: 0x19
Select Item: 0x19
Select Item: 0x19
Select Item: 0x19
Select Item: 0x19
Select Item: 0x19
Select Item: 0x19
Select Item: 0x0
Cache FwCfg Name: QemuFwCfgSignature Item:0x0 Size: 0x4 
Select Item: 0x1
Cache FwCfg Name: QemuFwCfgInterfaceVersion Item:0x1 Size: 0x4 
Select Item: 0x19
Cache FwCfg Name: QemuFwCfgFileDri Item:0x19 Size: 0x404 
Select Item: 0x25
Cache FwCfg Name: etc/e820 Item:0x25 Size: 0x3C 
Select Item: 0x2B
Cache FwCfg Name: etc/system-states Item:0x2B Size: 0x6 
Select Item: 0xE
Cache FwCfg Name: BootMenu Item:0xE Size: 0x2 
Select Item: 0x21
Cache FwCfg Name: bootorder Item:0x21 Size: 0x48 
QemuFwCfgInitCache Pass!!!
CMOS:
00: 41 00 21 00 13 00 01 03 05 26 26 02 00 80 00 00
10: 00 00 00 00 06 80 02 FF FF 00 00 00 00 00 00 00
20: 00 00 00 00 00 00 00 00 00 00 00 00 00 00 00 00
30: FF FF 20 00 00 7F 00 20 30 00 00 00 00 12 00 00
40: 00 00 00 00 00 00 00 00 00 00 00 00 00 00 00 00
50: 00 00 00 00 00 00 00 00 00 00 00 00 80 01 00 0F
60: 00 00 00 00 00 00 00 00 00 00 00 00 00 00 00 00
70: 00 00 00 00 00 00 00 00 00 00 00 00 00 00 00 00
Select Item: 0x19
Select Item: 0x2B
S3 support was detected on QEMU
Install PPI: 7408D748-FC8C-4EE6-9288-C4BEC092A410
Select Item: 0x19
Select Item: 0x19
Select Item: 0x25
PlatformGetFirstNonAddressCB: FirstNonAddress=0x280000000
Select Item: 0x19
Select Item: 0x19
PlatformSetupPagingLevel: using 4-level paging (PcdUse5LevelPageTable disabled)
PlatformAddressWidthFromCpuid: Signature: 'AuthenticAMD', PhysBits: 48, GuestPhysBits: 0, QemuQuirk: On, la57: Off, Valid: Yes
PlatformAddressWidthFromCpuid: limit PhysBits to 46 (4-level paging)
PlatformDynamicMmioWindow: using dynamic mmio window
PlatformDynamicMmioWindow:   Addr Space 0x400000000000 (65536 GB)
PlatformDynamicMmioWindow:   MMIO Space 0x80000000000 (8192 GB)
Select Item: 0x19
Select Item: 0x25
PlatformDynamicMmioWindow:   Pci64 Base 0x380000000000
PlatformDynamicMmioWindow:   Pci64 Size 0x80000000000
AddressWidthInitialization: Pci64Base=0x380000000000 Pci64Size=0x80000000000
Select Item: 0x5
PlatformMaxCpuCountInitialization: BootCpuCount=16 MaxCpuCount=16
Select Item: 0x19
Select Item: 0x25
PlatformGetLowMemoryCB: LowMemory=0x80000000
GetPeiMemoryCap: page tables:    520 KB (1/1/128/0 pages for levels 5/4/3/2)
GetPeiMemoryCap: ap stacks:      512 KB (16 cpus)
GetPeiMemoryCap: memory cap:   66568 KB
PublishPeiMemory: PhysMemAddressWidth=46 PeiMemoryCap=66568 KB
PeiInstallPeiMemory MemoryBegin 0x7BDFE000, MemoryLength 0x4102000
Select Item: 0x19
Select Item: 0x25
PlatformQemuInitializeRam called
PlatformIgvmParamReserve: 0x812000 +0x1000
Select Item: 0x19
Select Item: 0x25
Select Item: 0x19
Select Item: 0x25
PlatformAddHobCB: Reserved [0xFEFFC000, 0xFF000000)
PlatformAddHobCB: HighMemory [0x100000000, 0x280000000)
SecCoreStartupWithStack(0xFFFCC000, 0x820000)
Register PPI Notify: DCD0BE23-9586-40F4-B643-06522CED4EDE
Install PPI: 8C8CE578-8A3D-4F1C-9935-896185C32DD3
Install PPI: 5473C07A-3DCB-4DCA-BD6F-1E9689E7349A
The 0th FV[6938079B-B503-4E3D-9D24-B28337A25806] start address is 0x00000830000, size is 0x000D0000, handle is 0x830000
Register PPI Notify: 49EDB1C1-BF21-4761-BB12-EB0031AABB39
Register PPI Notify: EA7CA24B-DED5-4DAD-A389-BF827E8F9B38
Install PPI: B9E0ABFE-5979-4914-977F-6DEE78C278A6
Install PPI: DBE23AA9-A345-4B97-85B6-B226F1617389
Install PPI: 138F9CF4-F0E7-4721-8F49-F5FFECF42D40
Install PPI: 869C711D-649C-44FE-8B9E-2CBB2911C3E6
Register PPI Notify: 605EA650-C65C-42E1-BA80-91A52AB618C6
DiscoverPeimsAndOrderWithApriori(): Found 0x9 PEI FFS files in the 0th FV
Loading PEIM 9B3ADA4F-AE56-4C24-8DEA-F03B7558AE50
Loading PEIM at 0x0000083CAC0 EntryPoint=0x0000083FB5E PcdPeim.efi
Install PPI: 06E81C58-4AD7-44BC-8390-F10265F72480
Install PPI: 01F34D25-4DE2-23AD-3FF3-36353FF323F1
Install PPI: 4D8B155B-C059-4C8F-8926-06FD4331DB8A
Install PPI: A60C6B59-E459-425D-9C69-0BCC9CB27D81
Register PPI Notify: 605EA650-C65C-42E1-BA80-91A52AB618C6
Loading PEIM A3610442-E69F-4DF3-82CA-2360C4031A23
Loading PEIM at 0x00000841640 EntryPoint=0x00000842978 ReportStatusCodeRouterPei.efi
Install PPI: 0065D394-9951-4144-82A3-0AFC8579C251
Install PPI: 229832D3-7A30-4B36-B827-F40CB7D45436
Loading PEIM 9D225237-FA01-464C-A949-BAABC02D31D0
Loading PEIM at 0x000008436C0 EntryPoint=0x000008448B7 StatusCodeHandlerPei.efi
Loading PEIM FCB3A3D6-6274-411C-A548-BD0E717D533A
Loading PEIM at 0x000008455C0 EntryPoint=0x000008472F4 TdTcg2Pei.efi
Loading PEIM 222C386D-5ABC-4FB4-B124-FBB82488ACF4
Loading PEIM at 0x000008489C0 EntryPoint=0x000008550DC PlatformPei.efi
Platform PEIM Loaded
Select Item: 0x0
Select Item: 0x1
QemuFwCfgProbe: Supported 1, DMA 1
Select Item: 0x19
Select Item: 0x19
Select Item: 0x19
Select Item: 0x19
Select Item: 0x19
Select Item: 0x19
Select Item: 0x19
Select Item: 0x19
Select Item: 0x0
Cache FwCfg Name: QemuFwCfgSignature Item:0x0 Size: 0x4 
Select Item: 0x1
Cache FwCfg Name: QemuFwCfgInterfaceVersion Item:0x1 Size: 0x4 
Select Item: 0x19
Cache FwCfg Name: QemuFwCfgFileDri Item:0x19 Size: 0x404 
Select Item: 0x25
Cache FwCfg Name: etc/e820 Item:0x25 Size: 0x3C 
Select Item: 0x2B
Cache FwCfg Name: etc/system-states Item:0x2B Size: 0x6 
Select Item: 0xE
Cache FwCfg Name: BootMenu Item:0xE Size: 0x2 
Select Item: 0x21
Cache FwCfg Name: bootorder Item:0x21 Size: 0x48 
QemuFwCfgInitCache Pass!!!
CMOS:
00: 42 00 21 00 13 00 01 03 05 26 26 02 10 80 00 00
10: 00 00 00 00 06 80 02 FF FF 00 00 00 00 00 00 00
20: 00 00 00 00 00 00 00 00 00 00 00 00 00 00 00 00
30: FF FF 20 00 00 7F 00 20 30 00 00 00 00 12 00 00
40: 00 00 00 00 00 00 00 00 00 00 00 00 00 00 00 00
50: 00 00 00 00 00 00 00 00 00 00 00 00 80 01 00 0F
60: 00 00 00 00 00 00 00 00 00 00 00 00 00 00 00 00
70: 00 00 00 00 00 00 00 00 00 00 00 00 00 00 00 00
Select Item: 0x19
Select Item: 0x2B
S3 support was detected on QEMU
Install PPI: 7408D748-FC8C-4EE6-9288-C4BEC092A410
Select Item: 0x19
Select Item: 0x19
Select Item: 0x25
PlatformGetFirstNonAddressCB: FirstNonAddress=0x280000000
Select Item: 0x19
Select Item: 0x19
PlatformSetupPagingLevel: using 4-level paging (PcdUse5LevelPageTable disabled)
PlatformAddressWidthFromCpuid: Signature: 'AuthenticAMD', PhysBits: 48, GuestPhysBits: 0, QemuQuirk: On, la57: Off, Valid: Yes
PlatformAddressWidthFromCpuid: limit PhysBits to 46 (4-level paging)
PlatformDynamicMmioWindow: using dynamic mmio window
PlatformDynamicMmioWindow:   Addr Space 0x400000000000 (65536 GB)
PlatformDynamicMmioWindow:   MMIO Space 0x80000000000 (8192 GB)
Select Item: 0x19
Select Item: 0x25
PlatformDynamicMmioWindow:   Pci64 Base 0x380000000000
PlatformDynamicMmioWindow:   Pci64 Size 0x80000000000
AddressWidthInitialization: Pci64Base=0x380000000000 Pci64Size=0x80000000000
Select Item: 0x5
PlatformMaxCpuCountInitialization: BootCpuCount=16 MaxCpuCount=16
Select Item: 0x19
Select Item: 0x25
PlatformGetLowMemoryCB: LowMemory=0x80000000
GetPeiMemoryCap: page tables:    520 KB (1/1/128/0 pages for levels 5/4/3/2)
GetPeiMemoryCap: ap stacks:      512 KB (16 cpus)
GetPeiMemoryCap: memory cap:   66568 KB
PublishPeiMemory: PhysMemAddressWidth=46 PeiMemoryCap=66568 KB
PeiInstallPeiMemory MemoryBegin 0x7BDFE000, MemoryLength 0x4102000
Select Item: 0x19
Select Item: 0x25
PlatformQemuInitializeRam called
PlatformIgvmParamReserve: 0x812000 +0x1000
Select Item: 0x19
Select Item: 0x25
Select Item: 0x19
Select Item: 0x25
PlatformAddHobCB: Reserved [0xFEFFC000, 0xFF000000)
PlatformAddHobCB: HighMemory [0x100000000, 0x280000000)
SecCoreStartupWithStack(0xFFFCC000, 0x820000)
Register PPI Notify: DCD0BE23-9586-40F4-B643-06522CED4EDE
Install PPI: 8C8CE578-8A3D-4F1C-9935-896185C32DD3
Install PPI: 5473C07A-3DCB-4DCA-BD6F-1E9689E7349A
The 0th FV[6938079B-B503-4E3D-9D24-B28337A25806] start address is 0x00000830000, size is 0x000D0000, handle is 0x830000
Register PPI Notify: 49EDB1C1-BF21-4761-BB12-EB0031AABB39
Register PPI Notify: EA7CA24B-DED5-4DAD-A389-BF827E8F9B38
Install PPI: B9E0ABFE-5979-4914-977F-6DEE78C278A6
Install PPI: DBE23AA9-A345-4B97-85B6-B226F1617389
Install PPI: 138F9CF4-F0E7-4721-8F49-F5FFECF42D40
Install PPI: 869C711D-649C-44FE-8B9E-2CBB2911C3E6
Register PPI Notify: 605EA650-C65C-42E1-BA80-91A52AB618C6
DiscoverPeimsAndOrderWithApriori(): Found 0x9 PEI FFS files in the 0th FV
Loading PEIM 9B3ADA4F-AE56-4C24-8DEA-F03B7558AE50
Loading PEIM at 0x0000083CAC0 EntryPoint=0x0000083FB5E PcdPeim.efi
Install PPI: 06E81C58-4AD7-44BC-8390-F10265F72480
Install PPI: 01F34D25-4DE2-23AD-3FF3-36353FF323F1
Install PPI: 4D8B155B-C059-4C8F-8926-06FD4331DB8A
Install PPI: A60C6B59-E459-425D-9C69-0BCC9CB27D81
Register PPI Notify: 605EA650-C65C-42E1-BA80-91A52AB618C6
Loading PEIM A3610442-E69F-4DF3-82CA-2360C4031A23
Loading PEIM at 0x00000841640 EntryPoint=0x00000842978 ReportStatusCodeRouterPei.efi
Install PPI: 0065D394-9951-4144-82A3-0AFC8579C251
Install PPI: 229832D3-7A30-4B36-B827-F40CB7D45436
Loading PEIM 9D225237-FA01-464C-A949-BAABC02D31D0
Loading PEIM at 0x000008436C0 EntryPoint=0x000008448B7 StatusCodeHandlerPei.efi
Loading PEIM FCB3A3D6-6274-411C-A548-BD0E717D533A
Loading PEIM at 0x000008455C0 EntryPoint=0x000008472F4 TdTcg2Pei.efi
Loading PEIM 222C386D-5ABC-4FB4-B124-FBB82488ACF4
Loading PEIM at 0x000008489C0 EntryPoint=0x000008550DC PlatformPei.efi
Platform PEIM Loaded
Select Item: 0x0
Select Item: 0x1
QemuFwCfgProbe: Supported 1, DMA 1
Select Item: 0x19
Select Item: 0x19
Select Item: 0x19
Select Item: 0x19
Select Item: 0x19
Select Item: 0x19
Select Item: 0x19
Select Item: 0x19
Select Item: 0x0
Cache FwCfg Name: QemuFwCfgSignature Item:0x0 Size: 0x4 
Select Item: 0x1
Cache FwCfg Name: QemuFwCfgInterfaceVersion Item:0x1 Size: 0x4 
Select Item: 0x19
Cache FwCfg Name: QemuFwCfgFileDri Item:0x19 Size: 0x404 
Select Item: 0x25
Cache FwCfg Name: etc/e820 Item:0x25 Size: 0x3C 
Select Item: 0x2B
Cache FwCfg Name: etc/system-states Item:0x2B Size: 0x6 
Select Item: 0xE
Cache FwCfg Name: BootMenu Item:0xE Size: 0x2 
Select Item: 0x21
Cache FwCfg Name: bootorder Item:0x21 Size: 0x48 
QemuFwCfgInitCache Pass!!!
CMOS:
00: 43 00 21 00 13 00 01 03 05 26 26 02 10 80 00 00
10: 00 00 00 00 06 80 02 FF FF 00 00 00 00 00 00 00
20: 00 00 00 00 00 00 00 00 00 00 00 00 00 00 00 00
30: FF FF 20 00 00 7F 00 20 30 00 00 00 00 12 00 00
40: 00 00 00 00 00 00 00 00 00 00 00 00 00 00 00 00
50: 00 00 00 00 00 00 00 00 00 00 00 00 80 01 00 0F
60: 00 00 00 00 00 00 00 00 00 00 00 00 00 00 00 00
70: 00 00 00 00 00 00 00 00 00 00 00 00 00 00 00 00
Select Item: 0x19
Select Item: 0x2B
S3 support was detected on QEMU
Install PPI: 7408D748-FC8C-4EE6-9288-C4BEC092A410
Select Item: 0x19
Select Item: 0x19
Select Item: 0x25
PlatformGetFirstNonAddressCB: FirstNonAddress=0x280000000
Select Item: 0x19
Select Item: 0x19
PlatformSetupPagingLevel: using 4-level paging (PcdUse5LevelPageTable disabled)
PlatformAddressWidthFromCpuid: Signature: 'AuthenticAMD', PhysBits: 48, GuestPhysBits: 0, QemuQuirk: On, la57: Off, Valid: Yes
PlatformAddressWidthFromCpuid: limit PhysBits to 46 (4-level paging)
PlatformDynamicMmioWindow: using dynamic mmio window
PlatformDynamicMmioWindow:   Addr Space 0x400000000000 (65536 GB)
PlatformDynamicMmioWindow:   MMIO Space 0x80000000000 (8192 GB)
Select Item: 0x19
Select Item: 0x25
PlatformDynamicMmioWindow:   Pci64 Base 0x380000000000
PlatformDynamicMmioWindow:   Pci64 Size 0x80000000000
AddressWidthInitialization: Pci64Base=0x380000000000 Pci64Size=0x80000000000
Select Item: 0x5
PlatformMaxCpuCountInitialization: BootCpuCount=16 MaxCpuCount=16
Select Item: 0x19
Select Item: 0x25
PlatformGetLowMemoryCB: LowMemory=0x80000000
GetPeiMemoryCap: page tables:    520 KB (1/1/128/0 pages for levels 5/4/3/2)
GetPeiMemoryCap: ap stacks:      512 KB (16 cpus)
GetPeiMemoryCap: memory cap:   66568 KB
PublishPeiMemory: PhysMemAddressWidth=46 PeiMemoryCap=66568 KB
PeiInstallPeiMemory MemoryBegin 0x7BDFE000, MemoryLength 0x4102000
Select Item: 0x19
Select Item: 0x25
PlatformQemuInitializeRam called
PlatformIgvmParamReserve: 0x812000 +0x1000
Select Item: 0x19
Select Item: 0x25
Select Item: 0x19
Select Item: 0x25
PlatformAddHobCB: Reserved [0xFEFFC000, 0xFF000000)
PlatformAddHobCB: HighMemory [0x100000000, 0x280000000)
SecCoreStartupWithStack(0xFFFCC000, 0x820000)
Register PPI Notify: DCD0BE23-9586-40F4-B643-06522CED4EDE
Install PPI: 8C8CE578-8A3D-4F1C-9935-896185C32DD3
Install PPI: 5473C07A-3DCB-4DCA-BD6F-1E9689E7349A
The 0th FV[6938079B-B503-4E3D-9D24-B28337A25806] start address is 0x00000830000, size is 0x000D0000, handle is 0x830000
Register PPI Notify: 49EDB1C1-BF21-4761-BB12-EB0031AABB39
Register PPI Notify: EA7CA24B-DED5-4DAD-A389-BF827E8F9B38
Install PPI: B9E0ABFE-5979-4914-977F-6DEE78C278A6
Install PPI: DBE23AA9-A345-4B97-85B6-B226F1617389
Install PPI: 138F9CF4-F0E7-4721-8F49-F5FFECF42D40
Install PPI: 869C711D-649C-44FE-8B9E-2CBB2911C3E6
Register PPI Notify: 605EA650-C65C-42E1-BA80-91A52AB618C6
DiscoverPeimsAndOrderWithApriori(): Found 0x9 PEI FFS files in the 0th FV
Loading PEIM 9B3ADA4F-AE56-4C24-8DEA-F03B7558AE50
Loading PEIM at 0x0000083CAC0 EntryPoint=0x0000083FB5E PcdPeim.efi
Install PPI: 06E81C58-4AD7-44BC-8390-F10265F72480
Install PPI: 01F34D25-4DE2-23AD-3FF3-36353FF323F1
Install PPI: 4D8B155B-C059-4C8F-8926-06FD4331DB8A
Install PPI: A60C6B59-E459-425D-9C69-0BCC9CB27D81
Register PPI Notify: 605EA650-C65C-42E1-BA80-91A52AB618C6
Loading PEIM A3610442-E69F-4DF3-82CA-2360C4031A23
Loading PEIM at 0x00000841640 EntryPoint=0x00000842978 ReportStatusCodeRouterPei.efi
Install PPI: 0065D394-9951-4144-82A3-0AFC8579C251
Install PPI: 229832D3-7A30-4B36-B827-F40CB7D45436
Loading PEIM 9D225237-FA01-464C-A949-BAABC02D31D0
Loading PEIM at 0x000008436C0 EntryPoint=0x000008448B7 StatusCodeHandlerPei.efi
Loading PEIM FCB3A3D6-6274-411C-A548-BD0E717D533A
Loading PEIM at 0x000008455C0 EntryPoint=0x000008472F4 TdTcg2Pei.efi
Loading PEIM 222C386D-5ABC-4FB4-B124-FBB82488ACF4
Loading PEIM at 0x000008489C0 EntryPoint=0x000008550DC PlatformPei.efi
Platform PEIM Loaded
Select Item: 0x0
Select Item: 0x1
QemuFwCfgProbe: Supported 1, DMA 1
Select Item: 0x19
Select Item: 0x19
Select Item: 0x19
Select Item: 0x19
Select Item: 0x19
Select Item: 0x19
Select Item: 0x19
Select Item: 0x19
Select Item: 0x0
Cache FwCfg Name: QemuFwCfgSignature Item:0x0 Size: 0x4 
Select Item: 0x1
Cache FwCfg Name: QemuFwCfgInterfaceVersion Item:0x1 Size: 0x4 
Select Item: 0x19
Cache FwCfg Name: QemuFwCfgFileDri Item:0x19 Size: 0x404 
Select Item: 0x25
Cache FwCfg Name: etc/e820 Item:0x25 Size: 0x3C 
Select Item: 0x2B
Cache FwCfg Name: etc/system-states Item:0x2B Size: 0x6 
Select Item: 0xE
Cache FwCfg Name: BootMenu Item:0xE Size: 0x2 
Select Item: 0x21
Cache FwCfg Name: bootorder Item:0x21 Size: 0x48 
QemuFwCfgInitCache Pass!!!
CMOS:
00: 43 00 21 00 13 00 01 03 05 26 26 02 00 80 00 00
10: 00 00 00 00 06 80 02 FF FF 00 00 00 00 00 00 00
20: 00 00 00 00 00 00 00 00 00 00 00 00 00 00 00 00
30: FF FF 20 00 00 7F 00 20 30 00 00 00 00 12 00 00
40: 00 00 00 00 00 00 00 00 00 00 00 00 00 00 00 00
50: 00 00 00 00 00 00 00 00 00 00 00 00 80 01 00 0F
60: 00 00 00 00 00 00 00 00 00 00 00 00 00 00 00 00
70: 00 00 00 00 00 00 00 00 00 00 00 00 00 00 00 00
Select Item: 0x19
Select Item: 0x2B
S3 support was detected on QEMU
Install PPI: 7408D748-FC8C-4EE6-9288-C4BEC092A410
Select Item: 0x19
Select Item: 0x19
Select Item: 0x25
PlatformGetFirstNonAddressCB: FirstNonAddress=0x280000000
Select Item: 0x19
Select Item: 0x19
PlatformSetupPagingLevel: using 4-level paging (PcdUse5LevelPageTable disabled)
PlatformAddressWidthFromCpuid: Signature: 'AuthenticAMD', PhysBits: 48, GuestPhysBits: 0, QemuQuirk: On, la57: Off, Valid: Yes
PlatformAddressWidthFromCpuid: limit PhysBits to 46 (4-level paging)
PlatformDynamicMmioWindow: using dynamic mmio window
PlatformDynamicMmioWindow:   Addr Space 0x400000000000 (65536 GB)
PlatformDynamicMmioWindow:   MMIO Space 0x80000000000 (8192 GB)
Select Item: 0x19
Select Item: 0x25
PlatformDynamicMmioWindow:   Pci64 Base 0x380000000000
PlatformDynamicMmioWindow:   Pci64 Size 0x80000000000
AddressWidthInitialization: Pci64Base=0x380000000000 Pci64Size=0x80000000000
Select Item: 0x5
PlatformMaxCpuCountInitialization: BootCpuCount=16 MaxCpuCount=16
Select Item: 0x19
Select Item: 0x25
PlatformGetLowMemoryCB: LowMemory=0x80000000
GetPeiMemoryCap: page tables:    520 KB (1/1/128/0 pages for levels 5/4/3/2)
GetPeiMemoryCap: ap stacks:      512 KB (16 cpus)
GetPeiMemoryCap: memory cap:   66568 KB
PublishPeiMemory: PhysMemAddressWidth=46 PeiMemoryCap=66568 KB
PeiInstallPeiMemory MemoryBegin 0x7BDFE000, MemoryLength 0x4102000
Select Item: 0x19
Select Item: 0x25
PlatformQemuInitializeRam called
PlatformIgvmParamReserve: 0x812000 +0x1000
Select Item: 0x19
Select Item: 0x25
Select Item: 0x19
Select Item: 0x25
PlatformAddHobCB: Reserved [0xFEFFC000, 0xFF000000)
PlatformAddHobCB: HighMemory [0x100000000, 0x280000000)
SecCoreStartupWithStack(0xFFFCC000, 0x820000)
Register PPI Notify: DCD0BE23-9586-40F4-B643-06522CED4EDE
Install PPI: 8C8CE578-8A3D-4F1C-9935-896185C32DD3
Install PPI: 5473C07A-3DCB-4DCA-BD6F-1E9689E7349A
The 0th FV[6938079B-B503-4E3D-9D24-B28337A25806] start address is 0x00000830000, size is 0x000D0000, handle is 0x830000
Register PPI Notify: 49EDB1C1-BF21-4761-BB12-EB0031AABB39
Register PPI Notify: EA7CA24B-DED5-4DAD-A389-BF827E8F9B38
Install PPI: B9E0ABFE-5979-4914-977F-6DEE78C278A6
Install PPI: DBE23AA9-A345-4B97-85B6-B226F1617389
Install PPI: 138F9CF4-F0E7-4721-8F49-F5FFECF42D40
Install PPI: 869C711D-649C-44FE-8B9E-2CBB2911C3E6
Register PPI Notify: 605EA650-C65C-42E1-BA80-91A52AB618C6
DiscoverPeimsAndOrderWithApriori(): Found 0x9 PEI FFS files in the 0th FV
Loading PEIM 9B3ADA4F-AE56-4C24-8DEA-F03B7558AE50
Loading PEIM at 0x0000083CAC0 EntryPoint=0x0000083FB5E PcdPeim.efi
Install PPI: 06E81C58-4AD7-44BC-8390-F10265F72480
Install PPI: 01F34D25-4DE2-23AD-3FF3-36353FF323F1
Install PPI: 4D8B155B-C059-4C8F-8926-06FD4331DB8A
Install PPI: A60C6B59-E459-425D-9C69-0BCC9CB27D81
Register PPI Notify: 605EA650-C65C-42E1-BA80-91A52AB618C6
Loading PEIM A3610442-E69F-4DF3-82CA-2360C4031A23
Loading PEIM at 0x00000841640 EntryPoint=0x00000842978 ReportStatusCodeRouterPei.efi
Install PPI: 0065D394-9951-4144-82A3-0AFC8579C251
Install PPI: 229832D3-7A30-4B36-B827-F40CB7D45436
Loading PEIM 9D225237-FA01-464C-A949-BAABC02D31D0
Loading PEIM at 0x000008436C0 EntryPoint=0x000008448B7 StatusCodeHandlerPei.efi
Loading PEIM FCB3A3D6-6274-411C-A548-BD0E717D533A
Loading PEIM at 0x000008455C0 EntryPoint=0x000008472F4 TdTcg2Pei.efi
Loading PEIM 222C386D-5ABC-4FB4-B124-FBB82488ACF4
Loading PEIM at 0x000008489C0 EntryPoint=0x000008550DC PlatformPei.efi
Platform PEIM Loaded
Select Item: 0x0
Select Item: 0x1
QemuFwCfgProbe: Supported 1, DMA 1
Select Item: 0x19
Select Item: 0x19
Select Item: 0x19
Select Item: 0x19
Select Item: 0x19
Select Item: 0x19
Select Item: 0x19
Select Item: 0x19
Select Item: 0x0
Cache FwCfg Name: QemuFwCfgSignature Item:0x0 Size: 0x4 
Select Item: 0x1
Cache FwCfg Name: QemuFwCfgInterfaceVersion Item:0x1 Size: 0x4 
Select Item: 0x19
Cache FwCfg Name: QemuFwCfgFileDri Item:0x19 Size: 0x404 
Select Item: 0x25
Cache FwCfg Name: etc/e820 Item:0x25 Size: 0x3C 
Select Item: 0x2B
Cache FwCfg Name: etc/system-states Item:0x2B Size: 0x6 
Select Item: 0xE
Cache FwCfg Name: BootMenu Item:0xE Size: 0x2 
Select Item: 0x21
Cache FwCfg Name: bootorder Item:0x21 Size: 0x48 
QemuFwCfgInitCache Pass!!!
CMOS:
00: 44 00 21 00 13 00 01 03 05 26 26 02 10 80 00 00
10: 00 00 00 00 06 80 02 FF FF 00 00 00 00 00 00 00
20: 00 00 00 00 00 00 00 00 00 00 00 00 00 00 00 00
30: FF FF 20 00 00 7F 00 20 30 00 00 00 00 12 00 00
40: 00 00 00 00 00 00 00 00 00 00 00 00 00 00 00 00
50: 00 00 00 00 00 00 00 00 00 00 00 00 80 01 00 0F
60: 00 00 00 00 00 00 00 00 00 00 00 00 00 00 00 00
70: 00 00 00 00 00 00 00 00 00 00 00 00 00 00 00 00
Select Item: 0x19
Select Item: 0x2B
S3 support was detected on QEMU
Install PPI: 7408D748-FC8C-4EE6-9288-C4BEC092A410
Select Item: 0x19
Select Item: 0x19
Select Item: 0x25
PlatformGetFirstNonAddressCB: FirstNonAddress=0x280000000
Select Item: 0x19
Select Item: 0x19
PlatformSetupPagingLevel: using 4-level paging (PcdUse5LevelPageTable disabled)
PlatformAddressWidthFromCpuid: Signature: 'AuthenticAMD', PhysBits: 48, GuestPhysBits: 0, QemuQuirk: On, la57: Off, Valid: Yes
PlatformAddressWidthFromCpuid: limit PhysBits to 46 (4-level paging)
PlatformDynamicMmioWindow: using dynamic mmio window
PlatformDynamicMmioWindow:   Addr Space 0x400000000000 (65536 GB)
PlatformDynamicMmioWindow:   MMIO Space 0x80000000000 (8192 GB)
Select Item: 0x19
Select Item: 0x25
PlatformDynamicMmioWindow:   Pci64 Base 0x380000000000
PlatformDynamicMmioWindow:   Pci64 Size 0x80000000000
AddressWidthInitialization: Pci64Base=0x380000000000 Pci64Size=0x80000000000
Select Item: 0x5
PlatformMaxCpuCountInitialization: BootCpuCount=16 MaxCpuCount=16
Select Item: 0x19
Select Item: 0x25
PlatformGetLowMemoryCB: LowMemory=0x80000000
GetPeiMemoryCap: page tables:    520 KB (1/1/128/0 pages for levels 5/4/3/2)
GetPeiMemoryCap: ap stacks:      512 KB (16 cpus)
GetPeiMemoryCap: memory cap:   66568 KB
PublishPeiMemory: PhysMemAddressWidth=46 PeiMemoryCap=66568 KB
PeiInstallPeiMemory MemoryBegin 0x7BDFE000, MemoryLength 0x4102000
Select Item: 0x19
Select Item: 0x25
PlatformQemuInitializeRam called
PlatformIgvmParamReserve: 0x812000 +0x1000
Select Item: 0x19
Select Item: 0x25
Select Item: 0x19
Select Item: 0x25
PlatformAddHobCB: Reserved [0xFEFFC000, 0xFF000000)
PlatformAddHobCB: HighMemory [0x100000000, 0x280000000)  